{
	"start":	{
		"connected":	[{
				"socket":	6,
				"local_host":	"10.20.15.3",
				"local_port":	58287,
				"remote_host":	"10.20.15.2",
				"remote_port":	5201
			}],
		"version":	"iperf 3.7",
		"system_info":	"Linux node2 5.8.0-1006-raspi #9-Ubuntu SMP PREEMPT Fri Oct 16 12:55:30 UTC 2020 aarch64",
		"timestamp":	{
			"time":	"Sun, 08 Aug 2021 12:05:07 GMT",
			"timesecs":	1628424307
		},
		"connecting_to":	{
			"host":	"10.20.15.2",
			"port":	5201
		},
		"cookie":	"yyxwmom7nydgbz4wqlvspxmi6p6uvekoceql",
		"sock_bufsize":	0,
		"sndbuf_actual":	212992,
		"rcvbuf_actual":	212992,
		"test_start":	{
			"protocol":	"UDP",
			"num_streams":	1,
			"blksize":	1448,
			"omit":	0,
			"duration":	30,
			"bytes":	0,
			"blocks":	0,
			"reverse":	0,
			"tos":	0
		}
	},
	"intervals":	[{
			"streams":	[{
					"socket":	6,
					"start":	0,
					"end":	10.000077,
					"seconds":	10.000077247619629,
					"bytes":	6237984,
					"bits_per_second":	4990348.6507445611,
					"packets":	4308,
					"omitted":	false,
					"sender":	true
				}],
			"sum":	{
				"start":	0,
				"end":	10.000077,
				"seconds":	10.000077247619629,
				"bytes":	6237984,
				"bits_per_second":	4990348.6507445611,
				"packets":	4308,
				"omitted":	false,
				"sender":	true
			}
		}, {
			"streams":	[{
					"socket":	6,
					"start":	10.000077,
					"end":	20.000156,
					"seconds":	10.000079154968262,
					"bytes":	2221232,
					"bits_per_second":	1776971.5343874593,
					"packets":	1534,
					"omitted":	false,
					"sender":	true
				}],
			"sum":	{
				"start":	10.000077,
				"end":	20.000156,
				"seconds":	10.000079154968262,
				"bytes":	2221232,
				"bits_per_second":	1776971.5343874593,
				"packets":	1534,
				"omitted":	false,
				"sender":	true
			}
		}, {
			"streams":	[{
					"socket":	6,
					"start":	20.000156,
					"end":	30.00011,
					"seconds":	9.9999542236328125,
					"bytes":	3111752,
					"bits_per_second":	2489412.9956283369,
					"packets":	2149,
					"omitted":	false,
					"sender":	true
				}],
			"sum":	{
				"start":	20.000156,
				"end":	30.00011,
				"seconds":	9.9999542236328125,
				"bytes":	3111752,
				"bits_per_second":	2489412.9956283369,
				"packets":	2149,
				"omitted":	false,
				"sender":	true
			}
		}],
	"end":	{
		"streams":	[{
				"udp":	{
					"socket":	6,
					"start":	0,
					"end":	30.00011,
					"seconds":	30.00011,
					"bytes":	11570968,
					"bits_per_second":	3085580.1528727729,
					"jitter_ms":	2.9789967321883619,
					"lost_packets":	4555,
					"packets":	7991,
					"lost_percent":	57.001626830183959,
					"out_of_order":	0,
					"sender":	true
				}
			}],
		"sum":	{
			"start":	0,
			"end":	30.027048,
			"seconds":	30.027048,
			"bytes":	11570968,
			"bits_per_second":	3085580.1528727729,
			"jitter_ms":	2.9789967321883619,
			"lost_packets":	4555,
			"packets":	7991,
			"lost_percent":	57.001626830183959,
			"sender":	true
		},
		"cpu_utilization_percent":	{
			"host_total":	5.5370731556463637,
			"host_user":	0.37680791017686943,
			"host_system":	5.160258580608561,
			"remote_total":	0.56911287865327254,
			"remote_user":	0.018303933977753414,
			"remote_system":	0.55080894467551911
		}
	}
}
