{
	"start":	{
		"connected":	[{
				"socket":	6,
				"local_host":	"10.20.15.3",
				"local_port":	55870,
				"remote_host":	"10.20.15.2",
				"remote_port":	5201
			}],
		"version":	"iperf 3.7",
		"system_info":	"Linux node2 5.8.0-1006-raspi #9-Ubuntu SMP PREEMPT Fri Oct 16 12:55:30 UTC 2020 aarch64",
		"timestamp":	{
			"time":	"Sun, 08 Aug 2021 10:22:03 GMT",
			"timesecs":	1628418123
		},
		"connecting_to":	{
			"host":	"10.20.15.2",
			"port":	5201
		},
		"cookie":	"jcuqot3ffzoqga63uvllpx47hlrgkgrtnhb6",
		"sock_bufsize":	0,
		"sndbuf_actual":	212992,
		"rcvbuf_actual":	212992,
		"test_start":	{
			"protocol":	"UDP",
			"num_streams":	1,
			"blksize":	1448,
			"omit":	0,
			"duration":	30,
			"bytes":	0,
			"blocks":	0,
			"reverse":	0,
			"tos":	0
		}
	},
	"intervals":	[{
			"streams":	[{
					"socket":	6,
					"start":	0,
					"end":	10.000078,
					"seconds":	10.000078201293945,
					"bytes":	49463680,
					"bits_per_second":	39570634.552517578,
					"packets":	34160,
					"omitted":	false,
					"sender":	true
				}],
			"sum":	{
				"start":	0,
				"end":	10.000078,
				"seconds":	10.000078201293945,
				"bytes":	49463680,
				"bits_per_second":	39570634.552517578,
				"packets":	34160,
				"omitted":	false,
				"sender":	true
			}
		}, {
			"streams":	[{
					"socket":	6,
					"start":	10.000078,
					"end":	20.000078,
					"seconds":	10,
					"bytes":	47566800,
					"bits_per_second":	38053440,
					"packets":	32850,
					"omitted":	false,
					"sender":	true
				}],
			"sum":	{
				"start":	10.000078,
				"end":	20.000078,
				"seconds":	10,
				"bytes":	47566800,
				"bits_per_second":	38053440,
				"packets":	32850,
				"omitted":	false,
				"sender":	true
			}
		}, {
			"streams":	[{
					"socket":	6,
					"start":	20.000078,
					"end":	30.000115,
					"seconds":	10.00003719329834,
					"bytes":	49536080,
					"bits_per_second":	39628716.607732035,
					"packets":	34210,
					"omitted":	false,
					"sender":	true
				}],
			"sum":	{
				"start":	20.000078,
				"end":	30.000115,
				"seconds":	10.00003719329834,
				"bytes":	49536080,
				"bits_per_second":	39628716.607732035,
				"packets":	34210,
				"omitted":	false,
				"sender":	true
			}
		}],
	"end":	{
		"streams":	[{
				"udp":	{
					"socket":	6,
					"start":	0,
					"end":	30.000115,
					"seconds":	30.000115,
					"bytes":	146566560,
					"bits_per_second":	39084266.176979654,
					"jitter_ms":	0.19191719980469424,
					"lost_packets":	3492,
					"packets":	101220,
					"lost_percent":	3.4499110847658567,
					"out_of_order":	0,
					"sender":	true
				}
			}],
		"sum":	{
			"start":	0,
			"end":	30.003941,
			"seconds":	30.003941,
			"bytes":	146566560,
			"bits_per_second":	39084266.176979654,
			"jitter_ms":	0.19191719980469424,
			"lost_packets":	3492,
			"packets":	101220,
			"lost_percent":	3.4499110847658567,
			"sender":	true
		},
		"cpu_utilization_percent":	{
			"host_total":	22.941004254865351,
			"host_user":	1.7646385447310737,
			"host_system":	21.17636904270945,
			"remote_total":	14.599507743444097,
			"remote_user":	1.4322462259603315,
			"remote_system":	13.167254854292839
		}
	}
}
