{
	"start":	{
		"connected":	[{
				"socket":	6,
				"local_host":	"10.20.15.3",
				"local_port":	32891,
				"remote_host":	"10.20.15.2",
				"remote_port":	5201
			}],
		"version":	"iperf 3.7",
		"system_info":	"Linux node2 5.8.0-1006-raspi #9-Ubuntu SMP PREEMPT Fri Oct 16 12:55:30 UTC 2020 aarch64",
		"timestamp":	{
			"time":	"Sun, 08 Aug 2021 10:48:35 GMT",
			"timesecs":	1628419715
		},
		"connecting_to":	{
			"host":	"10.20.15.2",
			"port":	5201
		},
		"cookie":	"fbzx5csh6wuavufpegdbbhzelk5ajnjwanla",
		"sock_bufsize":	0,
		"sndbuf_actual":	212992,
		"rcvbuf_actual":	212992,
		"test_start":	{
			"protocol":	"UDP",
			"num_streams":	1,
			"blksize":	1448,
			"omit":	0,
			"duration":	30,
			"bytes":	0,
			"blocks":	0,
			"reverse":	0,
			"tos":	0
		}
	},
	"intervals":	[{
			"streams":	[{
					"socket":	6,
					"start":	0,
					"end":	10.000095,
					"seconds":	10.000095367431641,
					"bytes":	4204992,
					"bits_per_second":	3363961.518762982,
					"packets":	2904,
					"omitted":	false,
					"sender":	true
				}],
			"sum":	{
				"start":	0,
				"end":	10.000095,
				"seconds":	10.000095367431641,
				"bytes":	4204992,
				"bits_per_second":	3363961.518762982,
				"packets":	2904,
				"omitted":	false,
				"sender":	true
			}
		}, {
			"streams":	[{
					"socket":	6,
					"start":	10.000095,
					"end":	20.000087,
					"seconds":	9.9999923706054688,
					"bytes":	2061952,
					"bits_per_second":	1649562.8585165851,
					"packets":	1424,
					"omitted":	false,
					"sender":	true
				}],
			"sum":	{
				"start":	10.000095,
				"end":	20.000087,
				"seconds":	9.9999923706054688,
				"bytes":	2061952,
				"bits_per_second":	1649562.8585165851,
				"packets":	1424,
				"omitted":	false,
				"sender":	true
			}
		}, {
			"streams":	[{
					"socket":	6,
					"start":	20.000087,
					"end":	30.000101,
					"seconds":	10.000014305114746,
					"bytes":	9186112,
					"bits_per_second":	7348879.08734414,
					"packets":	6344,
					"omitted":	false,
					"sender":	true
				}],
			"sum":	{
				"start":	20.000087,
				"end":	30.000101,
				"seconds":	10.000014305114746,
				"bytes":	9186112,
				"bits_per_second":	7348879.08734414,
				"packets":	6344,
				"omitted":	false,
				"sender":	true
			}
		}],
	"end":	{
		"streams":	[{
				"udp":	{
					"socket":	6,
					"start":	0,
					"end":	30.000101,
					"seconds":	30.000101,
					"bytes":	15453056,
					"bits_per_second":	4120801.0599697647,
					"jitter_ms":	0.24907639211880794,
					"lost_packets":	3966,
					"packets":	10672,
					"lost_percent":	37.162668665667169,
					"out_of_order":	0,
					"sender":	true
				}
			}],
		"sum":	{
			"start":	0,
			"end":	30.003923,
			"seconds":	30.003923,
			"bytes":	15453056,
			"bits_per_second":	4120801.0599697647,
			"jitter_ms":	0.24907639211880794,
			"lost_packets":	3966,
			"packets":	10672,
			"lost_percent":	37.162668665667169,
			"sender":	true
		},
		"cpu_utilization_percent":	{
			"host_total":	6.0453385309727823,
			"host_user":	0.37895195971585033,
			"host_system":	5.6663832386392228,
			"remote_total":	1.0456139782798068,
			"remote_user":	0.12039420139684591,
			"remote_system":	0.9252231082111676
		}
	}
}
