{
	"start":	{
		"connected":	[{
				"socket":	6,
				"local_host":	"10.20.15.3",
				"local_port":	54453,
				"remote_host":	"10.20.15.2",
				"remote_port":	5201
			}],
		"version":	"iperf 3.7",
		"system_info":	"Linux node2 5.8.0-1006-raspi #9-Ubuntu SMP PREEMPT Fri Oct 16 12:55:30 UTC 2020 aarch64",
		"timestamp":	{
			"time":	"Sun, 08 Aug 2021 11:09:54 GMT",
			"timesecs":	1628420994
		},
		"connecting_to":	{
			"host":	"10.20.15.2",
			"port":	5201
		},
		"cookie":	"aepei657if64jdohf66f72d6m7l36ia6xmhl",
		"sock_bufsize":	0,
		"sndbuf_actual":	212992,
		"rcvbuf_actual":	212992,
		"test_start":	{
			"protocol":	"UDP",
			"num_streams":	1,
			"blksize":	1448,
			"omit":	0,
			"duration":	30,
			"bytes":	0,
			"blocks":	0,
			"reverse":	0,
			"tos":	0
		}
	},
	"intervals":	[{
			"streams":	[{
					"socket":	6,
					"start":	0,
					"end":	10.000117,
					"seconds":	10.000117301940918,
					"bytes":	4054400,
					"bits_per_second":	3243481.9533271543,
					"packets":	2800,
					"omitted":	false,
					"sender":	true
				}],
			"sum":	{
				"start":	0,
				"end":	10.000117,
				"seconds":	10.000117301940918,
				"bytes":	4054400,
				"bits_per_second":	3243481.9533271543,
				"packets":	2800,
				"omitted":	false,
				"sender":	true
			}
		}, {
			"streams":	[{
					"socket":	6,
					"start":	10.000117,
					"end":	20.000088,
					"seconds":	9.9999713897705078,
					"bytes":	1624656,
					"bits_per_second":	1299728.5185531194,
					"packets":	1122,
					"omitted":	false,
					"sender":	true
				}],
			"sum":	{
				"start":	10.000117,
				"end":	20.000088,
				"seconds":	9.9999713897705078,
				"bytes":	1624656,
				"bits_per_second":	1299728.5185531194,
				"packets":	1122,
				"omitted":	false,
				"sender":	true
			}
		}, {
			"streams":	[{
					"socket":	6,
					"start":	20.000088,
					"end":	30.000138,
					"seconds":	10.000049591064453,
					"bytes":	8279664,
					"bits_per_second":	6623698.3523748089,
					"packets":	5718,
					"omitted":	false,
					"sender":	true
				}],
			"sum":	{
				"start":	20.000088,
				"end":	30.000138,
				"seconds":	10.000049591064453,
				"bytes":	8279664,
				"bits_per_second":	6623698.3523748089,
				"packets":	5718,
				"omitted":	false,
				"sender":	true
			}
		}],
	"end":	{
		"streams":	[{
				"udp":	{
					"socket":	6,
					"start":	0,
					"end":	30.000138,
					"seconds":	30.000138,
					"bytes":	13958720,
					"bits_per_second":	3722308.210715564,
					"jitter_ms":	0.3422487678863384,
					"lost_packets":	3062,
					"packets":	9640,
					"lost_percent":	31.763485477178424,
					"out_of_order":	0,
					"sender":	true
				}
			}],
		"sum":	{
			"start":	0,
			"end":	30.004494,
			"seconds":	30.004494,
			"bytes":	13958720,
			"bits_per_second":	3722308.210715564,
			"jitter_ms":	0.3422487678863384,
			"lost_packets":	3062,
			"packets":	9640,
			"lost_percent":	31.763485477178424,
			"sender":	true
		},
		"cpu_utilization_percent":	{
			"host_total":	5.968226608003687,
			"host_user":	0.57929108845622079,
			"host_system":	5.38893885229257,
			"remote_total":	1.0163795571101659,
			"remote_user":	0.092174321174287588,
			"remote_system":	0.92419190968855491
		}
	}
}
