{
	"start":	{
		"connected":	[{
				"socket":	6,
				"local_host":	"10.20.15.3",
				"local_port":	33804,
				"remote_host":	"10.20.15.2",
				"remote_port":	5201
			}],
		"version":	"iperf 3.7",
		"system_info":	"Linux node2 5.8.0-1006-raspi #9-Ubuntu SMP PREEMPT Fri Oct 16 12:55:30 UTC 2020 aarch64",
		"timestamp":	{
			"time":	"Sun, 08 Aug 2021 13:32:28 GMT",
			"timesecs":	1628429548
		},
		"connecting_to":	{
			"host":	"10.20.15.2",
			"port":	5201
		},
		"cookie":	"76zzazjln23bttp7mzif4gvghk7jpk6gce3g",
		"sock_bufsize":	0,
		"sndbuf_actual":	212992,
		"rcvbuf_actual":	212992,
		"test_start":	{
			"protocol":	"UDP",
			"num_streams":	1,
			"blksize":	1448,
			"omit":	0,
			"duration":	30,
			"bytes":	0,
			"blocks":	0,
			"reverse":	0,
			"tos":	0
		}
	},
	"intervals":	[{
			"streams":	[{
					"socket":	6,
					"start":	0,
					"end":	10.000101,
					"seconds":	10.000101089477539,
					"bytes":	13561968,
					"bits_per_second":	10849464.723327953,
					"packets":	9366,
					"omitted":	false,
					"sender":	true
				}],
			"sum":	{
				"start":	0,
				"end":	10.000101,
				"seconds":	10.000101089477539,
				"bytes":	13561968,
				"bits_per_second":	10849464.723327953,
				"packets":	9366,
				"omitted":	false,
				"sender":	true
			}
		}, {
			"streams":	[{
					"socket":	6,
					"start":	10.000101,
					"end":	20.000102,
					"seconds":	10.000000953674316,
					"bytes":	3685160,
					"bits_per_second":	2948127.7188446312,
					"packets":	2545,
					"omitted":	false,
					"sender":	true
				}],
			"sum":	{
				"start":	10.000101,
				"end":	20.000102,
				"seconds":	10.000000953674316,
				"bytes":	3685160,
				"bits_per_second":	2948127.7188446312,
				"packets":	2545,
				"omitted":	false,
				"sender":	true
			}
		}, {
			"streams":	[{
					"socket":	6,
					"start":	20.000102,
					"end":	30.000128,
					"seconds":	10.000025749206543,
					"bytes":	3166776,
					"bits_per_second":	2533414.2766592531,
					"packets":	2187,
					"omitted":	false,
					"sender":	true
				}],
			"sum":	{
				"start":	20.000102,
				"end":	30.000128,
				"seconds":	10.000025749206543,
				"bytes":	3166776,
				"bits_per_second":	2533414.2766592531,
				"packets":	2187,
				"omitted":	false,
				"sender":	true
			}
		}],
	"end":	{
		"streams":	[{
				"udp":	{
					"socket":	6,
					"start":	0,
					"end":	30.000128,
					"seconds":	30.000128,
					"bytes":	20413904,
					"bits_per_second":	5443684.5069461036,
					"jitter_ms":	24.110306409896296,
					"lost_packets":	4283,
					"packets":	14098,
					"lost_percent":	30.380195772449994,
					"out_of_order":	0,
					"sender":	true
				}
			}],
		"sum":	{
			"start":	0,
			"end":	30.304219,
			"seconds":	30.304219,
			"bytes":	20413904,
			"bits_per_second":	5443684.5069461036,
			"jitter_ms":	24.110306409896296,
			"lost_packets":	4283,
			"packets":	14098,
			"lost_percent":	30.380195772449994,
			"sender":	true
		},
		"cpu_utilization_percent":	{
			"host_total":	7.3572349491530309,
			"host_user":	0.65113894886913393,
			"host_system":	6.7061026582825161,
			"remote_total":	1.5785286032093104,
			"remote_user":	0.16500310431795784,
			"remote_system":	1.413528783188811
		}
	}
}
