{
	"start":	{
		"connected":	[{
				"socket":	6,
				"local_host":	"10.20.15.3",
				"local_port":	56708,
				"remote_host":	"10.20.15.2",
				"remote_port":	5201
			}],
		"version":	"iperf 3.7",
		"system_info":	"Linux node2 5.8.0-1006-raspi #9-Ubuntu SMP PREEMPT Fri Oct 16 12:55:30 UTC 2020 aarch64",
		"timestamp":	{
			"time":	"Sun, 08 Aug 2021 13:13:32 GMT",
			"timesecs":	1628428412
		},
		"connecting_to":	{
			"host":	"10.20.15.2",
			"port":	5201
		},
		"cookie":	"d6v267dr4zudzcjyga5itq7wtfcn5qanildd",
		"sock_bufsize":	0,
		"sndbuf_actual":	212992,
		"rcvbuf_actual":	212992,
		"test_start":	{
			"protocol":	"UDP",
			"num_streams":	1,
			"blksize":	1448,
			"omit":	0,
			"duration":	30,
			"bytes":	0,
			"blocks":	0,
			"reverse":	0,
			"tos":	0
		}
	},
	"intervals":	[{
			"streams":	[{
					"socket":	6,
					"start":	0,
					"end":	10.000106,
					"seconds":	10.000105857849121,
					"bytes":	17914656,
					"bits_per_second":	14331573.089049827,
					"packets":	12372,
					"omitted":	false,
					"sender":	true
				}],
			"sum":	{
				"start":	0,
				"end":	10.000106,
				"seconds":	10.000105857849121,
				"bytes":	17914656,
				"bits_per_second":	14331573.089049827,
				"packets":	12372,
				"omitted":	false,
				"sender":	true
			}
		}, {
			"streams":	[{
					"socket":	6,
					"start":	10.000106,
					"end":	20.000089,
					"seconds":	9.9999828338623047,
					"bytes":	12462936,
					"bits_per_second":	9970365.9152674172,
					"packets":	8607,
					"omitted":	false,
					"sender":	true
				}],
			"sum":	{
				"start":	10.000106,
				"end":	20.000089,
				"seconds":	9.9999828338623047,
				"bytes":	12462936,
				"bits_per_second":	9970365.9152674172,
				"packets":	8607,
				"omitted":	false,
				"sender":	true
			}
		}, {
			"streams":	[{
					"socket":	6,
					"start":	20.000089,
					"end":	30.000127,
					"seconds":	10.000038146972656,
					"bytes":	13690840,
					"bits_per_second":	10952630.219031451,
					"packets":	9455,
					"omitted":	false,
					"sender":	true
				}],
			"sum":	{
				"start":	20.000089,
				"end":	30.000127,
				"seconds":	10.000038146972656,
				"bytes":	13690840,
				"bits_per_second":	10952630.219031451,
				"packets":	9455,
				"omitted":	false,
				"sender":	true
			}
		}],
	"end":	{
		"streams":	[{
				"udp":	{
					"socket":	6,
					"start":	0,
					"end":	30.000127,
					"seconds":	30.000127,
					"bytes":	44068432,
					"bits_per_second":	11751532.118514031,
					"jitter_ms":	0.63145614352460211,
					"lost_packets":	13305,
					"packets":	30434,
					"lost_percent":	43.717552737070385,
					"out_of_order":	0,
					"sender":	true
				}
			}],
		"sum":	{
			"start":	0,
			"end":	30.00454,
			"seconds":	30.00454,
			"bytes":	44068432,
			"bits_per_second":	11751532.118514031,
			"jitter_ms":	0.63145614352460211,
			"lost_packets":	13305,
			"packets":	30434,
			"lost_percent":	43.717552737070385,
			"sender":	true
		},
		"cpu_utilization_percent":	{
			"host_total":	9.346125749995668,
			"host_user":	0.812104840096458,
			"host_system":	8.5340242424727162,
			"remote_total":	2.8749295067298277,
			"remote_user":	0.3416289839211884,
			"remote_system":	2.5333038540518391
		}
	}
}
