{
	"start":	{
		"connected":	[{
				"socket":	6,
				"local_host":	"10.20.15.3",
				"local_port":	55845,
				"remote_host":	"10.20.15.2",
				"remote_port":	5201
			}],
		"version":	"iperf 3.7",
		"system_info":	"Linux node2 5.8.0-1006-raspi #9-Ubuntu SMP PREEMPT Fri Oct 16 12:55:30 UTC 2020 aarch64",
		"timestamp":	{
			"time":	"Sun, 08 Aug 2021 10:38:34 GMT",
			"timesecs":	1628419114
		},
		"connecting_to":	{
			"host":	"10.20.15.2",
			"port":	5201
		},
		"cookie":	"2va7a7rawd7zb2zvicckj277nvegagdoan6r",
		"sock_bufsize":	0,
		"sndbuf_actual":	212992,
		"rcvbuf_actual":	212992,
		"test_start":	{
			"protocol":	"UDP",
			"num_streams":	1,
			"blksize":	1448,
			"omit":	0,
			"duration":	30,
			"bytes":	0,
			"blocks":	0,
			"reverse":	0,
			"tos":	0
		}
	},
	"intervals":	[{
			"streams":	[{
					"socket":	6,
					"start":	0,
					"end":	10.0001,
					"seconds":	10.000100135803223,
					"bytes":	38046200,
					"bits_per_second":	30436655.220108211,
					"packets":	26275,
					"omitted":	false,
					"sender":	true
				}],
			"sum":	{
				"start":	0,
				"end":	10.0001,
				"seconds":	10.000100135803223,
				"bytes":	38046200,
				"bits_per_second":	30436655.220108211,
				"packets":	26275,
				"omitted":	false,
				"sender":	true
			}
		}, {
			"streams":	[{
					"socket":	6,
					"start":	10.0001,
					"end":	20.000083,
					"seconds":	9.9999828338623047,
					"bytes":	37523472,
					"bits_per_second":	30018829.130735431,
					"packets":	25914,
					"omitted":	false,
					"sender":	true
				}],
			"sum":	{
				"start":	10.0001,
				"end":	20.000083,
				"seconds":	9.9999828338623047,
				"bytes":	37523472,
				"bits_per_second":	30018829.130735431,
				"packets":	25914,
				"omitted":	false,
				"sender":	true
			}
		}, {
			"streams":	[{
					"socket":	6,
					"start":	20.000083,
					"end":	30.000544,
					"seconds":	10.000460624694824,
					"bytes":	38477704,
					"bits_per_second":	30780745.362856079,
					"packets":	26573,
					"omitted":	false,
					"sender":	true
				}],
			"sum":	{
				"start":	20.000083,
				"end":	30.000544,
				"seconds":	10.000460624694824,
				"bytes":	38477704,
				"bits_per_second":	30780745.362856079,
				"packets":	26573,
				"omitted":	false,
				"sender":	true
			}
		}],
	"end":	{
		"streams":	[{
				"udp":	{
					"socket":	6,
					"start":	0,
					"end":	30.000544,
					"seconds":	30.000544,
					"bytes":	114047376,
					"bits_per_second":	30412082.12757742,
					"jitter_ms":	0.2549551297995214,
					"lost_packets":	6772,
					"packets":	78762,
					"lost_percent":	8.59805489957086,
					"out_of_order":	0,
					"sender":	true
				}
			}],
		"sum":	{
			"start":	0,
			"end":	30.004856,
			"seconds":	30.004856,
			"bytes":	114047376,
			"bits_per_second":	30412082.12757742,
			"jitter_ms":	0.2549551297995214,
			"lost_packets":	6772,
			"packets":	78762,
			"lost_percent":	8.59805489957086,
			"sender":	true
		},
		"cpu_utilization_percent":	{
			"host_total":	19.946015067005778,
			"host_user":	1.5868888249702378,
			"host_system":	18.359122909467697,
			"remote_total":	11.107900684480503,
			"remote_user":	1.0375996705042869,
			"remote_system":	10.070304345446258
		}
	}
}
