{
	"start":	{
		"connected":	[{
				"socket":	6,
				"local_host":	"10.20.15.3",
				"local_port":	46992,
				"remote_host":	"10.20.15.2",
				"remote_port":	5201
			}],
		"version":	"iperf 3.7",
		"system_info":	"Linux node2 5.8.0-1006-raspi #9-Ubuntu SMP PREEMPT Fri Oct 16 12:55:30 UTC 2020 aarch64",
		"timestamp":	{
			"time":	"Sun, 08 Aug 2021 13:31:27 GMT",
			"timesecs":	1628429487
		},
		"connecting_to":	{
			"host":	"10.20.15.2",
			"port":	5201
		},
		"cookie":	"vdzyfdgo3l6pbjmedrql3sjn6vvr4jx2qrnb",
		"sock_bufsize":	0,
		"sndbuf_actual":	212992,
		"rcvbuf_actual":	212992,
		"test_start":	{
			"protocol":	"UDP",
			"num_streams":	1,
			"blksize":	1448,
			"omit":	0,
			"duration":	30,
			"bytes":	0,
			"blocks":	0,
			"reverse":	0,
			"tos":	0
		}
	},
	"intervals":	[{
			"streams":	[{
					"socket":	6,
					"start":	0,
					"end":	10.000167,
					"seconds":	10.000166893005371,
					"bytes":	14381536,
					"bits_per_second":	11505036.788983338,
					"packets":	9932,
					"omitted":	false,
					"sender":	true
				}],
			"sum":	{
				"start":	0,
				"end":	10.000167,
				"seconds":	10.000166893005371,
				"bytes":	14381536,
				"bits_per_second":	11505036.788983338,
				"packets":	9932,
				"omitted":	false,
				"sender":	true
			}
		}, {
			"streams":	[{
					"socket":	6,
					"start":	10.000167,
					"end":	20.000089,
					"seconds":	9.9999217987060547,
					"bytes":	5156328,
					"bits_per_second":	4125094.6587739964,
					"packets":	3561,
					"omitted":	false,
					"sender":	true
				}],
			"sum":	{
				"start":	10.000167,
				"end":	20.000089,
				"seconds":	9.9999217987060547,
				"bytes":	5156328,
				"bits_per_second":	4125094.6587739964,
				"packets":	3561,
				"omitted":	false,
				"sender":	true
			}
		}, {
			"streams":	[{
					"socket":	6,
					"start":	20.000089,
					"end":	30.000133,
					"seconds":	10.000043869018555,
					"bytes":	4354136,
					"bits_per_second":	3483293.5191331976,
					"packets":	3007,
					"omitted":	false,
					"sender":	true
				}],
			"sum":	{
				"start":	20.000089,
				"end":	30.000133,
				"seconds":	10.000043869018555,
				"bytes":	4354136,
				"bits_per_second":	3483293.5191331976,
				"packets":	3007,
				"omitted":	false,
				"sender":	true
			}
		}],
	"end":	{
		"streams":	[{
				"udp":	{
					"socket":	6,
					"start":	0,
					"end":	30.000133,
					"seconds":	30.000133,
					"bytes":	23892000,
					"bits_per_second":	6371171.7544718878,
					"jitter_ms":	21.672495734185027,
					"lost_packets":	5259,
					"packets":	16500,
					"lost_percent":	31.872727272727271,
					"out_of_order":	0,
					"sender":	true
				}
			}],
		"sum":	{
			"start":	0,
			"end":	30.248733,
			"seconds":	30.248733,
			"bytes":	23892000,
			"bits_per_second":	6371171.7544718878,
			"jitter_ms":	21.672495734185027,
			"lost_packets":	5259,
			"packets":	16500,
			"lost_percent":	31.872727272727271,
			"sender":	true
		},
		"cpu_utilization_percent":	{
			"host_total":	7.4460673011267104,
			"host_user":	0.86295846822000721,
			"host_system":	6.5831254773630068,
			"remote_total":	1.8759794470896454,
			"remote_user":	0.16894250134928529,
			"remote_system":	1.7069907288609854
		}
	}
}
