{
	"start":	{
		"connected":	[{
				"socket":	6,
				"local_host":	"10.20.15.3",
				"local_port":	56911,
				"remote_host":	"10.20.15.2",
				"remote_port":	5201
			}],
		"version":	"iperf 3.7",
		"system_info":	"Linux node2 5.8.0-1006-raspi #9-Ubuntu SMP PREEMPT Fri Oct 16 12:55:30 UTC 2020 aarch64",
		"timestamp":	{
			"time":	"Sun, 08 Aug 2021 10:23:03 GMT",
			"timesecs":	1628418183
		},
		"connecting_to":	{
			"host":	"10.20.15.2",
			"port":	5201
		},
		"cookie":	"tecuhgk2qy5mhunlogxmgph4jigep62nnw4g",
		"sock_bufsize":	0,
		"sndbuf_actual":	212992,
		"rcvbuf_actual":	212992,
		"test_start":	{
			"protocol":	"UDP",
			"num_streams":	1,
			"blksize":	1448,
			"omit":	0,
			"duration":	30,
			"bytes":	0,
			"blocks":	0,
			"reverse":	0,
			"tos":	0
		}
	},
	"intervals":	[{
			"streams":	[{
					"socket":	6,
					"start":	0,
					"end":	10.000093,
					"seconds":	10.000093460083008,
					"bytes":	45733632,
					"bits_per_second":	36586563.661672324,
					"packets":	31584,
					"omitted":	false,
					"sender":	true
				}],
			"sum":	{
				"start":	0,
				"end":	10.000093,
				"seconds":	10.000093460083008,
				"bytes":	45733632,
				"bits_per_second":	36586563.661672324,
				"packets":	31584,
				"omitted":	false,
				"sender":	true
			}
		}, {
			"streams":	[{
					"socket":	6,
					"start":	10.000093,
					"end":	20.00009,
					"seconds":	9.99999713897705,
					"bytes":	43729600,
					"bits_per_second":	34983690.008913994,
					"packets":	30200,
					"omitted":	false,
					"sender":	true
				}],
			"sum":	{
				"start":	10.000093,
				"end":	20.00009,
				"seconds":	9.99999713897705,
				"bytes":	43729600,
				"bits_per_second":	34983690.008913994,
				"packets":	30200,
				"omitted":	false,
				"sender":	true
			}
		}, {
			"streams":	[{
					"socket":	6,
					"start":	20.00009,
					"end":	30.000112,
					"seconds":	10.000021934509277,
					"bytes":	46751576,
					"bits_per_second":	37401178.762349747,
					"packets":	32287,
					"omitted":	false,
					"sender":	true
				}],
			"sum":	{
				"start":	20.00009,
				"end":	30.000112,
				"seconds":	10.000021934509277,
				"bytes":	46751576,
				"bits_per_second":	37401178.762349747,
				"packets":	32287,
				"omitted":	false,
				"sender":	true
			}
		}],
	"end":	{
		"streams":	[{
				"udp":	{
					"socket":	6,
					"start":	0,
					"end":	30.000112,
					"seconds":	30.000112,
					"bytes":	136214808,
					"bits_per_second":	36323813.191097416,
					"jitter_ms":	0.26902749460115311,
					"lost_packets":	3384,
					"packets":	94071,
					"lost_percent":	3.5972829033389675,
					"out_of_order":	0,
					"sender":	true
				}
			}],
		"sum":	{
			"start":	0,
			"end":	30.010548,
			"seconds":	30.010548,
			"bytes":	136214808,
			"bits_per_second":	36323813.191097416,
			"jitter_ms":	0.26902749460115311,
			"lost_packets":	3384,
			"packets":	94071,
			"lost_percent":	3.5972829033389675,
			"sender":	true
		},
		"cpu_utilization_percent":	{
			"host_total":	21.474397972762858,
			"host_user":	1.7604685758013878,
			"host_system":	19.713922731663189,
			"remote_total":	13.859215957795518,
			"remote_user":	1.1121357838744974,
			"remote_system":	12.747076843096131
		}
	}
}
