{
	"start":	{
		"connected":	[{
				"socket":	6,
				"local_host":	"10.20.15.3",
				"local_port":	45468,
				"remote_host":	"10.20.15.2",
				"remote_port":	5201
			}],
		"version":	"iperf 3.7",
		"system_info":	"Linux node2 5.8.0-1006-raspi #9-Ubuntu SMP PREEMPT Fri Oct 16 12:55:30 UTC 2020 aarch64",
		"timestamp":	{
			"time":	"Sun, 08 Aug 2021 13:20:42 GMT",
			"timesecs":	1628428842
		},
		"connecting_to":	{
			"host":	"10.20.15.2",
			"port":	5201
		},
		"cookie":	"yfip7ow3hfkp2obtnfb6doce2xmfo5bjal7v",
		"sock_bufsize":	0,
		"sndbuf_actual":	212992,
		"rcvbuf_actual":	212992,
		"test_start":	{
			"protocol":	"UDP",
			"num_streams":	1,
			"blksize":	1448,
			"omit":	0,
			"duration":	30,
			"bytes":	0,
			"blocks":	0,
			"reverse":	0,
			"tos":	0
		}
	},
	"intervals":	[{
			"streams":	[{
					"socket":	6,
					"start":	0,
					"end":	10.000128,
					"seconds":	10.000127792358398,
					"bytes":	5050624,
					"bits_per_second":	4040447.5661676535,
					"packets":	3488,
					"omitted":	false,
					"sender":	true
				}],
			"sum":	{
				"start":	0,
				"end":	10.000128,
				"seconds":	10.000127792358398,
				"bytes":	5050624,
				"bits_per_second":	4040447.5661676535,
				"packets":	3488,
				"omitted":	false,
				"sender":	true
			}
		}, {
			"streams":	[{
					"socket":	6,
					"start":	10.000128,
					"end":	20.000108,
					"seconds":	9.9999799728393555,
					"bytes":	7964000,
					"bits_per_second":	6371212.7597301444,
					"packets":	5500,
					"omitted":	false,
					"sender":	true
				}],
			"sum":	{
				"start":	10.000128,
				"end":	20.000108,
				"seconds":	9.9999799728393555,
				"bytes":	7964000,
				"bits_per_second":	6371212.7597301444,
				"packets":	5500,
				"omitted":	false,
				"sender":	true
			}
		}, {
			"streams":	[{
					"socket":	6,
					"start":	20.000108,
					"end":	30.000126,
					"seconds":	10.000018119812012,
					"bytes":	16255248,
					"bits_per_second":	13004174.83667966,
					"packets":	11226,
					"omitted":	false,
					"sender":	true
				}],
			"sum":	{
				"start":	20.000108,
				"end":	30.000126,
				"seconds":	10.000018119812012,
				"bytes":	16255248,
				"bits_per_second":	13004174.83667966,
				"packets":	11226,
				"omitted":	false,
				"sender":	true
			}
		}],
	"end":	{
		"streams":	[{
				"udp":	{
					"socket":	6,
					"start":	0,
					"end":	30.000126,
					"seconds":	30.000126,
					"bytes":	29269872,
					"bits_per_second":	7805266.4178810446,
					"jitter_ms":	5.4017792434938912,
					"lost_packets":	6518,
					"packets":	20214,
					"lost_percent":	32.244978727614523,
					"out_of_order":	0,
					"sender":	true
				}
			}],
		"sum":	{
			"start":	0,
			"end":	30.035442,
			"seconds":	30.035442,
			"bytes":	29269872,
			"bits_per_second":	7805266.4178810446,
			"jitter_ms":	5.4017792434938912,
			"lost_packets":	6518,
			"packets":	20214,
			"lost_percent":	32.244978727614523,
			"sender":	true
		},
		"cpu_utilization_percent":	{
			"host_total":	7.7871145996057063,
			"host_user":	0.59022575726324078,
			"host_system":	7.1968855112529537,
			"remote_total":	1.8615633862560095,
			"remote_user":	0.10821445895013754,
			"remote_system":	1.753348927305872
		}
	}
}
