{
	"start":	{
		"connected":	[{
				"socket":	6,
				"local_host":	"10.20.15.3",
				"local_port":	57688,
				"remote_host":	"10.20.15.2",
				"remote_port":	5201
			}],
		"version":	"iperf 3.7",
		"system_info":	"Linux node2 5.8.0-1006-raspi #9-Ubuntu SMP PREEMPT Fri Oct 16 12:55:30 UTC 2020 aarch64",
		"timestamp":	{
			"time":	"Sun, 08 Aug 2021 10:50:35 GMT",
			"timesecs":	1628419835
		},
		"connecting_to":	{
			"host":	"10.20.15.2",
			"port":	5201
		},
		"cookie":	"n3l4otn3xlz4duolq3mg4mglmds3qxv2yqmt",
		"sock_bufsize":	0,
		"sndbuf_actual":	212992,
		"rcvbuf_actual":	212992,
		"test_start":	{
			"protocol":	"UDP",
			"num_streams":	1,
			"blksize":	1448,
			"omit":	0,
			"duration":	30,
			"bytes":	0,
			"blocks":	0,
			"reverse":	0,
			"tos":	0
		}
	},
	"intervals":	[{
			"streams":	[{
					"socket":	6,
					"start":	0,
					"end":	10.00009,
					"seconds":	10.000089645385742,
					"bytes":	2942336,
					"bits_per_second":	2353847.6988415057,
					"packets":	2032,
					"omitted":	false,
					"sender":	true
				}],
			"sum":	{
				"start":	0,
				"end":	10.00009,
				"seconds":	10.000089645385742,
				"bytes":	2942336,
				"bits_per_second":	2353847.6988415057,
				"packets":	2032,
				"omitted":	false,
				"sender":	true
			}
		}, {
			"streams":	[{
					"socket":	6,
					"start":	10.00009,
					"end":	20.000087,
					"seconds":	9.99999713897705,
					"bytes":	2059056,
					"bits_per_second":	1647245.2712806524,
					"packets":	1422,
					"omitted":	false,
					"sender":	true
				}],
			"sum":	{
				"start":	10.00009,
				"end":	20.000087,
				"seconds":	9.99999713897705,
				"bytes":	2059056,
				"bits_per_second":	1647245.2712806524,
				"packets":	1422,
				"omitted":	false,
				"sender":	true
			}
		}, {
			"streams":	[{
					"socket":	6,
					"start":	20.000087,
					"end":	30.000144,
					"seconds":	10.000057220458984,
					"bytes":	10170752,
					"bits_per_second":	8136555.0422585933,
					"packets":	7024,
					"omitted":	false,
					"sender":	true
				}],
			"sum":	{
				"start":	20.000087,
				"end":	30.000144,
				"seconds":	10.000057220458984,
				"bytes":	10170752,
				"bits_per_second":	8136555.0422585933,
				"packets":	7024,
				"omitted":	false,
				"sender":	true
			}
		}],
	"end":	{
		"streams":	[{
				"udp":	{
					"socket":	6,
					"start":	0,
					"end":	30.000144,
					"seconds":	30.000144,
					"bytes":	15172144,
					"bits_per_second":	4045885.6464155642,
					"jitter_ms":	0.53153470296268646,
					"lost_packets":	4229,
					"packets":	10478,
					"lost_percent":	40.36075586944073,
					"out_of_order":	0,
					"sender":	true
				}
			}],
		"sum":	{
			"start":	0,
			"end":	30.003416,
			"seconds":	30.003416,
			"bytes":	15172144,
			"bits_per_second":	4045885.6464155642,
			"jitter_ms":	0.53153470296268646,
			"lost_packets":	4229,
			"packets":	10478,
			"lost_percent":	40.36075586944073,
			"sender":	true
		},
		"cpu_utilization_percent":	{
			"host_total":	6.1249475870864174,
			"host_user":	0.861791270932923,
			"host_system":	5.2631563161534949,
			"remote_total":	0.98604520695326037,
			"remote_user":	0.080833426474113165,
			"remote_system":	0.9052117804791473
		}
	}
}
