{
	"start":	{
		"connected":	[{
				"socket":	6,
				"local_host":	"10.20.15.3",
				"local_port":	34772,
				"remote_host":	"10.20.15.2",
				"remote_port":	5201
			}],
		"version":	"iperf 3.7",
		"system_info":	"Linux node2 5.8.0-1006-raspi #9-Ubuntu SMP PREEMPT Fri Oct 16 12:55:30 UTC 2020 aarch64",
		"timestamp":	{
			"time":	"Sun, 08 Aug 2021 10:41:05 GMT",
			"timesecs":	1628419265
		},
		"connecting_to":	{
			"host":	"10.20.15.2",
			"port":	5201
		},
		"cookie":	"pkjrhdcuk7yfdwjzrrf3b6mumno7iap6m5yv",
		"sock_bufsize":	0,
		"sndbuf_actual":	212992,
		"rcvbuf_actual":	212992,
		"test_start":	{
			"protocol":	"UDP",
			"num_streams":	1,
			"blksize":	1448,
			"omit":	0,
			"duration":	30,
			"bytes":	0,
			"blocks":	0,
			"reverse":	0,
			"tos":	0
		}
	},
	"intervals":	[{
			"streams":	[{
					"socket":	6,
					"start":	0,
					"end":	10.000081,
					"seconds":	10.000081062316895,
					"bytes":	28030384,
					"bits_per_second":	22424125.424843874,
					"packets":	19358,
					"omitted":	false,
					"sender":	true
				}],
			"sum":	{
				"start":	0,
				"end":	10.000081,
				"seconds":	10.000081062316895,
				"bytes":	28030384,
				"bits_per_second":	22424125.424843874,
				"packets":	19358,
				"omitted":	false,
				"sender":	true
			}
		}, {
			"streams":	[{
					"socket":	6,
					"start":	10.000081,
					"end":	20.000013,
					"seconds":	9.9999322891235352,
					"bytes":	29608704,
					"bits_per_second":	23687123.587589905,
					"packets":	20448,
					"omitted":	false,
					"sender":	true
				}],
			"sum":	{
				"start":	10.000081,
				"end":	20.000013,
				"seconds":	9.9999322891235352,
				"bytes":	29608704,
				"bits_per_second":	23687123.587589905,
				"packets":	20448,
				"omitted":	false,
				"sender":	true
			}
		}, {
			"streams":	[{
					"socket":	6,
					"start":	20.000013,
					"end":	30.000119,
					"seconds":	10.000105857849121,
					"bytes":	31068288,
					"bits_per_second":	24854367.297013666,
					"packets":	21456,
					"omitted":	false,
					"sender":	true
				}],
			"sum":	{
				"start":	20.000013,
				"end":	30.000119,
				"seconds":	10.000105857849121,
				"bytes":	31068288,
				"bits_per_second":	24854367.297013666,
				"packets":	21456,
				"omitted":	false,
				"sender":	true
			}
		}],
	"end":	{
		"streams":	[{
				"udp":	{
					"socket":	6,
					"start":	0,
					"end":	30.000119,
					"seconds":	30.000119,
					"bytes":	88707376,
					"bits_per_second":	23655206.434347808,
					"jitter_ms":	0.381301646464866,
					"lost_packets":	11217,
					"packets":	61262,
					"lost_percent":	18.309882145538833,
					"out_of_order":	0,
					"sender":	true
				}
			}],
		"sum":	{
			"start":	0,
			"end":	30.005794,
			"seconds":	30.005794,
			"bytes":	88707376,
			"bits_per_second":	23655206.434347808,
			"jitter_ms":	0.381301646464866,
			"lost_packets":	11217,
			"packets":	61262,
			"lost_percent":	18.309882145538833,
			"sender":	true
		},
		"cpu_utilization_percent":	{
			"host_total":	15.798571800125327,
			"host_user":	1.2666155821708112,
			"host_system":	14.531952885632544,
			"remote_total":	8.1750158519558571,
			"remote_user":	0.6942716980599124,
			"remote_system":	7.4807508157811533
		}
	}
}
