{
	"start":	{
		"connected":	[{
				"socket":	6,
				"local_host":	"10.20.15.3",
				"local_port":	50405,
				"remote_host":	"10.20.15.2",
				"remote_port":	5201
			}],
		"version":	"iperf 3.7",
		"system_info":	"Linux node2 5.8.0-1006-raspi #9-Ubuntu SMP PREEMPT Fri Oct 16 12:55:30 UTC 2020 aarch64",
		"timestamp":	{
			"time":	"Sun, 08 Aug 2021 13:42:33 GMT",
			"timesecs":	1628430153
		},
		"connecting_to":	{
			"host":	"10.20.15.2",
			"port":	5201
		},
		"cookie":	"yn7mq45vfebdpts6nkukcemftflwj3iclsgo",
		"sock_bufsize":	0,
		"sndbuf_actual":	212992,
		"rcvbuf_actual":	212992,
		"test_start":	{
			"protocol":	"UDP",
			"num_streams":	1,
			"blksize":	1448,
			"omit":	0,
			"duration":	30,
			"bytes":	0,
			"blocks":	0,
			"reverse":	0,
			"tos":	0
		}
	},
	"intervals":	[{
			"streams":	[{
					"socket":	6,
					"start":	0,
					"end":	10.000077,
					"seconds":	10.000077247619629,
					"bytes":	7552768,
					"bits_per_second":	6042167.7256925795,
					"packets":	5216,
					"omitted":	false,
					"sender":	true
				}],
			"sum":	{
				"start":	0,
				"end":	10.000077,
				"seconds":	10.000077247619629,
				"bytes":	7552768,
				"bits_per_second":	6042167.7256925795,
				"packets":	5216,
				"omitted":	false,
				"sender":	true
			}
		}, {
			"streams":	[{
					"socket":	6,
					"start":	10.000077,
					"end":	20.000097,
					"seconds":	10.000020027160645,
					"bytes":	1316232,
					"bits_per_second":	1052983.4911730466,
					"packets":	909,
					"omitted":	false,
					"sender":	true
				}],
			"sum":	{
				"start":	10.000077,
				"end":	20.000097,
				"seconds":	10.000020027160645,
				"bytes":	1316232,
				"bits_per_second":	1052983.4911730466,
				"packets":	909,
				"omitted":	false,
				"sender":	true
			}
		}, {
			"streams":	[{
					"socket":	6,
					"start":	20.000097,
					"end":	30.00011,
					"seconds":	10.00001335144043,
					"bytes":	5286648,
					"bits_per_second":	4229312.7532582721,
					"packets":	3651,
					"omitted":	false,
					"sender":	true
				}],
			"sum":	{
				"start":	20.000097,
				"end":	30.00011,
				"seconds":	10.00001335144043,
				"bytes":	5286648,
				"bits_per_second":	4229312.7532582721,
				"packets":	3651,
				"omitted":	false,
				"sender":	true
			}
		}],
	"end":	{
		"streams":	[{
				"udp":	{
					"socket":	6,
					"start":	0,
					"end":	30.00011,
					"seconds":	30.00011,
					"bytes":	14155648,
					"bits_per_second":	3774825.6256393725,
					"jitter_ms":	0.72117717572817475,
					"lost_packets":	1880,
					"packets":	9776,
					"lost_percent":	19.23076923076923,
					"out_of_order":	0,
					"sender":	true
				}
			}],
		"sum":	{
			"start":	0,
			"end":	30.005498,
			"seconds":	30.005498,
			"bytes":	14155648,
			"bits_per_second":	3774825.6256393725,
			"jitter_ms":	0.72117717572817475,
			"lost_packets":	1880,
			"packets":	9776,
			"lost_percent":	19.23076923076923,
			"sender":	true
		},
		"cpu_utilization_percent":	{
			"host_total":	6.085930117880852,
			"host_user":	0.66186433678514744,
			"host_system":	5.4240657810957051,
			"remote_total":	1.1978647388877071,
			"remote_user":	0.15621108148523519,
			"remote_system":	1.0416469966592043
		}
	}
}
