{
	"start":	{
		"connected":	[{
				"socket":	6,
				"local_host":	"10.20.15.3",
				"local_port":	39220,
				"remote_host":	"10.20.15.2",
				"remote_port":	5201
			}],
		"version":	"iperf 3.7",
		"system_info":	"Linux node2 5.8.0-1006-raspi #9-Ubuntu SMP PREEMPT Fri Oct 16 12:55:30 UTC 2020 aarch64",
		"timestamp":	{
			"time":	"Sun, 08 Aug 2021 12:09:30 GMT",
			"timesecs":	1628424570
		},
		"connecting_to":	{
			"host":	"10.20.15.2",
			"port":	5201
		},
		"cookie":	"tknjr4ktdvxeja6gbfu6iiyipscfxsa2t2ug",
		"sock_bufsize":	0,
		"sndbuf_actual":	212992,
		"rcvbuf_actual":	212992,
		"test_start":	{
			"protocol":	"UDP",
			"num_streams":	1,
			"blksize":	1448,
			"omit":	0,
			"duration":	30,
			"bytes":	0,
			"blocks":	0,
			"reverse":	0,
			"tos":	0
		}
	},
	"intervals":	[{
			"streams":	[{
					"socket":	6,
					"start":	0,
					"end":	10.000083,
					"seconds":	10.000082969665527,
					"bytes":	8809632,
					"bits_per_second":	7047647.1259075208,
					"packets":	6084,
					"omitted":	false,
					"sender":	true
				}],
			"sum":	{
				"start":	0,
				"end":	10.000083,
				"seconds":	10.000082969665527,
				"bytes":	8809632,
				"bits_per_second":	7047647.1259075208,
				"packets":	6084,
				"omitted":	false,
				"sender":	true
			}
		}, {
			"streams":	[{
					"socket":	6,
					"start":	10.000083,
					"end":	20.000111,
					"seconds":	10.000027656555176,
					"bytes":	1546464,
					"bits_per_second":	1237167.7784201074,
					"packets":	1068,
					"omitted":	false,
					"sender":	true
				}],
			"sum":	{
				"start":	10.000083,
				"end":	20.000111,
				"seconds":	10.000027656555176,
				"bytes":	1546464,
				"bits_per_second":	1237167.7784201074,
				"packets":	1068,
				"omitted":	false,
				"sender":	true
			}
		}, {
			"streams":	[{
					"socket":	6,
					"start":	20.000111,
					"end":	30.000109,
					"seconds":	9.9999980926513672,
					"bytes":	1387184,
					"bits_per_second":	1109747.4116675209,
					"packets":	958,
					"omitted":	false,
					"sender":	true
				}],
			"sum":	{
				"start":	20.000111,
				"end":	30.000109,
				"seconds":	9.9999980926513672,
				"bytes":	1387184,
				"bits_per_second":	1109747.4116675209,
				"packets":	958,
				"omitted":	false,
				"sender":	true
			}
		}],
	"end":	{
		"streams":	[{
				"udp":	{
					"socket":	6,
					"start":	0,
					"end":	30.000109,
					"seconds":	30.000109,
					"bytes":	11743280,
					"bits_per_second":	3131529.955441162,
					"jitter_ms":	6.9611638200282364,
					"lost_packets":	1060,
					"packets":	8110,
					"lost_percent":	13.070283600493218,
					"out_of_order":	0,
					"sender":	true
				}
			}],
		"sum":	{
			"start":	0,
			"end":	30.497549,
			"seconds":	30.497549,
			"bytes":	11743280,
			"bits_per_second":	3131529.955441162,
			"jitter_ms":	6.9611638200282364,
			"lost_packets":	1060,
			"packets":	8110,
			"lost_percent":	13.070283600493218,
			"sender":	true
		},
		"cpu_utilization_percent":	{
			"host_total":	5.4499057103376405,
			"host_user":	0.4813659174055297,
			"host_system":	4.9685332842491858,
			"remote_total":	0.69099200408357686,
			"remote_user":	0.070767403516118932,
			"remote_system":	0.62022780126413435
		}
	}
}
