{
	"start":	{
		"connected":	[{
				"socket":	6,
				"local_host":	"10.20.15.3",
				"local_port":	48992,
				"remote_host":	"10.20.15.2",
				"remote_port":	5201
			}],
		"version":	"iperf 3.7",
		"system_info":	"Linux node2 5.8.0-1006-raspi #9-Ubuntu SMP PREEMPT Fri Oct 16 12:55:30 UTC 2020 aarch64",
		"timestamp":	{
			"time":	"Sun, 08 Aug 2021 13:09:32 GMT",
			"timesecs":	1628428172
		},
		"connecting_to":	{
			"host":	"10.20.15.2",
			"port":	5201
		},
		"cookie":	"ldead2gboezagmgs5a5bfhtbola6ecgb5p7t",
		"sock_bufsize":	0,
		"sndbuf_actual":	212992,
		"rcvbuf_actual":	212992,
		"test_start":	{
			"protocol":	"UDP",
			"num_streams":	1,
			"blksize":	1448,
			"omit":	0,
			"duration":	30,
			"bytes":	0,
			"blocks":	0,
			"reverse":	0,
			"tos":	0
		}
	},
	"intervals":	[{
			"streams":	[{
					"socket":	6,
					"start":	0,
					"end":	10.000064,
					"seconds":	10.0000638961792,
					"bytes":	22717672,
					"bits_per_second":	18174021.474946707,
					"packets":	15689,
					"omitted":	false,
					"sender":	true
				}],
			"sum":	{
				"start":	0,
				"end":	10.000064,
				"seconds":	10.0000638961792,
				"bytes":	22717672,
				"bits_per_second":	18174021.474946707,
				"packets":	15689,
				"omitted":	false,
				"sender":	true
			}
		}, {
			"streams":	[{
					"socket":	6,
					"start":	10.000064,
					"end":	20.00007,
					"seconds":	10.000005722045898,
					"bytes":	18030496,
					"bits_per_second":	14424388.546298668,
					"packets":	12452,
					"omitted":	false,
					"sender":	true
				}],
			"sum":	{
				"start":	10.000064,
				"end":	20.00007,
				"seconds":	10.000005722045898,
				"bytes":	18030496,
				"bits_per_second":	14424388.546298668,
				"packets":	12452,
				"omitted":	false,
				"sender":	true
			}
		}, {
			"streams":	[{
					"socket":	6,
					"start":	20.00007,
					"end":	30.000112,
					"seconds":	10.000041961669922,
					"bytes":	17522248,
					"bits_per_second":	14017739.579223873,
					"packets":	12101,
					"omitted":	false,
					"sender":	true
				}],
			"sum":	{
				"start":	20.00007,
				"end":	30.000112,
				"seconds":	10.000041961669922,
				"bytes":	17522248,
				"bits_per_second":	14017739.579223873,
				"packets":	12101,
				"omitted":	false,
				"sender":	true
			}
		}],
	"end":	{
		"streams":	[{
				"udp":	{
					"socket":	6,
					"start":	0,
					"end":	30.000112,
					"seconds":	30.000112,
					"bytes":	58270416,
					"bits_per_second":	15538719.588780202,
					"jitter_ms":	1.6669321454868156,
					"lost_packets":	12863,
					"packets":	40242,
					"lost_percent":	31.964117091595845,
					"out_of_order":	0,
					"sender":	true
				}
			}],
		"sum":	{
			"start":	0,
			"end":	30.0101,
			"seconds":	30.0101,
			"bytes":	58270416,
			"bits_per_second":	15538719.588780202,
			"jitter_ms":	1.6669321454868156,
			"lost_packets":	12863,
			"packets":	40242,
			"lost_percent":	31.964117091595845,
			"sender":	true
		},
		"cpu_utilization_percent":	{
			"host_total":	11.440848887196243,
			"host_user":	1.1512215787111419,
			"host_system":	10.2896273084851,
			"remote_total":	1.1035929422625343,
			"remote_user":	0.084899855513199118,
			"remote_system":	1.0186930867493349
		}
	}
}
