{
	"start":	{
		"connected":	[{
				"socket":	6,
				"local_host":	"10.20.15.3",
				"local_port":	44604,
				"remote_host":	"10.20.15.2",
				"remote_port":	5201
			}],
		"version":	"iperf 3.7",
		"system_info":	"Linux node2 5.8.0-1006-raspi #9-Ubuntu SMP PREEMPT Fri Oct 16 12:55:30 UTC 2020 aarch64",
		"timestamp":	{
			"time":	"Sun, 08 Aug 2021 10:41:35 GMT",
			"timesecs":	1628419295
		},
		"connecting_to":	{
			"host":	"10.20.15.2",
			"port":	5201
		},
		"cookie":	"vtnw6qhb6k5vqqnpi5l3s5s7tqppq6foo5rn",
		"sock_bufsize":	0,
		"sndbuf_actual":	212992,
		"rcvbuf_actual":	212992,
		"test_start":	{
			"protocol":	"UDP",
			"num_streams":	1,
			"blksize":	1448,
			"omit":	0,
			"duration":	30,
			"bytes":	0,
			"blocks":	0,
			"reverse":	0,
			"tos":	0
		}
	},
	"intervals":	[{
			"streams":	[{
					"socket":	6,
					"start":	0,
					"end":	10.000016,
					"seconds":	10.000016212463379,
					"bytes":	27416432,
					"bits_per_second":	21933110.041025668,
					"packets":	18934,
					"omitted":	false,
					"sender":	true
				}],
			"sum":	{
				"start":	0,
				"end":	10.000016,
				"seconds":	10.000016212463379,
				"bytes":	27416432,
				"bits_per_second":	21933110.041025668,
				"packets":	18934,
				"omitted":	false,
				"sender":	true
			}
		}, {
			"streams":	[{
					"socket":	6,
					"start":	10.000016,
					"end":	20.000095,
					"seconds":	10.000079154968262,
					"bytes":	28628408,
					"bits_per_second":	22902545.114976831,
					"packets":	19771,
					"omitted":	false,
					"sender":	true
				}],
			"sum":	{
				"start":	10.000016,
				"end":	20.000095,
				"seconds":	10.000079154968262,
				"bytes":	28628408,
				"bits_per_second":	22902545.114976831,
				"packets":	19771,
				"omitted":	false,
				"sender":	true
			}
		}, {
			"streams":	[{
					"socket":	6,
					"start":	20.000095,
					"end":	30.000102,
					"seconds":	10.000006675720215,
					"bytes":	34146736,
					"bits_per_second":	27317370.563687712,
					"packets":	23582,
					"omitted":	false,
					"sender":	true
				}],
			"sum":	{
				"start":	20.000095,
				"end":	30.000102,
				"seconds":	10.000006675720215,
				"bytes":	34146736,
				"bits_per_second":	27317370.563687712,
				"packets":	23582,
				"omitted":	false,
				"sender":	true
			}
		}],
	"end":	{
		"streams":	[{
				"udp":	{
					"socket":	6,
					"start":	0,
					"end":	30.000102,
					"seconds":	30.000102,
					"bytes":	90191576,
					"bits_per_second":	24051005.15991579,
					"jitter_ms":	0.26614734522692957,
					"lost_packets":	11652,
					"packets":	62287,
					"lost_percent":	18.706953296835614,
					"out_of_order":	0,
					"sender":	true
				}
			}],
		"sum":	{
			"start":	0,
			"end":	30.002569,
			"seconds":	30.002569,
			"bytes":	90191576,
			"bits_per_second":	24051005.15991579,
			"jitter_ms":	0.26614734522692957,
			"lost_packets":	11652,
			"packets":	62287,
			"lost_percent":	18.706953296835614,
			"sender":	true
		},
		"cpu_utilization_percent":	{
			"host_total":	15.92590948539104,
			"host_user":	1.1155513885464703,
			"host_system":	14.810351431762861,
			"remote_total":	8.2714000803188288,
			"remote_user":	0.48824639156634975,
			"remote_system":	7.7830004339775423
		}
	}
}
