{
	"start":	{
		"connected":	[{
				"socket":	6,
				"local_host":	"10.20.15.3",
				"local_port":	39626,
				"remote_host":	"10.20.15.2",
				"remote_port":	5201
			}],
		"version":	"iperf 3.7",
		"system_info":	"Linux node2 5.8.0-1006-raspi #9-Ubuntu SMP PREEMPT Fri Oct 16 12:55:30 UTC 2020 aarch64",
		"timestamp":	{
			"time":	"Sun, 08 Aug 2021 12:23:08 GMT",
			"timesecs":	1628425388
		},
		"connecting_to":	{
			"host":	"10.20.15.2",
			"port":	5201
		},
		"cookie":	"nfjdfcdokfincj6mokwskbrbbolzul2ojmrn",
		"sock_bufsize":	0,
		"sndbuf_actual":	212992,
		"rcvbuf_actual":	212992,
		"test_start":	{
			"protocol":	"UDP",
			"num_streams":	1,
			"blksize":	1448,
			"omit":	0,
			"duration":	30,
			"bytes":	0,
			"blocks":	0,
			"reverse":	0,
			"tos":	0
		}
	},
	"intervals":	[{
			"streams":	[{
					"socket":	6,
					"start":	0,
					"end":	10.000109,
					"seconds":	10.00010871887207,
					"bytes":	3957384,
					"bits_per_second":	3165872.7809882131,
					"packets":	2733,
					"omitted":	false,
					"sender":	true
				}],
			"sum":	{
				"start":	0,
				"end":	10.000109,
				"seconds":	10.00010871887207,
				"bytes":	3957384,
				"bits_per_second":	3165872.7809882131,
				"packets":	2733,
				"omitted":	false,
				"sender":	true
			}
		}, {
			"streams":	[{
					"socket":	6,
					"start":	10.000109,
					"end":	20.000084,
					"seconds":	9.9999752044677734,
					"bytes":	695040,
					"bits_per_second":	556033.37871435611,
					"packets":	480,
					"omitted":	false,
					"sender":	true
				}],
			"sum":	{
				"start":	10.000109,
				"end":	20.000084,
				"seconds":	9.9999752044677734,
				"bytes":	695040,
				"bits_per_second":	556033.37871435611,
				"packets":	480,
				"omitted":	false,
				"sender":	true
			}
		}, {
			"streams":	[{
					"socket":	6,
					"start":	20.000084,
					"end":	30.000095,
					"seconds":	10.000011444091797,
					"bytes":	7283440,
					"bits_per_second":	5826745.3318191543,
					"packets":	5030,
					"omitted":	false,
					"sender":	true
				}],
			"sum":	{
				"start":	20.000084,
				"end":	30.000095,
				"seconds":	10.000011444091797,
				"bytes":	7283440,
				"bits_per_second":	5826745.3318191543,
				"packets":	5030,
				"omitted":	false,
				"sender":	true
			}
		}],
	"end":	{
		"streams":	[{
				"udp":	{
					"socket":	6,
					"start":	0,
					"end":	30.000095,
					"seconds":	30.000095,
					"bytes":	11935864,
					"bits_per_second":	3182886.9875245392,
					"jitter_ms":	0.28318239934810113,
					"lost_packets":	1792,
					"packets":	8243,
					"lost_percent":	21.73965789154434,
					"out_of_order":	0,
					"sender":	true
				}
			}],
		"sum":	{
			"start":	0,
			"end":	30.003139,
			"seconds":	30.003139,
			"bytes":	11935864,
			"bits_per_second":	3182886.9875245392,
			"jitter_ms":	0.28318239934810113,
			"lost_packets":	1792,
			"packets":	8243,
			"lost_percent":	21.73965789154434,
			"sender":	true
		},
		"cpu_utilization_percent":	{
			"host_total":	5.6139976126573146,
			"host_user":	0.46926079686059774,
			"host_system":	5.1447334833809091,
			"remote_total":	1.0086129687261065,
			"remote_user":	0.10942453625723654,
			"remote_system":	0.89917510913558651
		}
	}
}
