{
	"start":	{
		"connected":	[{
				"socket":	6,
				"local_host":	"10.20.15.3",
				"local_port":	52641,
				"remote_host":	"10.20.15.2",
				"remote_port":	5201
			}],
		"version":	"iperf 3.7",
		"system_info":	"Linux node2 5.8.0-1006-raspi #9-Ubuntu SMP PREEMPT Fri Oct 16 12:55:30 UTC 2020 aarch64",
		"timestamp":	{
			"time":	"Sun, 08 Aug 2021 12:22:38 GMT",
			"timesecs":	1628425358
		},
		"connecting_to":	{
			"host":	"10.20.15.2",
			"port":	5201
		},
		"cookie":	"j52wohqv6elraevhlws2ig4aee57clzolpno",
		"sock_bufsize":	0,
		"sndbuf_actual":	212992,
		"rcvbuf_actual":	212992,
		"test_start":	{
			"protocol":	"UDP",
			"num_streams":	1,
			"blksize":	1448,
			"omit":	0,
			"duration":	30,
			"bytes":	0,
			"blocks":	0,
			"reverse":	0,
			"tos":	0
		}
	},
	"intervals":	[{
			"streams":	[{
					"socket":	6,
					"start":	0,
					"end":	10.000101,
					"seconds":	10.000101089477539,
					"bytes":	6553648,
					"bits_per_second":	5242865.4001475889,
					"packets":	4526,
					"omitted":	false,
					"sender":	true
				}],
			"sum":	{
				"start":	0,
				"end":	10.000101,
				"seconds":	10.000101089477539,
				"bytes":	6553648,
				"bits_per_second":	5242865.4001475889,
				"packets":	4526,
				"omitted":	false,
				"sender":	true
			}
		}, {
			"streams":	[{
					"socket":	6,
					"start":	10.000101,
					"end":	20.000083,
					"seconds":	9.9999818801879883,
					"bytes":	754408,
					"bits_per_second":	603527.49358047277,
					"packets":	521,
					"omitted":	false,
					"sender":	true
				}],
			"sum":	{
				"start":	10.000101,
				"end":	20.000083,
				"seconds":	9.9999818801879883,
				"bytes":	754408,
				"bits_per_second":	603527.49358047277,
				"packets":	521,
				"omitted":	false,
				"sender":	true
			}
		}, {
			"streams":	[{
					"socket":	6,
					"start":	20.000083,
					"end":	30.000105,
					"seconds":	10.000021934509277,
					"bytes":	1808552,
					"bits_per_second":	1446838.4264309113,
					"packets":	1249,
					"omitted":	false,
					"sender":	true
				}],
			"sum":	{
				"start":	20.000083,
				"end":	30.000105,
				"seconds":	10.000021934509277,
				"bytes":	1808552,
				"bits_per_second":	1446838.4264309113,
				"packets":	1249,
				"omitted":	false,
				"sender":	true
			}
		}],
	"end":	{
		"streams":	[{
				"udp":	{
					"socket":	6,
					"start":	0,
					"end":	30.000105,
					"seconds":	30.000105,
					"bytes":	9116608,
					"bits_per_second":	2431086.9578623138,
					"jitter_ms":	3.1065045565608576,
					"lost_packets":	1770,
					"packets":	6296,
					"lost_percent":	28.113087674714105,
					"out_of_order":	0,
					"sender":	true
				}
			}],
		"sum":	{
			"start":	0,
			"end":	30.025793,
			"seconds":	30.025793,
			"bytes":	9116608,
			"bits_per_second":	2431086.9578623138,
			"jitter_ms":	3.1065045565608576,
			"lost_packets":	1770,
			"packets":	6296,
			"lost_percent":	28.113087674714105,
			"sender":	true
		},
		"cpu_utilization_percent":	{
			"host_total":	5.5818807400215249,
			"host_user":	1.0902535461350389,
			"host_system":	4.4916271938864858,
			"remote_total":	0.76813082672570354,
			"remote_user":	0.05247908584921291,
			"remote_system":	0.71572497989505712
		}
	}
}
