{
	"start":	{
		"connected":	[{
				"socket":	6,
				"local_host":	"10.20.15.3",
				"local_port":	45848,
				"remote_host":	"10.20.15.2",
				"remote_port":	5201
			}],
		"version":	"iperf 3.7",
		"system_info":	"Linux node2 5.8.0-1006-raspi #9-Ubuntu SMP PREEMPT Fri Oct 16 12:55:30 UTC 2020 aarch64",
		"timestamp":	{
			"time":	"Sun, 08 Aug 2021 12:11:07 GMT",
			"timesecs":	1628424667
		},
		"connecting_to":	{
			"host":	"10.20.15.2",
			"port":	5201
		},
		"cookie":	"k4tbepwerracy32q7ra32hhyzgu6bugv6lw5",
		"sock_bufsize":	0,
		"sndbuf_actual":	212992,
		"rcvbuf_actual":	212992,
		"test_start":	{
			"protocol":	"UDP",
			"num_streams":	1,
			"blksize":	1448,
			"omit":	0,
			"duration":	30,
			"bytes":	0,
			"blocks":	0,
			"reverse":	0,
			"tos":	0
		}
	},
	"intervals":	[{
			"streams":	[{
					"socket":	6,
					"start":	0,
					"end":	10.00009,
					"seconds":	10.000089645385742,
					"bytes":	7939384,
					"bits_per_second":	6351450.2621791223,
					"packets":	5483,
					"omitted":	false,
					"sender":	true
				}],
			"sum":	{
				"start":	0,
				"end":	10.00009,
				"seconds":	10.000089645385742,
				"bytes":	7939384,
				"bits_per_second":	6351450.2621791223,
				"packets":	5483,
				"omitted":	false,
				"sender":	true
			}
		}, {
			"streams":	[{
					"socket":	6,
					"start":	10.00009,
					"end":	20.000093,
					"seconds":	10.000002861022949,
					"bytes":	1565288,
					"bits_per_second":	1252230.0417341113,
					"packets":	1081,
					"omitted":	false,
					"sender":	true
				}],
			"sum":	{
				"start":	10.00009,
				"end":	20.000093,
				"seconds":	10.000002861022949,
				"bytes":	1565288,
				"bits_per_second":	1252230.0417341113,
				"packets":	1081,
				"omitted":	false,
				"sender":	true
			}
		}, {
			"streams":	[{
					"socket":	6,
					"start":	20.000093,
					"end":	30.000313,
					"seconds":	10.00022029876709,
					"bytes":	3496920,
					"bits_per_second":	2797474.3719844888,
					"packets":	2415,
					"omitted":	false,
					"sender":	true
				}],
			"sum":	{
				"start":	20.000093,
				"end":	30.000313,
				"seconds":	10.00022029876709,
				"bytes":	3496920,
				"bits_per_second":	2797474.3719844888,
				"packets":	2415,
				"omitted":	false,
				"sender":	true
			}
		}],
	"end":	{
		"streams":	[{
				"udp":	{
					"socket":	6,
					"start":	0,
					"end":	30.000313,
					"seconds":	30.000313,
					"bytes":	13001592,
					"bits_per_second":	3467055.0270592179,
					"jitter_ms":	0.52320430603209422,
					"lost_packets":	3364,
					"packets":	8979,
					"lost_percent":	37.465196569773916,
					"out_of_order":	0,
					"sender":	true
				}
			}],
		"sum":	{
			"start":	0,
			"end":	30.006323,
			"seconds":	30.006323,
			"bytes":	13001592,
			"bits_per_second":	3467055.0270592179,
			"jitter_ms":	0.52320430603209422,
			"lost_packets":	3364,
			"packets":	8979,
			"lost_percent":	37.465196569773916,
			"sender":	true
		},
		"cpu_utilization_percent":	{
			"host_total":	5.7975781598545932,
			"host_user":	0.47841195783946716,
			"host_system":	5.3191595367608269,
			"remote_total":	0.86533920448675983,
			"remote_user":	0.086399670497987024,
			"remote_system":	0.77893953398877291
		}
	}
}
