{
	"start":	{
		"connected":	[{
				"socket":	6,
				"local_host":	"10.20.15.3",
				"local_port":	42360,
				"remote_host":	"10.20.15.2",
				"remote_port":	5201
			}],
		"version":	"iperf 3.7",
		"system_info":	"Linux node2 5.8.0-1006-raspi #9-Ubuntu SMP PREEMPT Fri Oct 16 12:55:30 UTC 2020 aarch64",
		"timestamp":	{
			"time":	"Sun, 08 Aug 2021 13:23:18 GMT",
			"timesecs":	1628428998
		},
		"connecting_to":	{
			"host":	"10.20.15.2",
			"port":	5201
		},
		"cookie":	"yhgygnstdu2nck2sghtvskubynbuuvu73yu4",
		"sock_bufsize":	0,
		"sndbuf_actual":	212992,
		"rcvbuf_actual":	212992,
		"test_start":	{
			"protocol":	"UDP",
			"num_streams":	1,
			"blksize":	1448,
			"omit":	0,
			"duration":	30,
			"bytes":	0,
			"blocks":	0,
			"reverse":	0,
			"tos":	0
		}
	},
	"intervals":	[{
			"streams":	[{
					"socket":	6,
					"start":	0,
					"end":	10.000107,
					"seconds":	10.000106811523438,
					"bytes":	5634168,
					"bits_per_second":	4507286.2569888318,
					"packets":	3891,
					"omitted":	false,
					"sender":	true
				}],
			"sum":	{
				"start":	0,
				"end":	10.000107,
				"seconds":	10.000106811523438,
				"bytes":	5634168,
				"bits_per_second":	4507286.2569888318,
				"packets":	3891,
				"omitted":	false,
				"sender":	true
			}
		}, {
			"streams":	[{
					"socket":	6,
					"start":	10.000107,
					"end":	20.000096,
					"seconds":	9.9999885559082031,
					"bytes":	15122912,
					"bits_per_second":	12098343.445455298,
					"packets":	10444,
					"omitted":	false,
					"sender":	true
				}],
			"sum":	{
				"start":	10.000107,
				"end":	20.000096,
				"seconds":	9.9999885559082031,
				"bytes":	15122912,
				"bits_per_second":	12098343.445455298,
				"packets":	10444,
				"omitted":	false,
				"sender":	true
			}
		}, {
			"streams":	[{
					"socket":	6,
					"start":	20.000096,
					"end":	30.000114,
					"seconds":	10.000018119812012,
					"bytes":	6359616,
					"bits_per_second":	5087683.5812129937,
					"packets":	4392,
					"omitted":	false,
					"sender":	true
				}],
			"sum":	{
				"start":	20.000096,
				"end":	30.000114,
				"seconds":	10.000018119812012,
				"bytes":	6359616,
				"bits_per_second":	5087683.5812129937,
				"packets":	4392,
				"omitted":	false,
				"sender":	true
			}
		}],
	"end":	{
		"streams":	[{
				"udp":	{
					"socket":	6,
					"start":	0,
					"end":	30.000114,
					"seconds":	30.000114,
					"bytes":	27116696,
					"bits_per_second":	7231091.4551858036,
					"jitter_ms":	12.552572546670433,
					"lost_packets":	7431,
					"packets":	18727,
					"lost_percent":	39.680674961285845,
					"out_of_order":	0,
					"sender":	true
				}
			}],
		"sum":	{
			"start":	0,
			"end":	30.070739,
			"seconds":	30.070739,
			"bytes":	27116696,
			"bits_per_second":	7231091.4551858036,
			"jitter_ms":	12.552572546670433,
			"lost_packets":	7431,
			"packets":	18727,
			"lost_percent":	39.680674961285845,
			"sender":	true
		},
		"cpu_utilization_percent":	{
			"host_total":	7.3603070690543184,
			"host_user":	0.58015196328295227,
			"host_system":	6.7801617635858031,
			"remote_total":	1.8874740077536003,
			"remote_user":	0.18321215102382196,
			"remote_system":	1.7042585360448232
		}
	}
}
