{
	"start":	{
		"connected":	[{
				"socket":	6,
				"local_host":	"10.20.15.3",
				"local_port":	55203,
				"remote_host":	"10.20.15.2",
				"remote_port":	5201
			}],
		"version":	"iperf 3.7",
		"system_info":	"Linux node2 5.8.0-1006-raspi #9-Ubuntu SMP PREEMPT Fri Oct 16 12:55:30 UTC 2020 aarch64",
		"timestamp":	{
			"time":	"Sun, 08 Aug 2021 11:50:26 GMT",
			"timesecs":	1628423426
		},
		"connecting_to":	{
			"host":	"10.20.15.2",
			"port":	5201
		},
		"cookie":	"43uwns3t4otwqvenisuhj3kna5kxmy4pevei",
		"sock_bufsize":	0,
		"sndbuf_actual":	212992,
		"rcvbuf_actual":	212992,
		"test_start":	{
			"protocol":	"UDP",
			"num_streams":	1,
			"blksize":	1448,
			"omit":	0,
			"duration":	30,
			"bytes":	0,
			"blocks":	0,
			"reverse":	0,
			"tos":	0
		}
	},
	"intervals":	[{
			"streams":	[{
					"socket":	6,
					"start":	0,
					"end":	10.000088,
					"seconds":	10.000087738037109,
					"bytes":	9963688,
					"bits_per_second":	7970880.4650593959,
					"packets":	6881,
					"omitted":	false,
					"sender":	true
				}],
			"sum":	{
				"start":	0,
				"end":	10.000088,
				"seconds":	10.000087738037109,
				"bytes":	9963688,
				"bits_per_second":	7970880.4650593959,
				"packets":	6881,
				"omitted":	false,
				"sender":	true
			}
		}, {
			"streams":	[{
					"socket":	6,
					"start":	10.000088,
					"end":	20.00008,
					"seconds":	9.9999923706054688,
					"bytes":	916584,
					"bits_per_second":	733267.75943890342,
					"packets":	633,
					"omitted":	false,
					"sender":	true
				}],
			"sum":	{
				"start":	10.000088,
				"end":	20.00008,
				"seconds":	9.9999923706054688,
				"bytes":	916584,
				"bits_per_second":	733267.75943890342,
				"packets":	633,
				"omitted":	false,
				"sender":	true
			}
		}, {
			"streams":	[{
					"socket":	6,
					"start":	20.00008,
					"end":	30.000113,
					"seconds":	10.000033378601074,
					"bytes":	1366912,
					"bits_per_second":	1093525.9499633552,
					"packets":	944,
					"omitted":	false,
					"sender":	true
				}],
			"sum":	{
				"start":	20.00008,
				"end":	30.000113,
				"seconds":	10.000033378601074,
				"bytes":	1366912,
				"bits_per_second":	1093525.9499633552,
				"packets":	944,
				"omitted":	false,
				"sender":	true
			}
		}],
	"end":	{
		"streams":	[{
				"udp":	{
					"socket":	6,
					"start":	0,
					"end":	30.000113,
					"seconds":	30.000113,
					"bytes":	12247184,
					"bits_per_second":	3265903.4317637403,
					"jitter_ms":	3.3088270218883515,
					"lost_packets":	1871,
					"packets":	8458,
					"lost_percent":	22.12106881059352,
					"out_of_order":	0,
					"sender":	true
				}
			}],
		"sum":	{
			"start":	0,
			"end":	30.022894,
			"seconds":	30.022894,
			"bytes":	12247184,
			"bits_per_second":	3265903.4317637403,
			"jitter_ms":	3.3088270218883515,
			"lost_packets":	1871,
			"packets":	8458,
			"lost_percent":	22.12106881059352,
			"sender":	true
		},
		"cpu_utilization_percent":	{
			"host_total":	5.7373087896429631,
			"host_user":	1.1143822020365601,
			"host_system":	4.6229265876064041,
			"remote_total":	1.0043473734600645,
			"remote_user":	0.10194020304877113,
			"remote_system":	0.90241049961452824
		}
	}
}
