{
	"start":	{
		"connected":	[{
				"socket":	6,
				"local_host":	"10.20.15.3",
				"local_port":	41398,
				"remote_host":	"10.20.15.2",
				"remote_port":	5201
			}],
		"version":	"iperf 3.7",
		"system_info":	"Linux node2 5.8.0-1006-raspi #9-Ubuntu SMP PREEMPT Fri Oct 16 12:55:30 UTC 2020 aarch64",
		"timestamp":	{
			"time":	"Sun, 08 Aug 2021 13:54:09 GMT",
			"timesecs":	1628430849
		},
		"connecting_to":	{
			"host":	"10.20.15.2",
			"port":	5201
		},
		"cookie":	"x5wftmm3uxdwkieejth65ncvvcc4a4kvuxlu",
		"sock_bufsize":	0,
		"sndbuf_actual":	212992,
		"rcvbuf_actual":	212992,
		"test_start":	{
			"protocol":	"UDP",
			"num_streams":	1,
			"blksize":	1448,
			"omit":	0,
			"duration":	30,
			"bytes":	0,
			"blocks":	0,
			"reverse":	0,
			"tos":	0
		}
	},
	"intervals":	[{
			"streams":	[{
					"socket":	6,
					"start":	0,
					"end":	10.000089,
					"seconds":	10.000088691711426,
					"bytes":	1139576,
					"bits_per_second":	911652.71439605346,
					"packets":	787,
					"omitted":	false,
					"sender":	true
				}],
			"sum":	{
				"start":	0,
				"end":	10.000089,
				"seconds":	10.000088691711426,
				"bytes":	1139576,
				"bits_per_second":	911652.71439605346,
				"packets":	787,
				"omitted":	false,
				"sender":	true
			}
		}, {
			"streams":	[{
					"socket":	6,
					"start":	10.000089,
					"end":	20.000081,
					"seconds":	9.9999923706054688,
					"bytes":	922376,
					"bits_per_second":	737901.36297406233,
					"packets":	637,
					"omitted":	false,
					"sender":	true
				}],
			"sum":	{
				"start":	10.000089,
				"end":	20.000081,
				"seconds":	9.9999923706054688,
				"bytes":	922376,
				"bits_per_second":	737901.36297406233,
				"packets":	637,
				"omitted":	false,
				"sender":	true
			}
		}, {
			"streams":	[{
					"socket":	6,
					"start":	20.000081,
					"end":	30.000115,
					"seconds":	10.000034332275391,
					"bytes":	11799752,
					"bits_per_second":	9439769.19112445,
					"packets":	8149,
					"omitted":	false,
					"sender":	true
				}],
			"sum":	{
				"start":	20.000081,
				"end":	30.000115,
				"seconds":	10.000034332275391,
				"bytes":	11799752,
				"bits_per_second":	9439769.19112445,
				"packets":	8149,
				"omitted":	false,
				"sender":	true
			}
		}],
	"end":	{
		"streams":	[{
				"udp":	{
					"socket":	6,
					"start":	0,
					"end":	30.000115,
					"seconds":	30.000115,
					"bytes":	13861704,
					"bits_per_second":	3696440.2303124503,
					"jitter_ms":	67.731368628193081,
					"lost_packets":	1886,
					"packets":	9573,
					"lost_percent":	19.701243079494411,
					"out_of_order":	0,
					"sender":	true
				}
			}],
		"sum":	{
			"start":	0,
			"end":	31.385866,
			"seconds":	31.385866,
			"bytes":	13861704,
			"bits_per_second":	3696440.2303124503,
			"jitter_ms":	67.731368628193081,
			"lost_packets":	1886,
			"packets":	9573,
			"lost_percent":	19.701243079494411,
			"sender":	true
		},
		"cpu_utilization_percent":	{
			"host_total":	5.858665911426221,
			"host_user":	0.45198251282823571,
			"host_system":	5.4066900562182774,
			"remote_total":	1.170455414096778,
			"remote_user":	0.12921710180581136,
			"remote_system":	1.0412224729796395
		}
	}
}
