{
	"start":	{
		"connected":	[{
				"socket":	6,
				"local_host":	"10.20.15.3",
				"local_port":	59226,
				"remote_host":	"10.20.15.2",
				"remote_port":	5201
			}],
		"version":	"iperf 3.7",
		"system_info":	"Linux node2 5.8.0-1006-raspi #9-Ubuntu SMP PREEMPT Fri Oct 16 12:55:30 UTC 2020 aarch64",
		"timestamp":	{
			"time":	"Sun, 08 Aug 2021 13:56:02 GMT",
			"timesecs":	1628430962
		},
		"connecting_to":	{
			"host":	"10.20.15.2",
			"port":	5201
		},
		"cookie":	"nwv5a2z3d3mv3bjn23z5s3b3gtm33n5mi52j",
		"sock_bufsize":	0,
		"sndbuf_actual":	212992,
		"rcvbuf_actual":	212992,
		"test_start":	{
			"protocol":	"UDP",
			"num_streams":	1,
			"blksize":	1448,
			"omit":	0,
			"duration":	30,
			"bytes":	0,
			"blocks":	0,
			"reverse":	0,
			"tos":	0
		}
	},
	"intervals":	[{
			"streams":	[{
					"socket":	6,
					"start":	0,
					"end":	10.000085,
					"seconds":	10.00008487701416,
					"bytes":	9036968,
					"bits_per_second":	7229513.03805195,
					"packets":	6241,
					"omitted":	false,
					"sender":	true
				}],
			"sum":	{
				"start":	0,
				"end":	10.000085,
				"seconds":	10.00008487701416,
				"bytes":	9036968,
				"bits_per_second":	7229513.03805195,
				"packets":	6241,
				"omitted":	false,
				"sender":	true
			}
		}, {
			"streams":	[{
					"socket":	6,
					"start":	10.000085,
					"end":	20.000096,
					"seconds":	10.000011444091797,
					"bytes":	1025184,
					"bits_per_second":	820146.26141708973,
					"packets":	708,
					"omitted":	false,
					"sender":	true
				}],
			"sum":	{
				"start":	10.000085,
				"end":	20.000096,
				"seconds":	10.000011444091797,
				"bytes":	1025184,
				"bits_per_second":	820146.26141708973,
				"packets":	708,
				"omitted":	false,
				"sender":	true
			}
		}, {
			"streams":	[{
					"socket":	6,
					"start":	20.000096,
					"end":	30.000113,
					"seconds":	10.000017166137695,
					"bytes":	3333296,
					"bits_per_second":	2666632.2224224089,
					"packets":	2302,
					"omitted":	false,
					"sender":	true
				}],
			"sum":	{
				"start":	20.000096,
				"end":	30.000113,
				"seconds":	10.000017166137695,
				"bytes":	3333296,
				"bits_per_second":	2666632.2224224089,
				"packets":	2302,
				"omitted":	false,
				"sender":	true
			}
		}],
	"end":	{
		"streams":	[{
				"udp":	{
					"socket":	6,
					"start":	0,
					"end":	30.000113,
					"seconds":	30.000113,
					"bytes":	13395448,
					"bits_per_second":	3572106.0117340228,
					"jitter_ms":	0.23879206978731871,
					"lost_packets":	1663,
					"packets":	9251,
					"lost_percent":	17.976434980002161,
					"out_of_order":	0,
					"sender":	true
				}
			}],
		"sum":	{
			"start":	0,
			"end":	30.002083,
			"seconds":	30.002083,
			"bytes":	13395448,
			"bits_per_second":	3572106.0117340228,
			"jitter_ms":	0.23879206978731871,
			"lost_packets":	1663,
			"packets":	9251,
			"lost_percent":	17.976434980002161,
			"sender":	true
		},
		"cpu_utilization_percent":	{
			"host_total":	6.0344726749269855,
			"host_user":	0.35682440079850763,
			"host_system":	5.677654939134003,
			"remote_total":	1.10169118837617,
			"remote_user":	0.073365232322680426,
			"remote_system":	1.0283259560534896
		}
	}
}
