{
	"start":	{
		"connected":	[{
				"socket":	6,
				"local_host":	"10.20.15.3",
				"local_port":	36618,
				"remote_host":	"10.20.15.2",
				"remote_port":	5201
			}],
		"version":	"iperf 3.7",
		"system_info":	"Linux node2 5.8.0-1006-raspi #9-Ubuntu SMP PREEMPT Fri Oct 16 12:55:30 UTC 2020 aarch64",
		"timestamp":	{
			"time":	"Sun, 08 Aug 2021 11:11:24 GMT",
			"timesecs":	1628421084
		},
		"connecting_to":	{
			"host":	"10.20.15.2",
			"port":	5201
		},
		"cookie":	"6po6somlp5cwpdyipsepbdog7mfs7se4gr3h",
		"sock_bufsize":	0,
		"sndbuf_actual":	212992,
		"rcvbuf_actual":	212992,
		"test_start":	{
			"protocol":	"UDP",
			"num_streams":	1,
			"blksize":	1448,
			"omit":	0,
			"duration":	30,
			"bytes":	0,
			"blocks":	0,
			"reverse":	0,
			"tos":	0
		}
	},
	"intervals":	[{
			"streams":	[{
					"socket":	6,
					"start":	0,
					"end":	10.000131,
					"seconds":	10.000130653381348,
					"bytes":	3042248,
					"bits_per_second":	2433766.6020164033,
					"packets":	2101,
					"omitted":	false,
					"sender":	true
				}],
			"sum":	{
				"start":	0,
				"end":	10.000131,
				"seconds":	10.000130653381348,
				"bytes":	3042248,
				"bits_per_second":	2433766.6020164033,
				"packets":	2101,
				"omitted":	false,
				"sender":	true
			}
		}, {
			"streams":	[{
					"socket":	6,
					"start":	10.000131,
					"end":	20.000106,
					"seconds":	9.9999752044677734,
					"bytes":	1156952,
					"bits_per_second":	925563.89498493855,
					"packets":	799,
					"omitted":	false,
					"sender":	true
				}],
			"sum":	{
				"start":	10.000131,
				"end":	20.000106,
				"seconds":	9.9999752044677734,
				"bytes":	1156952,
				"bits_per_second":	925563.89498493855,
				"packets":	799,
				"omitted":	false,
				"sender":	true
			}
		}, {
			"streams":	[{
					"socket":	6,
					"start":	20.000106,
					"end":	30.000098,
					"seconds":	9.9999923706054688,
					"bytes":	10370576,
					"bits_per_second":	8296467.1297020949,
					"packets":	7162,
					"omitted":	false,
					"sender":	true
				}],
			"sum":	{
				"start":	20.000106,
				"end":	30.000098,
				"seconds":	9.9999923706054688,
				"bytes":	10370576,
				"bits_per_second":	8296467.1297020949,
				"packets":	7162,
				"omitted":	false,
				"sender":	true
			}
		}],
	"end":	{
		"streams":	[{
				"udp":	{
					"socket":	6,
					"start":	0,
					"end":	30.000098,
					"seconds":	30.000098,
					"bytes":	14569776,
					"bits_per_second":	3885260.9081476997,
					"jitter_ms":	0.16655306365906564,
					"lost_packets":	2424,
					"packets":	10062,
					"lost_percent":	24.090638044126415,
					"out_of_order":	0,
					"sender":	true
				}
			}],
		"sum":	{
			"start":	0,
			"end":	30.002284,
			"seconds":	30.002284,
			"bytes":	14569776,
			"bits_per_second":	3885260.9081476997,
			"jitter_ms":	0.16655306365906564,
			"lost_packets":	2424,
			"packets":	10062,
			"lost_percent":	24.090638044126415,
			"sender":	true
		},
		"cpu_utilization_percent":	{
			"host_total":	5.9158016750725562,
			"host_user":	0.68317864744551249,
			"host_system":	5.2326196950645318,
			"remote_total":	1.1650420681409868,
			"remote_user":	0.080544176928530969,
			"remote_system":	1.0844912280608237
		}
	}
}
