{
	"start":	{
		"connected":	[{
				"socket":	6,
				"local_host":	"10.20.15.3",
				"local_port":	55841,
				"remote_host":	"10.20.15.2",
				"remote_port":	5201
			}],
		"version":	"iperf 3.7",
		"system_info":	"Linux node2 5.8.0-1006-raspi #9-Ubuntu SMP PREEMPT Fri Oct 16 12:55:30 UTC 2020 aarch64",
		"timestamp":	{
			"time":	"Sun, 08 Aug 2021 12:23:38 GMT",
			"timesecs":	1628425418
		},
		"connecting_to":	{
			"host":	"10.20.15.2",
			"port":	5201
		},
		"cookie":	"ja3hxnosd74ydrx5js2t4lbspoxk5i6lgjqm",
		"sock_bufsize":	0,
		"sndbuf_actual":	212992,
		"rcvbuf_actual":	212992,
		"test_start":	{
			"protocol":	"UDP",
			"num_streams":	1,
			"blksize":	1448,
			"omit":	0,
			"duration":	30,
			"bytes":	0,
			"blocks":	0,
			"reverse":	0,
			"tos":	0
		}
	},
	"intervals":	[{
			"streams":	[{
					"socket":	6,
					"start":	0,
					"end":	10.000087,
					"seconds":	10.000086784362793,
					"bytes":	5354704,
					"bits_per_second":	4283726.023956663,
					"packets":	3698,
					"omitted":	false,
					"sender":	true
				}],
			"sum":	{
				"start":	0,
				"end":	10.000087,
				"seconds":	10.000086784362793,
				"bytes":	5354704,
				"bits_per_second":	4283726.023956663,
				"packets":	3698,
				"omitted":	false,
				"sender":	true
			}
		}, {
			"streams":	[{
					"socket":	6,
					"start":	10.000087,
					"end":	20.000728,
					"seconds":	10.000640869140625,
					"bytes":	721104,
					"bits_per_second":	576846.23170512146,
					"packets":	498,
					"omitted":	false,
					"sender":	true
				}],
			"sum":	{
				"start":	10.000087,
				"end":	20.000728,
				"seconds":	10.000640869140625,
				"bytes":	721104,
				"bits_per_second":	576846.23170512146,
				"packets":	498,
				"omitted":	false,
				"sender":	true
			}
		}, {
			"streams":	[{
					"socket":	6,
					"start":	20.000728,
					"end":	30.000115,
					"seconds":	9.99938678741455,
					"bytes":	6985152,
					"bits_per_second":	5588464.2916636979,
					"packets":	4824,
					"omitted":	false,
					"sender":	true
				}],
			"sum":	{
				"start":	20.000728,
				"end":	30.000115,
				"seconds":	9.99938678741455,
				"bytes":	6985152,
				"bits_per_second":	5588464.2916636979,
				"packets":	4824,
				"omitted":	false,
				"sender":	true
			}
		}],
	"end":	{
		"streams":	[{
				"udp":	{
					"socket":	6,
					"start":	0,
					"end":	30.000115,
					"seconds":	30.000115,
					"bytes":	13060960,
					"bits_per_second":	3482909.3155142902,
					"jitter_ms":	0.42117762329887609,
					"lost_packets":	1754,
					"packets":	9020,
					"lost_percent":	19.445676274944567,
					"out_of_order":	0,
					"sender":	true
				}
			}],
		"sum":	{
			"start":	0,
			"end":	30.006559,
			"seconds":	30.006559,
			"bytes":	13060960,
			"bits_per_second":	3482909.3155142902,
			"jitter_ms":	0.42117762329887609,
			"lost_packets":	1754,
			"packets":	9020,
			"lost_percent":	19.445676274944567,
			"sender":	true
		},
		"cpu_utilization_percent":	{
			"host_total":	6.1245463398365088,
			"host_user":	0.34006058599699795,
			"host_system":	5.7844824213497423,
			"remote_total":	1.1795868528520854,
			"remote_user":	0.075908135835464255,
			"remote_system":	1.1036787170166211
		}
	}
}
