{
	"start":	{
		"connected":	[{
				"socket":	6,
				"local_host":	"10.20.15.3",
				"local_port":	54548,
				"remote_host":	"10.20.15.2",
				"remote_port":	5201
			}],
		"version":	"iperf 3.7",
		"system_info":	"Linux node2 5.8.0-1006-raspi #9-Ubuntu SMP PREEMPT Fri Oct 16 12:55:30 UTC 2020 aarch64",
		"timestamp":	{
			"time":	"Sun, 08 Aug 2021 13:20:02 GMT",
			"timesecs":	1628428802
		},
		"connecting_to":	{
			"host":	"10.20.15.2",
			"port":	5201
		},
		"cookie":	"xc3wanw5id3vz2m4y4cu2kqdekr2r2pflx4q",
		"sock_bufsize":	0,
		"sndbuf_actual":	212992,
		"rcvbuf_actual":	212992,
		"test_start":	{
			"protocol":	"UDP",
			"num_streams":	1,
			"blksize":	1448,
			"omit":	0,
			"duration":	30,
			"bytes":	0,
			"blocks":	0,
			"reverse":	0,
			"tos":	0
		}
	},
	"intervals":	[{
			"streams":	[{
					"socket":	6,
					"start":	0,
					"end":	10.000083,
					"seconds":	10.000082969665527,
					"bytes":	5324296,
					"bits_per_second":	4259401.4598885523,
					"packets":	3677,
					"omitted":	false,
					"sender":	true
				}],
			"sum":	{
				"start":	0,
				"end":	10.000083,
				"seconds":	10.000082969665527,
				"bytes":	5324296,
				"bits_per_second":	4259401.4598885523,
				"packets":	3677,
				"omitted":	false,
				"sender":	true
			}
		}, {
			"streams":	[{
					"socket":	6,
					"start":	10.000083,
					"end":	20.000093,
					"seconds":	10.000009536743164,
					"bytes":	6555096,
					"bits_per_second":	5244071.7988634119,
					"packets":	4527,
					"omitted":	false,
					"sender":	true
				}],
			"sum":	{
				"start":	10.000083,
				"end":	20.000093,
				"seconds":	10.000009536743164,
				"bytes":	6555096,
				"bits_per_second":	5244071.7988634119,
				"packets":	4527,
				"omitted":	false,
				"sender":	true
			}
		}, {
			"streams":	[{
					"socket":	6,
					"start":	20.000093,
					"end":	30.000149,
					"seconds":	10.000056266784668,
					"bytes":	16104656,
					"bits_per_second":	12883652.307830986,
					"packets":	11122,
					"omitted":	false,
					"sender":	true
				}],
			"sum":	{
				"start":	20.000093,
				"end":	30.000149,
				"seconds":	10.000056266784668,
				"bytes":	16104656,
				"bits_per_second":	12883652.307830986,
				"packets":	11122,
				"omitted":	false,
				"sender":	true
			}
		}],
	"end":	{
		"streams":	[{
				"udp":	{
					"socket":	6,
					"start":	0,
					"end":	30.000149,
					"seconds":	30.000149,
					"bytes":	27984048,
					"bits_per_second":	7462375.7368671736,
					"jitter_ms":	15.68269903290861,
					"lost_packets":	7089,
					"packets":	19326,
					"lost_percent":	36.681154920832043,
					"out_of_order":	0,
					"sender":	true
				}
			}],
		"sum":	{
			"start":	0,
			"end":	30.130889,
			"seconds":	30.130889,
			"bytes":	27984048,
			"bits_per_second":	7462375.7368671736,
			"jitter_ms":	15.68269903290861,
			"lost_packets":	7089,
			"packets":	19326,
			"lost_percent":	36.681154920832043,
			"sender":	true
		},
		"cpu_utilization_percent":	{
			"host_total":	15.248469249595493,
			"host_user":	1.7042848040679861,
			"host_system":	13.544199741101004,
			"remote_total":	1.9107931759971675,
			"remote_user":	0.1750868366491268,
			"remote_system":	1.7358434282010535
		}
	}
}
