{
	"start":	{
		"connected":	[{
				"socket":	6,
				"local_host":	"10.20.15.3",
				"local_port":	54766,
				"remote_host":	"10.20.15.2",
				"remote_port":	5201
			}],
		"version":	"iperf 3.7",
		"system_info":	"Linux node2 5.8.0-1006-raspi #9-Ubuntu SMP PREEMPT Fri Oct 16 12:55:30 UTC 2020 aarch64",
		"timestamp":	{
			"time":	"Sun, 08 Aug 2021 11:05:52 GMT",
			"timesecs":	1628420752
		},
		"connecting_to":	{
			"host":	"10.20.15.2",
			"port":	5201
		},
		"cookie":	"slyvdpxxs2coxi63spqfqn6zm3crnqnn5iio",
		"sock_bufsize":	0,
		"sndbuf_actual":	212992,
		"rcvbuf_actual":	212992,
		"test_start":	{
			"protocol":	"UDP",
			"num_streams":	1,
			"blksize":	1448,
			"omit":	0,
			"duration":	30,
			"bytes":	0,
			"blocks":	0,
			"reverse":	0,
			"tos":	0
		}
	},
	"intervals":	[{
			"streams":	[{
					"socket":	6,
					"start":	0,
					"end":	10.000118,
					"seconds":	10.000118255615234,
					"bytes":	12076320,
					"bits_per_second":	9660941.7539389152,
					"packets":	8340,
					"omitted":	false,
					"sender":	true
				}],
			"sum":	{
				"start":	0,
				"end":	10.000118,
				"seconds":	10.000118255615234,
				"bytes":	12076320,
				"bits_per_second":	9660941.7539389152,
				"packets":	8340,
				"omitted":	false,
				"sender":	true
			}
		}, {
			"streams":	[{
					"socket":	6,
					"start":	10.000118,
					"end":	20.000372,
					"seconds":	10.000253677368164,
					"bytes":	1969280,
					"bits_per_second":	1575384.0360723881,
					"packets":	1360,
					"omitted":	false,
					"sender":	true
				}],
			"sum":	{
				"start":	10.000118,
				"end":	20.000372,
				"seconds":	10.000253677368164,
				"bytes":	1969280,
				"bits_per_second":	1575384.0360723881,
				"packets":	1360,
				"omitted":	false,
				"sender":	true
			}
		}, {
			"streams":	[{
					"socket":	6,
					"start":	20.000372,
					"end":	30.000168,
					"seconds":	9.9997959136962891,
					"bytes":	1853440,
					"bits_per_second":	1482782.2615550968,
					"packets":	1280,
					"omitted":	false,
					"sender":	true
				}],
			"sum":	{
				"start":	20.000372,
				"end":	30.000168,
				"seconds":	9.9997959136962891,
				"bytes":	1853440,
				"bits_per_second":	1482782.2615550968,
				"packets":	1280,
				"omitted":	false,
				"sender":	true
			}
		}],
	"end":	{
		"streams":	[{
				"udp":	{
					"socket":	6,
					"start":	0,
					"end":	30.000168,
					"seconds":	30.000168,
					"bytes":	15899040,
					"bits_per_second":	4239720.2575665582,
					"jitter_ms":	66.4731746513506,
					"lost_packets":	3815,
					"packets":	10980,
					"lost_percent":	34.744990892531874,
					"out_of_order":	0,
					"sender":	true
				}
			}],
		"sum":	{
			"start":	0,
			"end":	30.199712,
			"seconds":	30.199712,
			"bytes":	15899040,
			"bits_per_second":	4239720.2575665582,
			"jitter_ms":	66.4731746513506,
			"lost_packets":	3815,
			"packets":	10980,
			"lost_percent":	34.744990892531874,
			"sender":	true
		},
		"cpu_utilization_percent":	{
			"host_total":	6.1921416443528381,
			"host_user":	0.82612542510134956,
			"host_system":	5.3660228842408,
			"remote_total":	0.77376453937535961,
			"remote_user":	0.068522358238181952,
			"remote_system":	0.705230249680058
		}
	}
}
