{
	"start":	{
		"connected":	[{
				"socket":	6,
				"local_host":	"10.20.15.3",
				"local_port":	51216,
				"remote_host":	"10.20.15.2",
				"remote_port":	5201
			}],
		"version":	"iperf 3.7",
		"system_info":	"Linux node2 5.8.0-1006-raspi #9-Ubuntu SMP PREEMPT Fri Oct 16 12:55:30 UTC 2020 aarch64",
		"timestamp":	{
			"time":	"Sun, 08 Aug 2021 12:17:07 GMT",
			"timesecs":	1628425027
		},
		"connecting_to":	{
			"host":	"10.20.15.2",
			"port":	5201
		},
		"cookie":	"uzh3q4bnrdkgk4mnlrsdqfyke73pp6xqjebk",
		"sock_bufsize":	0,
		"sndbuf_actual":	212992,
		"rcvbuf_actual":	212992,
		"test_start":	{
			"protocol":	"UDP",
			"num_streams":	1,
			"blksize":	1448,
			"omit":	0,
			"duration":	30,
			"bytes":	0,
			"blocks":	0,
			"reverse":	0,
			"tos":	0
		}
	},
	"intervals":	[{
			"streams":	[{
					"socket":	6,
					"start":	0,
					"end":	10.000078,
					"seconds":	10.000078201293945,
					"bytes":	10372024,
					"bits_per_second":	8297554.3120516213,
					"packets":	7163,
					"omitted":	false,
					"sender":	true
				}],
			"sum":	{
				"start":	0,
				"end":	10.000078,
				"seconds":	10.000078201293945,
				"bytes":	10372024,
				"bits_per_second":	8297554.3120516213,
				"packets":	7163,
				"omitted":	false,
				"sender":	true
			}
		}, {
			"streams":	[{
					"socket":	6,
					"start":	10.000078,
					"end":	20.000084,
					"seconds":	10.000005722045898,
					"bytes":	849976,
					"bits_per_second":	679980.41091208789,
					"packets":	587,
					"omitted":	false,
					"sender":	true
				}],
			"sum":	{
				"start":	10.000078,
				"end":	20.000084,
				"seconds":	10.000005722045898,
				"bytes":	849976,
				"bits_per_second":	679980.41091208789,
				"packets":	587,
				"omitted":	false,
				"sender":	true
			}
		}, {
			"streams":	[{
					"socket":	6,
					"start":	20.000084,
					"end":	30.000107,
					"seconds":	10.000022888183594,
					"bytes":	1033872,
					"bits_per_second":	827095.706928161,
					"packets":	714,
					"omitted":	false,
					"sender":	true
				}],
			"sum":	{
				"start":	20.000084,
				"end":	30.000107,
				"seconds":	10.000022888183594,
				"bytes":	1033872,
				"bits_per_second":	827095.706928161,
				"packets":	714,
				"omitted":	false,
				"sender":	true
			}
		}],
	"end":	{
		"streams":	[{
				"udp":	{
					"socket":	6,
					"start":	0,
					"end":	30.000107,
					"seconds":	30.000107,
					"bytes":	12255872,
					"bits_per_second":	3268220.8766788733,
					"jitter_ms":	3.5247504812834625,
					"lost_packets":	1889,
					"packets":	8464,
					"lost_percent":	22.318052930056712,
					"out_of_order":	0,
					"sender":	true
				}
			}],
		"sum":	{
			"start":	0,
			"end":	30.018856,
			"seconds":	30.018856,
			"bytes":	12255872,
			"bits_per_second":	3268220.8766788733,
			"jitter_ms":	3.5247504812834625,
			"lost_packets":	1889,
			"packets":	8464,
			"lost_percent":	22.318052930056712,
			"sender":	true
		},
		"cpu_utilization_percent":	{
			"host_total":	5.8683651847123386,
			"host_user":	0.53969471130975144,
			"host_system":	5.328667140884054,
			"remote_total":	0.99823419508032041,
			"remote_user":	0.06373280437991545,
			"remote_system":	0.93450472052299527
		}
	}
}
