{
	"start":	{
		"connected":	[{
				"socket":	6,
				"local_host":	"10.20.15.3",
				"local_port":	59009,
				"remote_host":	"10.20.15.2",
				"remote_port":	5201
			}],
		"version":	"iperf 3.7",
		"system_info":	"Linux node2 5.8.0-1006-raspi #9-Ubuntu SMP PREEMPT Fri Oct 16 12:55:30 UTC 2020 aarch64",
		"timestamp":	{
			"time":	"Sun, 08 Aug 2021 13:49:33 GMT",
			"timesecs":	1628430573
		},
		"connecting_to":	{
			"host":	"10.20.15.2",
			"port":	5201
		},
		"cookie":	"iglzymplbzonj5p77ibzihe3pakyamcerjbo",
		"sock_bufsize":	0,
		"sndbuf_actual":	212992,
		"rcvbuf_actual":	212992,
		"test_start":	{
			"protocol":	"UDP",
			"num_streams":	1,
			"blksize":	1448,
			"omit":	0,
			"duration":	30,
			"bytes":	0,
			"blocks":	0,
			"reverse":	0,
			"tos":	0
		}
	},
	"intervals":	[{
			"streams":	[{
					"socket":	6,
					"start":	0,
					"end":	10.000176,
					"seconds":	10.000176429748535,
					"bytes":	4882656,
					"bits_per_second":	3906055.885554235,
					"packets":	3372,
					"omitted":	false,
					"sender":	true
				}],
			"sum":	{
				"start":	0,
				"end":	10.000176,
				"seconds":	10.000176429748535,
				"bytes":	4882656,
				"bits_per_second":	3906055.885554235,
				"packets":	3372,
				"omitted":	false,
				"sender":	true
			}
		}, {
			"streams":	[{
					"socket":	6,
					"start":	10.000176,
					"end":	20.000129,
					"seconds":	9.9999532699584961,
					"bytes":	779024,
					"bits_per_second":	623222.11231951753,
					"packets":	538,
					"omitted":	false,
					"sender":	true
				}],
			"sum":	{
				"start":	10.000176,
				"end":	20.000129,
				"seconds":	9.9999532699584961,
				"bytes":	779024,
				"bits_per_second":	623222.11231951753,
				"packets":	538,
				"omitted":	false,
				"sender":	true
			}
		}, {
			"streams":	[{
					"socket":	6,
					"start":	20.000129,
					"end":	30.000102,
					"seconds":	9.99997329711914,
					"bytes":	5563216,
					"bits_per_second":	4450584.6843432579,
					"packets":	3842,
					"omitted":	false,
					"sender":	true
				}],
			"sum":	{
				"start":	20.000129,
				"end":	30.000102,
				"seconds":	9.99997329711914,
				"bytes":	5563216,
				"bits_per_second":	4450584.6843432579,
				"packets":	3842,
				"omitted":	false,
				"sender":	true
			}
		}],
	"end":	{
		"streams":	[{
				"udp":	{
					"socket":	6,
					"start":	0,
					"end":	30.000102,
					"seconds":	30.000102,
					"bytes":	11224896,
					"bits_per_second":	2993295.4227955625,
					"jitter_ms":	0.44684174548329453,
					"lost_packets":	1715,
					"packets":	7752,
					"lost_percent":	22.123323013415892,
					"out_of_order":	0,
					"sender":	true
				}
			}],
		"sum":	{
			"start":	0,
			"end":	30.004802,
			"seconds":	30.004802,
			"bytes":	11224896,
			"bits_per_second":	2993295.4227955625,
			"jitter_ms":	0.44684174548329453,
			"lost_packets":	1715,
			"packets":	7752,
			"lost_percent":	22.123323013415892,
			"sender":	true
		},
		"cpu_utilization_percent":	{
			"host_total":	5.9361122906965358,
			"host_user":	1.0594706349438578,
			"host_system":	4.8766349903822039,
			"remote_total":	0.93024757307057049,
			"remote_user":	0.11589241205034555,
			"remote_system":	0.81434849804773235
		}
	}
}
