{
	"start":	{
		"connected":	[{
				"socket":	6,
				"local_host":	"10.20.15.3",
				"local_port":	50287,
				"remote_host":	"10.20.15.2",
				"remote_port":	5201
			}],
		"version":	"iperf 3.7",
		"system_info":	"Linux node2 5.8.0-1006-raspi #9-Ubuntu SMP PREEMPT Fri Oct 16 12:55:30 UTC 2020 aarch64",
		"timestamp":	{
			"time":	"Sun, 08 Aug 2021 12:03:07 GMT",
			"timesecs":	1628424187
		},
		"connecting_to":	{
			"host":	"10.20.15.2",
			"port":	5201
		},
		"cookie":	"ck22z3y7hzfnd45gcxb3s27xlgzeid65e62e",
		"sock_bufsize":	0,
		"sndbuf_actual":	212992,
		"rcvbuf_actual":	212992,
		"test_start":	{
			"protocol":	"UDP",
			"num_streams":	1,
			"blksize":	1448,
			"omit":	0,
			"duration":	30,
			"bytes":	0,
			"blocks":	0,
			"reverse":	0,
			"tos":	0
		}
	},
	"intervals":	[{
			"streams":	[{
					"socket":	6,
					"start":	0,
					"end":	10.000101,
					"seconds":	10.000101089477539,
					"bytes":	8756056,
					"bits_per_second":	7004773.9891057163,
					"packets":	6047,
					"omitted":	false,
					"sender":	true
				}],
			"sum":	{
				"start":	0,
				"end":	10.000101,
				"seconds":	10.000101089477539,
				"bytes":	8756056,
				"bits_per_second":	7004773.9891057163,
				"packets":	6047,
				"omitted":	false,
				"sender":	true
			}
		}, {
			"streams":	[{
					"socket":	6,
					"start":	10.000101,
					"end":	20.000088,
					"seconds":	9.99998664855957,
					"bytes":	2429744,
					"bits_per_second":	1943797.795250047,
					"packets":	1678,
					"omitted":	false,
					"sender":	true
				}],
			"sum":	{
				"start":	10.000101,
				"end":	20.000088,
				"seconds":	9.99998664855957,
				"bytes":	2429744,
				"bits_per_second":	1943797.795250047,
				"packets":	1678,
				"omitted":	false,
				"sender":	true
			}
		}, {
			"streams":	[{
					"socket":	6,
					"start":	20.000088,
					"end":	30.000134,
					"seconds":	10.000045776367188,
					"bytes":	4726272,
					"bits_per_second":	3781000.29195423,
					"packets":	3264,
					"omitted":	false,
					"sender":	true
				}],
			"sum":	{
				"start":	20.000088,
				"end":	30.000134,
				"seconds":	10.000045776367188,
				"bytes":	4726272,
				"bits_per_second":	3781000.29195423,
				"packets":	3264,
				"omitted":	false,
				"sender":	true
			}
		}],
	"end":	{
		"streams":	[{
				"udp":	{
					"socket":	6,
					"start":	0,
					"end":	30.000134,
					"seconds":	30.000134,
					"bytes":	15912072,
					"bits_per_second":	4243200.2470388971,
					"jitter_ms":	0.42154257804458473,
					"lost_packets":	5004,
					"packets":	10989,
					"lost_percent":	45.536445536445534,
					"out_of_order":	0,
					"sender":	true
				}
			}],
		"sum":	{
			"start":	0,
			"end":	30.003423,
			"seconds":	30.003423,
			"bytes":	15912072,
			"bits_per_second":	4243200.2470388971,
			"jitter_ms":	0.42154257804458473,
			"lost_packets":	5004,
			"packets":	10989,
			"lost_percent":	45.536445536445534,
			"sender":	true
		},
		"cpu_utilization_percent":	{
			"host_total":	6.0787574309955952,
			"host_user":	0.85380363566126061,
			"host_system":	5.2249571278621962,
			"remote_total":	0.92582996269182649,
			"remote_user":	0.1249580116894657,
			"remote_system":	0.80087528241646666
		}
	}
}
