{
	"start":	{
		"connected":	[{
				"socket":	6,
				"local_host":	"10.20.15.3",
				"local_port":	34212,
				"remote_host":	"10.20.15.2",
				"remote_port":	5201
			}],
		"version":	"iperf 3.7",
		"system_info":	"Linux node2 5.8.0-1006-raspi #9-Ubuntu SMP PREEMPT Fri Oct 16 12:55:30 UTC 2020 aarch64",
		"timestamp":	{
			"time":	"Sun, 08 Aug 2021 13:00:18 GMT",
			"timesecs":	1628427618
		},
		"connecting_to":	{
			"host":	"10.20.15.2",
			"port":	5201
		},
		"cookie":	"bisqpa7jfdqafloupub3rdksnhmhlm3ooldv",
		"sock_bufsize":	0,
		"sndbuf_actual":	212992,
		"rcvbuf_actual":	212992,
		"test_start":	{
			"protocol":	"UDP",
			"num_streams":	1,
			"blksize":	1448,
			"omit":	0,
			"duration":	30,
			"bytes":	0,
			"blocks":	0,
			"reverse":	0,
			"tos":	0
		}
	},
	"intervals":	[{
			"streams":	[{
					"socket":	6,
					"start":	0,
					"end":	10.000092,
					"seconds":	10.000091552734375,
					"bytes":	1156952,
					"bits_per_second":	925553.12630804768,
					"packets":	799,
					"omitted":	false,
					"sender":	true
				}],
			"sum":	{
				"start":	0,
				"end":	10.000092,
				"seconds":	10.000091552734375,
				"bytes":	1156952,
				"bits_per_second":	925553.12630804768,
				"packets":	799,
				"omitted":	false,
				"sender":	true
			}
		}, {
			"streams":	[{
					"socket":	6,
					"start":	10.000092,
					"end":	20.000088,
					"seconds":	9.9999961853027344,
					"bytes":	761648,
					"bits_per_second":	609318.63243661216,
					"packets":	526,
					"omitted":	false,
					"sender":	true
				}],
			"sum":	{
				"start":	10.000092,
				"end":	20.000088,
				"seconds":	9.9999961853027344,
				"bytes":	761648,
				"bits_per_second":	609318.63243661216,
				"packets":	526,
				"omitted":	false,
				"sender":	true
			}
		}, {
			"streams":	[{
					"socket":	6,
					"start":	20.000088,
					"end":	30.00011,
					"seconds":	10.000021934509277,
					"bytes":	7855400,
					"bits_per_second":	6284306.2156827012,
					"packets":	5425,
					"omitted":	false,
					"sender":	true
				}],
			"sum":	{
				"start":	20.000088,
				"end":	30.00011,
				"seconds":	10.000021934509277,
				"bytes":	7855400,
				"bits_per_second":	6284306.2156827012,
				"packets":	5425,
				"omitted":	false,
				"sender":	true
			}
		}],
	"end":	{
		"streams":	[{
				"udp":	{
					"socket":	6,
					"start":	0,
					"end":	30.00011,
					"seconds":	30.00011,
					"bytes":	9774000,
					"bits_per_second":	2606390.4432350416,
					"jitter_ms":	0.23935739580356361,
					"lost_packets":	1778,
					"packets":	6750,
					"lost_percent":	26.340740740740742,
					"out_of_order":	0,
					"sender":	true
				}
			}],
		"sum":	{
			"start":	0,
			"end":	57.778248,
			"seconds":	57.778248,
			"bytes":	9774000,
			"bits_per_second":	2606390.4432350416,
			"jitter_ms":	0.23935739580356361,
			"lost_packets":	1778,
			"packets":	6750,
			"lost_percent":	26.340740740740742,
			"sender":	true
		},
		"cpu_utilization_percent":	{
			"host_total":	5.4395092522106987,
			"host_user":	0.5052235000279609,
			"host_system":	4.9342957501411542,
			"remote_total":	0.41906232535681026,
			"remote_user":	0.024352277523697487,
			"remote_system":	0.39471350868403637
		}
	}
}
