{
	"start":	{
		"connected":	[{
				"socket":	6,
				"local_host":	"10.20.15.3",
				"local_port":	59535,
				"remote_host":	"10.20.15.2",
				"remote_port":	5201
			}],
		"version":	"iperf 3.7",
		"system_info":	"Linux node2 5.8.0-1006-raspi #9-Ubuntu SMP PREEMPT Fri Oct 16 12:55:30 UTC 2020 aarch64",
		"timestamp":	{
			"time":	"Sun, 08 Aug 2021 10:38:04 GMT",
			"timesecs":	1628419084
		},
		"connecting_to":	{
			"host":	"10.20.15.2",
			"port":	5201
		},
		"cookie":	"c7dfak4gcqqwzudsg6ospo3tnt54764hv4fi",
		"sock_bufsize":	0,
		"sndbuf_actual":	212992,
		"rcvbuf_actual":	212992,
		"test_start":	{
			"protocol":	"UDP",
			"num_streams":	1,
			"blksize":	1448,
			"omit":	0,
			"duration":	30,
			"bytes":	0,
			"blocks":	0,
			"reverse":	0,
			"tos":	0
		}
	},
	"intervals":	[{
			"streams":	[{
					"socket":	6,
					"start":	0,
					"end":	10.000104,
					"seconds":	10.000103950500488,
					"bytes":	39388496,
					"bits_per_second":	31510469.247095115,
					"packets":	27202,
					"omitted":	false,
					"sender":	true
				}],
			"sum":	{
				"start":	0,
				"end":	10.000104,
				"seconds":	10.000103950500488,
				"bytes":	39388496,
				"bits_per_second":	31510469.247095115,
				"packets":	27202,
				"omitted":	false,
				"sender":	true
			}
		}, {
			"streams":	[{
					"socket":	6,
					"start":	10.000104,
					"end":	20.000091,
					"seconds":	9.99998664855957,
					"bytes":	37562568,
					"bits_per_second":	30050094.521204691,
					"packets":	25941,
					"omitted":	false,
					"sender":	true
				}],
			"sum":	{
				"start":	10.000104,
				"end":	20.000091,
				"seconds":	9.99998664855957,
				"bytes":	37562568,
				"bits_per_second":	30050094.521204691,
				"packets":	25941,
				"omitted":	false,
				"sender":	true
			}
		}, {
			"streams":	[{
					"socket":	6,
					"start":	20.000091,
					"end":	30.000117,
					"seconds":	10.000025749206543,
					"bytes":	39410216,
					"bits_per_second":	31528091.617665704,
					"packets":	27217,
					"omitted":	false,
					"sender":	true
				}],
			"sum":	{
				"start":	20.000091,
				"end":	30.000117,
				"seconds":	10.000025749206543,
				"bytes":	39410216,
				"bits_per_second":	31528091.617665704,
				"packets":	27217,
				"omitted":	false,
				"sender":	true
			}
		}],
	"end":	{
		"streams":	[{
				"udp":	{
					"socket":	6,
					"start":	0,
					"end":	30.000117,
					"seconds":	30.000117,
					"bytes":	116361280,
					"bits_per_second":	31029553.651407428,
					"jitter_ms":	0.3372669778241178,
					"lost_packets":	9199,
					"packets":	80360,
					"lost_percent":	11.447237431557989,
					"out_of_order":	0,
					"sender":	true
				}
			}],
		"sum":	{
			"start":	0,
			"end":	30.002102,
			"seconds":	30.002102,
			"bytes":	116361280,
			"bits_per_second":	31029553.651407428,
			"jitter_ms":	0.3372669778241178,
			"lost_packets":	9199,
			"packets":	80360,
			"lost_percent":	11.447237431557989,
			"sender":	true
		},
		"cpu_utilization_percent":	{
			"host_total":	19.719758506622874,
			"host_user":	1.5965910189151593,
			"host_system":	18.123164155109773,
			"remote_total":	10.858176955908618,
			"remote_user":	0.96287467311841135,
			"remote_system":	9.8953056141099776
		}
	}
}
