{
	"start":	{
		"connected":	[{
				"socket":	6,
				"local_host":	"10.20.15.3",
				"local_port":	38930,
				"remote_host":	"10.20.15.2",
				"remote_port":	5201
			}],
		"version":	"iperf 3.7",
		"system_info":	"Linux node2 5.8.0-1006-raspi #9-Ubuntu SMP PREEMPT Fri Oct 16 12:55:30 UTC 2020 aarch64",
		"timestamp":	{
			"time":	"Sun, 08 Aug 2021 12:21:08 GMT",
			"timesecs":	1628425268
		},
		"connecting_to":	{
			"host":	"10.20.15.2",
			"port":	5201
		},
		"cookie":	"5jaybjsx5od7rqf42nhnckwszb6lx7btdvq4",
		"sock_bufsize":	0,
		"sndbuf_actual":	212992,
		"rcvbuf_actual":	212992,
		"test_start":	{
			"protocol":	"UDP",
			"num_streams":	1,
			"blksize":	1448,
			"omit":	0,
			"duration":	30,
			"bytes":	0,
			"blocks":	0,
			"reverse":	0,
			"tos":	0
		}
	},
	"intervals":	[{
			"streams":	[{
					"socket":	6,
					"start":	0,
					"end":	10.000112,
					"seconds":	10.00011157989502,
					"bytes":	9029728,
					"bits_per_second":	7223701.7980111726,
					"packets":	6236,
					"omitted":	false,
					"sender":	true
				}],
			"sum":	{
				"start":	0,
				"end":	10.000112,
				"seconds":	10.00011157989502,
				"bytes":	9029728,
				"bits_per_second":	7223701.7980111726,
				"packets":	6236,
				"omitted":	false,
				"sender":	true
			}
		}, {
			"streams":	[{
					"socket":	6,
					"start":	10.000112,
					"end":	20.000125,
					"seconds":	10.00001335144043,
					"bytes":	744272,
					"bits_per_second":	595416.80503279972,
					"packets":	514,
					"omitted":	false,
					"sender":	true
				}],
			"sum":	{
				"start":	10.000112,
				"end":	20.000125,
				"seconds":	10.00001335144043,
				"bytes":	744272,
				"bits_per_second":	595416.80503279972,
				"packets":	514,
				"omitted":	false,
				"sender":	true
			}
		}, {
			"streams":	[{
					"socket":	6,
					"start":	20.000125,
					"end":	30.000152,
					"seconds":	10.000026702880859,
					"bytes":	1337952,
					"bits_per_second":	1070358.7418338039,
					"packets":	924,
					"omitted":	false,
					"sender":	true
				}],
			"sum":	{
				"start":	20.000125,
				"end":	30.000152,
				"seconds":	10.000026702880859,
				"bytes":	1337952,
				"bits_per_second":	1070358.7418338039,
				"packets":	924,
				"omitted":	false,
				"sender":	true
			}
		}],
	"end":	{
		"streams":	[{
				"udp":	{
					"socket":	6,
					"start":	0,
					"end":	30.000152,
					"seconds":	30.000152,
					"bytes":	11111952,
					"bits_per_second":	2963172.1865942548,
					"jitter_ms":	3.2401228878444366,
					"lost_packets":	1681,
					"packets":	7674,
					"lost_percent":	21.905134219442271,
					"out_of_order":	0,
					"sender":	true
				}
			}],
		"sum":	{
			"start":	0,
			"end":	30.019223,
			"seconds":	30.019223,
			"bytes":	11111952,
			"bits_per_second":	2963172.1865942548,
			"jitter_ms":	3.2401228878444366,
			"lost_packets":	1681,
			"packets":	7674,
			"lost_percent":	21.905134219442271,
			"sender":	true
		},
		"cpu_utilization_percent":	{
			"host_total":	6.0597169356269731,
			"host_user":	0.1503445207824633,
			"host_system":	5.9093690825192047,
			"remote_total":	0.95665463438905207,
			"remote_user":	0.12338034374029458,
			"remote_system":	0.83326430222467507
		}
	}
}
