{
	"start":	{
		"connected":	[{
				"socket":	6,
				"local_host":	"10.20.15.3",
				"local_port":	44615,
				"remote_host":	"10.20.15.2",
				"remote_port":	5201
			}],
		"version":	"iperf 3.7",
		"system_info":	"Linux node2 5.8.0-1006-raspi #9-Ubuntu SMP PREEMPT Fri Oct 16 12:55:30 UTC 2020 aarch64",
		"timestamp":	{
			"time":	"Sun, 08 Aug 2021 10:21:03 GMT",
			"timesecs":	1628418063
		},
		"connecting_to":	{
			"host":	"10.20.15.2",
			"port":	5201
		},
		"cookie":	"ft7doyeil5fqbsarervuzeafkxuajn6daf4r",
		"sock_bufsize":	0,
		"sndbuf_actual":	212992,
		"rcvbuf_actual":	212992,
		"test_start":	{
			"protocol":	"UDP",
			"num_streams":	1,
			"blksize":	1448,
			"omit":	0,
			"duration":	30,
			"bytes":	0,
			"blocks":	0,
			"reverse":	0,
			"tos":	0
		}
	},
	"intervals":	[{
			"streams":	[{
					"socket":	6,
					"start":	0,
					"end":	10.00006,
					"seconds":	10.000060081481934,
					"bytes":	50956568,
					"bits_per_second":	40765009.477781951,
					"packets":	35191,
					"omitted":	false,
					"sender":	true
				}],
			"sum":	{
				"start":	0,
				"end":	10.00006,
				"seconds":	10.000060081481934,
				"bytes":	50956568,
				"bits_per_second":	40765009.477781951,
				"packets":	35191,
				"omitted":	false,
				"sender":	true
			}
		}, {
			"streams":	[{
					"socket":	6,
					"start":	10.00006,
					"end":	20.000045,
					"seconds":	9.9999847412109375,
					"bytes":	51102816,
					"bits_per_second":	40882315.181462377,
					"packets":	35292,
					"omitted":	false,
					"sender":	true
				}],
			"sum":	{
				"start":	10.00006,
				"end":	20.000045,
				"seconds":	9.9999847412109375,
				"bytes":	51102816,
				"bits_per_second":	40882315.181462377,
				"packets":	35292,
				"omitted":	false,
				"sender":	true
			}
		}, {
			"streams":	[{
					"socket":	6,
					"start":	20.000045,
					"end":	30.00011,
					"seconds":	10.000064849853516,
					"bytes":	49701152,
					"bits_per_second":	39760663.752677992,
					"packets":	34324,
					"omitted":	false,
					"sender":	true
				}],
			"sum":	{
				"start":	20.000045,
				"end":	30.00011,
				"seconds":	10.000064849853516,
				"bytes":	49701152,
				"bits_per_second":	39760663.752677992,
				"packets":	34324,
				"omitted":	false,
				"sender":	true
			}
		}],
	"end":	{
		"streams":	[{
				"udp":	{
					"socket":	6,
					"start":	0,
					"end":	30.00011,
					"seconds":	30.00011,
					"bytes":	151760536,
					"bits_per_second":	40469327.879131109,
					"jitter_ms":	0.33662315979158269,
					"lost_packets":	2738,
					"packets":	104807,
					"lost_percent":	2.6124209260831814,
					"out_of_order":	0,
					"sender":	true
				}
			}],
		"sum":	{
			"start":	0,
			"end":	30.003049,
			"seconds":	30.003049,
			"bytes":	151760536,
			"bits_per_second":	40469327.879131109,
			"jitter_ms":	0.33662315979158269,
			"lost_packets":	2738,
			"packets":	104807,
			"lost_percent":	2.6124209260831814,
			"sender":	true
		},
		"cpu_utilization_percent":	{
			"host_total":	24.031821032618616,
			"host_user":	2.7220887000866809,
			"host_system":	21.309732332531933,
			"remote_total":	1.6364082158578743,
			"remote_user":	0.15695373366118462,
			"remote_system":	1.4794530691156822
		}
	}
}
