{
	"start":	{
		"connected":	[{
				"socket":	6,
				"local_host":	"10.20.15.3",
				"local_port":	42464,
				"remote_host":	"10.20.15.2",
				"remote_port":	5201
			}],
		"version":	"iperf 3.7",
		"system_info":	"Linux node2 5.8.0-1006-raspi #9-Ubuntu SMP PREEMPT Fri Oct 16 12:55:30 UTC 2020 aarch64",
		"timestamp":	{
			"time":	"Sun, 08 Aug 2021 12:15:07 GMT",
			"timesecs":	1628424907
		},
		"connecting_to":	{
			"host":	"10.20.15.2",
			"port":	5201
		},
		"cookie":	"xetofgvtzhb6sgdyq3fjph4vtv3th3yhutym",
		"sock_bufsize":	0,
		"sndbuf_actual":	212992,
		"rcvbuf_actual":	212992,
		"test_start":	{
			"protocol":	"UDP",
			"num_streams":	1,
			"blksize":	1448,
			"omit":	0,
			"duration":	30,
			"bytes":	0,
			"blocks":	0,
			"reverse":	0,
			"tos":	0
		}
	},
	"intervals":	[{
			"streams":	[{
					"socket":	6,
					"start":	0,
					"end":	10.000084,
					"seconds":	10.000083923339844,
					"bytes":	7745352,
					"bits_per_second":	6196229.59917176,
					"packets":	5349,
					"omitted":	false,
					"sender":	true
				}],
			"sum":	{
				"start":	0,
				"end":	10.000084,
				"seconds":	10.000083923339844,
				"bytes":	7745352,
				"bits_per_second":	6196229.59917176,
				"packets":	5349,
				"omitted":	false,
				"sender":	true
			}
		}, {
			"streams":	[{
					"socket":	6,
					"start":	10.000084,
					"end":	20.000186,
					"seconds":	10.000102043151855,
					"bytes":	826808,
					"bits_per_second":	661439.65046133043,
					"packets":	571,
					"omitted":	false,
					"sender":	true
				}],
			"sum":	{
				"start":	10.000084,
				"end":	20.000186,
				"seconds":	10.000102043151855,
				"bytes":	826808,
				"bits_per_second":	661439.65046133043,
				"packets":	571,
				"omitted":	false,
				"sender":	true
			}
		}, {
			"streams":	[{
					"socket":	6,
					"start":	20.000186,
					"end":	30.000933,
					"seconds":	10.000746726989746,
					"bytes":	3815480,
					"bits_per_second":	3052156.0872672722,
					"packets":	2635,
					"omitted":	false,
					"sender":	true
				}],
			"sum":	{
				"start":	20.000186,
				"end":	30.000933,
				"seconds":	10.000746726989746,
				"bytes":	3815480,
				"bits_per_second":	3052156.0872672722,
				"packets":	2635,
				"omitted":	false,
				"sender":	true
			}
		}],
	"end":	{
		"streams":	[{
				"udp":	{
					"socket":	6,
					"start":	0,
					"end":	30.000933,
					"seconds":	30.000933,
					"bytes":	12387640,
					"bits_per_second":	3303267.9350338872,
					"jitter_ms":	0.23837593726203773,
					"lost_packets":	1815,
					"packets":	8555,
					"lost_percent":	21.215663354763297,
					"out_of_order":	0,
					"sender":	true
				}
			}],
		"sum":	{
			"start":	0,
			"end":	30.006686,
			"seconds":	30.006686,
			"bytes":	12387640,
			"bits_per_second":	3303267.9350338872,
			"jitter_ms":	0.23837593726203773,
			"lost_packets":	1815,
			"packets":	8555,
			"lost_percent":	21.215663354763297,
			"sender":	true
		},
		"cpu_utilization_percent":	{
			"host_total":	5.6439601189029309,
			"host_user":	0.36749427583525685,
			"host_system":	5.2762858850458816,
			"remote_total":	1.0220362587469358,
			"remote_user":	0.13262356474099996,
			"remote_system":	0.88941602525191044
		}
	}
}
