{
	"start":	{
		"connected":	[{
				"socket":	6,
				"local_host":	"10.20.15.3",
				"local_port":	53771,
				"remote_host":	"10.20.15.2",
				"remote_port":	5201
			}],
		"version":	"iperf 3.7",
		"system_info":	"Linux node2 5.8.0-1006-raspi #9-Ubuntu SMP PREEMPT Fri Oct 16 12:55:30 UTC 2020 aarch64",
		"timestamp":	{
			"time":	"Sun, 08 Aug 2021 12:13:07 GMT",
			"timesecs":	1628424787
		},
		"connecting_to":	{
			"host":	"10.20.15.2",
			"port":	5201
		},
		"cookie":	"jfamkqv6daxusvtql6kfkunv5iput4337yhx",
		"sock_bufsize":	0,
		"sndbuf_actual":	212992,
		"rcvbuf_actual":	212992,
		"test_start":	{
			"protocol":	"UDP",
			"num_streams":	1,
			"blksize":	1448,
			"omit":	0,
			"duration":	30,
			"bytes":	0,
			"blocks":	0,
			"reverse":	0,
			"tos":	0
		}
	},
	"intervals":	[{
			"streams":	[{
					"socket":	6,
					"start":	0,
					"end":	10.000323,
					"seconds":	10.000323295593262,
					"bytes":	8259392,
					"bits_per_second":	6607299.9889030233,
					"packets":	5704,
					"omitted":	false,
					"sender":	true
				}],
			"sum":	{
				"start":	0,
				"end":	10.000323,
				"seconds":	10.000323295593262,
				"bytes":	8259392,
				"bits_per_second":	6607299.9889030233,
				"packets":	5704,
				"omitted":	false,
				"sender":	true
			}
		}, {
			"streams":	[{
					"socket":	6,
					"start":	10.000323,
					"end":	20.000086,
					"seconds":	9.9997625350952148,
					"bytes":	1471168,
					"bits_per_second":	1176962.3487252076,
					"packets":	1016,
					"omitted":	false,
					"sender":	true
				}],
			"sum":	{
				"start":	10.000323,
				"end":	20.000086,
				"seconds":	9.9997625350952148,
				"bytes":	1471168,
				"bits_per_second":	1176962.3487252076,
				"packets":	1016,
				"omitted":	false,
				"sender":	true
			}
		}, {
			"streams":	[{
					"socket":	6,
					"start":	20.000086,
					"end":	30.000099,
					"seconds":	10.00001335144043,
					"bytes":	4304904,
					"bits_per_second":	3443918.6018725941,
					"packets":	2973,
					"omitted":	false,
					"sender":	true
				}],
			"sum":	{
				"start":	20.000086,
				"end":	30.000099,
				"seconds":	10.00001335144043,
				"bytes":	4304904,
				"bits_per_second":	3443918.6018725941,
				"packets":	2973,
				"omitted":	false,
				"sender":	true
			}
		}],
	"end":	{
		"streams":	[{
				"udp":	{
					"socket":	6,
					"start":	0,
					"end":	30.000099,
					"seconds":	30.000099,
					"bytes":	14035464,
					"bits_per_second":	3742778.0488324389,
					"jitter_ms":	0.7748855231825249,
					"lost_packets":	3215,
					"packets":	9693,
					"lost_percent":	33.168265758795009,
					"out_of_order":	0,
					"sender":	true
				}
			}],
		"sum":	{
			"start":	0,
			"end":	30.003386,
			"seconds":	30.003386,
			"bytes":	14035464,
			"bits_per_second":	3742778.0488324389,
			"jitter_ms":	0.7748855231825249,
			"lost_packets":	3215,
			"packets":	9693,
			"lost_percent":	33.168265758795009,
			"sender":	true
		},
		"cpu_utilization_percent":	{
			"host_total":	5.940727719575948,
			"host_user":	0.34198404598754506,
			"host_system":	5.5987436735884026,
			"remote_total":	1.0265295886192758,
			"remote_user":	0.06858699594821023,
			"remote_system":	0.95794592407751367
		}
	}
}
