{
	"start":	{
		"connected":	[{
				"socket":	6,
				"local_host":	"10.20.15.3",
				"local_port":	40620,
				"remote_host":	"10.20.15.2",
				"remote_port":	5201
			}],
		"version":	"iperf 3.7",
		"system_info":	"Linux node2 5.8.0-1006-raspi #9-Ubuntu SMP PREEMPT Fri Oct 16 12:55:30 UTC 2020 aarch64",
		"timestamp":	{
			"time":	"Sun, 08 Aug 2021 13:44:33 GMT",
			"timesecs":	1628430273
		},
		"connecting_to":	{
			"host":	"10.20.15.2",
			"port":	5201
		},
		"cookie":	"vya7vndgxhdu33nntmk7bxn7syb66urrt6oi",
		"sock_bufsize":	0,
		"sndbuf_actual":	212992,
		"rcvbuf_actual":	212992,
		"test_start":	{
			"protocol":	"UDP",
			"num_streams":	1,
			"blksize":	1448,
			"omit":	0,
			"duration":	30,
			"bytes":	0,
			"blocks":	0,
			"reverse":	0,
			"tos":	0
		}
	},
	"intervals":	[{
			"streams":	[{
					"socket":	6,
					"start":	0,
					"end":	10.000102,
					"seconds":	10.000102043151855,
					"bytes":	7089408,
					"bits_per_second":	5671468.52654759,
					"packets":	4896,
					"omitted":	false,
					"sender":	true
				}],
			"sum":	{
				"start":	0,
				"end":	10.000102,
				"seconds":	10.000102043151855,
				"bytes":	7089408,
				"bits_per_second":	5671468.52654759,
				"packets":	4896,
				"omitted":	false,
				"sender":	true
			}
		}, {
			"streams":	[{
					"socket":	6,
					"start":	10.000102,
					"end":	20.000103,
					"seconds":	10.000000953674316,
					"bytes":	1230800,
					"bits_per_second":	984639.90609742107,
					"packets":	850,
					"omitted":	false,
					"sender":	true
				}],
			"sum":	{
				"start":	10.000102,
				"end":	20.000103,
				"seconds":	10.000000953674316,
				"bytes":	1230800,
				"bits_per_second":	984639.90609742107,
				"packets":	850,
				"omitted":	false,
				"sender":	true
			}
		}, {
			"streams":	[{
					"socket":	6,
					"start":	20.000103,
					"end":	30.000138,
					"seconds":	10.000035285949707,
					"bytes":	5754352,
					"bits_per_second":	4603465.3562352965,
					"packets":	3974,
					"omitted":	false,
					"sender":	true
				}],
			"sum":	{
				"start":	20.000103,
				"end":	30.000138,
				"seconds":	10.000035285949707,
				"bytes":	5754352,
				"bits_per_second":	4603465.3562352965,
				"packets":	3974,
				"omitted":	false,
				"sender":	true
			}
		}],
	"end":	{
		"streams":	[{
				"udp":	{
					"socket":	6,
					"start":	0,
					"end":	30.000138,
					"seconds":	30.000138,
					"bytes":	14074560,
					"bits_per_second":	3753198.7352858176,
					"jitter_ms":	0.609409704291131,
					"lost_packets":	1809,
					"packets":	9720,
					"lost_percent":	18.611111111111111,
					"out_of_order":	0,
					"sender":	true
				}
			}],
		"sum":	{
			"start":	0,
			"end":	30.002293,
			"seconds":	30.002293,
			"bytes":	14074560,
			"bits_per_second":	3753198.7352858176,
			"jitter_ms":	0.609409704291131,
			"lost_packets":	1809,
			"packets":	9720,
			"lost_percent":	18.611111111111111,
			"sender":	true
		},
		"cpu_utilization_percent":	{
			"host_total":	6.0069263802080117,
			"host_user":	0.41675321670370785,
			"host_system":	5.5901664983321906,
			"remote_total":	1.2020304826942438,
			"remote_user":	0.12637626844782177,
			"remote_system":	1.0756608775527836
		}
	}
}
