{
	"start":	{
		"connected":	[{
				"socket":	6,
				"local_host":	"10.20.15.3",
				"local_port":	44989,
				"remote_host":	"10.20.15.2",
				"remote_port":	5201
			}],
		"version":	"iperf 3.7",
		"system_info":	"Linux node2 5.8.0-1006-raspi #9-Ubuntu SMP PREEMPT Fri Oct 16 12:55:30 UTC 2020 aarch64",
		"timestamp":	{
			"time":	"Sun, 08 Aug 2021 10:46:35 GMT",
			"timesecs":	1628419595
		},
		"connecting_to":	{
			"host":	"10.20.15.2",
			"port":	5201
		},
		"cookie":	"hnozbxmekwfkzxk55o75fai5uk56n43cabhx",
		"sock_bufsize":	0,
		"sndbuf_actual":	212992,
		"rcvbuf_actual":	212992,
		"test_start":	{
			"protocol":	"UDP",
			"num_streams":	1,
			"blksize":	1448,
			"omit":	0,
			"duration":	30,
			"bytes":	0,
			"blocks":	0,
			"reverse":	0,
			"tos":	0
		}
	},
	"intervals":	[{
			"streams":	[{
					"socket":	6,
					"start":	0,
					"end":	10.000089,
					"seconds":	10.000088691711426,
					"bytes":	4895688,
					"bits_per_second":	3916515.6637522955,
					"packets":	3381,
					"omitted":	false,
					"sender":	true
				}],
			"sum":	{
				"start":	0,
				"end":	10.000089,
				"seconds":	10.000088691711426,
				"bytes":	4895688,
				"bits_per_second":	3916515.6637522955,
				"packets":	3381,
				"omitted":	false,
				"sender":	true
			}
		}, {
			"streams":	[{
					"socket":	6,
					"start":	10.000089,
					"end":	20.000096,
					"seconds":	10.000006675720215,
					"bytes":	1783936,
					"bits_per_second":	1427147.8472760266,
					"packets":	1232,
					"omitted":	false,
					"sender":	true
				}],
			"sum":	{
				"start":	10.000089,
				"end":	20.000096,
				"seconds":	10.000006675720215,
				"bytes":	1783936,
				"bits_per_second":	1427147.8472760266,
				"packets":	1232,
				"omitted":	false,
				"sender":	true
			}
		}, {
			"streams":	[{
					"socket":	6,
					"start":	20.000096,
					"end":	30.000128,
					"seconds":	10.000032424926758,
					"bytes":	3239176,
					"bits_per_second":	2591332.39762368,
					"packets":	2237,
					"omitted":	false,
					"sender":	true
				}],
			"sum":	{
				"start":	20.000096,
				"end":	30.000128,
				"seconds":	10.000032424926758,
				"bytes":	3239176,
				"bits_per_second":	2591332.39762368,
				"packets":	2237,
				"omitted":	false,
				"sender":	true
			}
		}],
	"end":	{
		"streams":	[{
				"udp":	{
					"socket":	6,
					"start":	0,
					"end":	30.000128,
					"seconds":	30.000128,
					"bytes":	9918800,
					"bits_per_second":	2645002.0479912618,
					"jitter_ms":	0.21565642506916721,
					"lost_packets":	3861,
					"packets":	6850,
					"lost_percent":	56.364963503649633,
					"out_of_order":	0,
					"sender":	true
				}
			}],
		"sum":	{
			"start":	0,
			"end":	30.002978,
			"seconds":	30.002978,
			"bytes":	9918800,
			"bits_per_second":	2645002.0479912618,
			"jitter_ms":	0.21565642506916721,
			"lost_packets":	3861,
			"packets":	6850,
			"lost_percent":	56.364963503649633,
			"sender":	true
		},
		"cpu_utilization_percent":	{
			"host_total":	5.4433543181833253,
			"host_user":	0.74718476062204942,
			"host_system":	4.6961695575612756,
			"remote_total":	0.55962138602841516,
			"remote_user":	0.021321955937645007,
			"remote_system":	0.5382994300907703
		}
	}
}
