{
	"start":	{
		"connected":	[{
				"socket":	6,
				"local_host":	"10.20.15.3",
				"local_port":	34511,
				"remote_host":	"10.20.15.2",
				"remote_port":	5201
			}],
		"version":	"iperf 3.7",
		"system_info":	"Linux node2 5.8.0-1006-raspi #9-Ubuntu SMP PREEMPT Fri Oct 16 12:55:30 UTC 2020 aarch64",
		"timestamp":	{
			"time":	"Sun, 08 Aug 2021 13:24:49 GMT",
			"timesecs":	1628429089
		},
		"connecting_to":	{
			"host":	"10.20.15.2",
			"port":	5201
		},
		"cookie":	"d6zkpviqat52v2obg6pvth2hek2il6q3bzky",
		"sock_bufsize":	0,
		"sndbuf_actual":	212992,
		"rcvbuf_actual":	212992,
		"test_start":	{
			"protocol":	"UDP",
			"num_streams":	1,
			"blksize":	1448,
			"omit":	0,
			"duration":	30,
			"bytes":	0,
			"blocks":	0,
			"reverse":	0,
			"tos":	0
		}
	},
	"intervals":	[{
			"streams":	[{
					"socket":	6,
					"start":	0,
					"end":	10.000113,
					"seconds":	10.000112533569336,
					"bytes":	4455496,
					"bits_per_second":	3564356.68902194,
					"packets":	3077,
					"omitted":	false,
					"sender":	true
				}],
			"sum":	{
				"start":	0,
				"end":	10.000113,
				"seconds":	10.000112533569336,
				"bytes":	4455496,
				"bits_per_second":	3564356.68902194,
				"packets":	3077,
				"omitted":	false,
				"sender":	true
			}
		}, {
			"streams":	[{
					"socket":	6,
					"start":	10.000113,
					"end":	20.000023,
					"seconds":	9.9999103546142578,
					"bytes":	16101760,
					"bits_per_second":	12881523.476914104,
					"packets":	11120,
					"omitted":	false,
					"sender":	true
				}],
			"sum":	{
				"start":	10.000113,
				"end":	20.000023,
				"seconds":	9.9999103546142578,
				"bytes":	16101760,
				"bits_per_second":	12881523.476914104,
				"packets":	11120,
				"omitted":	false,
				"sender":	true
			}
		}, {
			"streams":	[{
					"socket":	6,
					"start":	20.000023,
					"end":	30.000114,
					"seconds":	10.000090599060059,
					"bytes":	6261152,
					"bits_per_second":	5008876.2200522516,
					"packets":	4324,
					"omitted":	false,
					"sender":	true
				}],
			"sum":	{
				"start":	20.000023,
				"end":	30.000114,
				"seconds":	10.000090599060059,
				"bytes":	6261152,
				"bits_per_second":	5008876.2200522516,
				"packets":	4324,
				"omitted":	false,
				"sender":	true
			}
		}],
	"end":	{
		"streams":	[{
				"udp":	{
					"socket":	6,
					"start":	0,
					"end":	30.000114,
					"seconds":	30.000114,
					"bytes":	26818408,
					"bits_per_second":	7151548.2907831613,
					"jitter_ms":	20.153676479521735,
					"lost_packets":	6690,
					"packets":	18521,
					"lost_percent":	36.121159764591546,
					"out_of_order":	0,
					"sender":	true
				}
			}],
		"sum":	{
			"start":	0,
			"end":	30.14581,
			"seconds":	30.14581,
			"bytes":	26818408,
			"bits_per_second":	7151548.2907831613,
			"jitter_ms":	20.153676479521735,
			"lost_packets":	6690,
			"packets":	18521,
			"lost_percent":	36.121159764591546,
			"sender":	true
		},
		"cpu_utilization_percent":	{
			"host_total":	7.4114108867787936,
			"host_user":	0.72283226304095616,
			"host_system":	6.6885619790482647,
			"remote_total":	2.0387784462831884,
			"remote_user":	0.17519327892589243,
			"remote_system":	1.8635785495474924
		}
	}
}
