{
	"start":	{
		"connected":	[{
				"socket":	6,
				"local_host":	"10.20.15.3",
				"local_port":	54741,
				"remote_host":	"10.20.15.2",
				"remote_port":	5201
			}],
		"version":	"iperf 3.7",
		"system_info":	"Linux node2 5.8.0-1006-raspi #9-Ubuntu SMP PREEMPT Fri Oct 16 12:55:30 UTC 2020 aarch64",
		"timestamp":	{
			"time":	"Sun, 08 Aug 2021 12:16:37 GMT",
			"timesecs":	1628424997
		},
		"connecting_to":	{
			"host":	"10.20.15.2",
			"port":	5201
		},
		"cookie":	"t36fcwievay5zi47eiq7xofmgit2gru5oagy",
		"sock_bufsize":	0,
		"sndbuf_actual":	212992,
		"rcvbuf_actual":	212992,
		"test_start":	{
			"protocol":	"UDP",
			"num_streams":	1,
			"blksize":	1448,
			"omit":	0,
			"duration":	30,
			"bytes":	0,
			"blocks":	0,
			"reverse":	0,
			"tos":	0
		}
	},
	"intervals":	[{
			"streams":	[{
					"socket":	6,
					"start":	0,
					"end":	10.000088,
					"seconds":	10.000087738037109,
					"bytes":	12124104,
					"bits_per_second":	9699198.1011397075,
					"packets":	8373,
					"omitted":	false,
					"sender":	true
				}],
			"sum":	{
				"start":	0,
				"end":	10.000088,
				"seconds":	10.000087738037109,
				"bytes":	12124104,
				"bits_per_second":	9699198.1011397075,
				"packets":	8373,
				"omitted":	false,
				"sender":	true
			}
		}, {
			"streams":	[{
					"socket":	6,
					"start":	10.000088,
					"end":	20.000094,
					"seconds":	10.000005722045898,
					"bytes":	864456,
					"bits_per_second":	691564.40428367374,
					"packets":	597,
					"omitted":	false,
					"sender":	true
				}],
			"sum":	{
				"start":	10.000088,
				"end":	20.000094,
				"seconds":	10.000005722045898,
				"bytes":	864456,
				"bits_per_second":	691564.40428367374,
				"packets":	597,
				"omitted":	false,
				"sender":	true
			}
		}, {
			"streams":	[{
					"socket":	6,
					"start":	20.000094,
					"end":	30.000102,
					"seconds":	10.000007629394531,
					"bytes":	1230800,
					"bits_per_second":	984639.24877987,
					"packets":	850,
					"omitted":	false,
					"sender":	true
				}],
			"sum":	{
				"start":	20.000094,
				"end":	30.000102,
				"seconds":	10.000007629394531,
				"bytes":	1230800,
				"bits_per_second":	984639.24877987,
				"packets":	850,
				"omitted":	false,
				"sender":	true
			}
		}],
	"end":	{
		"streams":	[{
				"udp":	{
					"socket":	6,
					"start":	0,
					"end":	30.000102,
					"seconds":	30.000102,
					"bytes":	14219360,
					"bits_per_second":	3791816.4411574337,
					"jitter_ms":	0.6928178533340742,
					"lost_packets":	1831,
					"packets":	9820,
					"lost_percent":	18.645621181262729,
					"out_of_order":	0,
					"sender":	true
				}
			}],
		"sum":	{
			"start":	0,
			"end":	30.002341,
			"seconds":	30.002341,
			"bytes":	14219360,
			"bits_per_second":	3791816.4411574337,
			"jitter_ms":	0.6928178533340742,
			"lost_packets":	1831,
			"packets":	9820,
			"lost_percent":	18.645621181262729,
			"sender":	true
		},
		"cpu_utilization_percent":	{
			"host_total":	5.8777156440867895,
			"host_user":	0.5934648385005028,
			"host_system":	5.2842408080316883,
			"remote_total":	1.2238640122371076,
			"remote_user":	0.18247914971399573,
			"remote_system":	1.0413848625231119
		}
	}
}
