{
	"start":	{
		"connected":	[{
				"socket":	6,
				"local_host":	"10.20.15.3",
				"local_port":	57607,
				"remote_host":	"10.20.15.2",
				"remote_port":	5201
			}],
		"version":	"iperf 3.7",
		"system_info":	"Linux node2 5.8.0-1006-raspi #9-Ubuntu SMP PREEMPT Fri Oct 16 12:55:30 UTC 2020 aarch64",
		"timestamp":	{
			"time":	"Sun, 08 Aug 2021 11:56:36 GMT",
			"timesecs":	1628423796
		},
		"connecting_to":	{
			"host":	"10.20.15.2",
			"port":	5201
		},
		"cookie":	"y2swruekyyguxecdzwsgvxdnbntylcb5a4rt",
		"sock_bufsize":	0,
		"sndbuf_actual":	212992,
		"rcvbuf_actual":	212992,
		"test_start":	{
			"protocol":	"UDP",
			"num_streams":	1,
			"blksize":	1448,
			"omit":	0,
			"duration":	30,
			"bytes":	0,
			"blocks":	0,
			"reverse":	0,
			"tos":	0
		}
	},
	"intervals":	[{
			"streams":	[{
					"socket":	6,
					"start":	0,
					"end":	10.000055,
					"seconds":	10.000055313110352,
					"bytes":	14193296,
					"bits_per_second":	11354573.994319566,
					"packets":	9802,
					"omitted":	false,
					"sender":	true
				}],
			"sum":	{
				"start":	0,
				"end":	10.000055,
				"seconds":	10.000055313110352,
				"bytes":	14193296,
				"bits_per_second":	11354573.994319566,
				"packets":	9802,
				"omitted":	false,
				"sender":	true
			}
		}, {
			"streams":	[{
					"socket":	6,
					"start":	10.000055,
					"end":	20.000108,
					"seconds":	10.000053405761719,
					"bytes":	6864968,
					"bits_per_second":	5491945.0698490227,
					"packets":	4741,
					"omitted":	false,
					"sender":	true
				}],
			"sum":	{
				"start":	10.000055,
				"end":	20.000108,
				"seconds":	10.000053405761719,
				"bytes":	6864968,
				"bits_per_second":	5491945.0698490227,
				"packets":	4741,
				"omitted":	false,
				"sender":	true
			}
		}, {
			"streams":	[{
					"socket":	6,
					"start":	20.000108,
					"end":	30.000193,
					"seconds":	10.00008487701416,
					"bytes":	6259704,
					"bits_per_second":	5007720.6959619578,
					"packets":	4323,
					"omitted":	false,
					"sender":	true
				}],
			"sum":	{
				"start":	20.000108,
				"end":	30.000193,
				"seconds":	10.00008487701416,
				"bytes":	6259704,
				"bits_per_second":	5007720.6959619578,
				"packets":	4323,
				"omitted":	false,
				"sender":	true
			}
		}],
	"end":	{
		"streams":	[{
				"udp":	{
					"socket":	6,
					"start":	0,
					"end":	30.000193,
					"seconds":	30.000193,
					"bytes":	27317968,
					"bits_per_second":	7284744.6014763974,
					"jitter_ms":	2.9412299727233586,
					"lost_packets":	8861,
					"packets":	18866,
					"lost_percent":	46.968090745256013,
					"out_of_order":	0,
					"sender":	true
				}
			}],
		"sum":	{
			"start":	0,
			"end":	30.024374,
			"seconds":	30.024374,
			"bytes":	27317968,
			"bits_per_second":	7284744.6014763974,
			"jitter_ms":	2.9412299727233586,
			"lost_packets":	8861,
			"packets":	18866,
			"lost_percent":	46.968090745256013,
			"sender":	true
		},
		"cpu_utilization_percent":	{
			"host_total":	8.1605607244672722,
			"host_user":	0.93925840398218674,
			"host_system":	7.2215755806211384,
			"remote_total":	1.6041257012565233,
			"remote_user":	0.17325694798046945,
			"remote_system":	1.4308587659416583
		}
	}
}
