{
	"start":	{
		"connected":	[{
				"socket":	6,
				"local_host":	"10.20.15.3",
				"local_port":	45223,
				"remote_host":	"10.20.15.2",
				"remote_port":	5201
			}],
		"version":	"iperf 3.7",
		"system_info":	"Linux node2 5.8.0-1006-raspi #9-Ubuntu SMP PREEMPT Fri Oct 16 12:55:30 UTC 2020 aarch64",
		"timestamp":	{
			"time":	"Sun, 08 Aug 2021 13:42:03 GMT",
			"timesecs":	1628430123
		},
		"connecting_to":	{
			"host":	"10.20.15.2",
			"port":	5201
		},
		"cookie":	"yv4mn55hyf5ipnzlhyivndbxsjk3ery46pv5",
		"sock_bufsize":	0,
		"sndbuf_actual":	212992,
		"rcvbuf_actual":	212992,
		"test_start":	{
			"protocol":	"UDP",
			"num_streams":	1,
			"blksize":	1448,
			"omit":	0,
			"duration":	30,
			"bytes":	0,
			"blocks":	0,
			"reverse":	0,
			"tos":	0
		}
	},
	"intervals":	[{
			"streams":	[{
					"socket":	6,
					"start":	0,
					"end":	10.00011,
					"seconds":	10.000109672546387,
					"bytes":	8124728,
					"bits_per_second":	6499711.1160131125,
					"packets":	5611,
					"omitted":	false,
					"sender":	true
				}],
			"sum":	{
				"start":	0,
				"end":	10.00011,
				"seconds":	10.000109672546387,
				"bytes":	8124728,
				"bits_per_second":	6499711.1160131125,
				"packets":	5611,
				"omitted":	false,
				"sender":	true
			}
		}, {
			"streams":	[{
					"socket":	6,
					"start":	10.00011,
					"end":	20.000089,
					"seconds":	9.9999790191650391,
					"bytes":	1025184,
					"bits_per_second":	820148.920740915,
					"packets":	708,
					"omitted":	false,
					"sender":	true
				}],
			"sum":	{
				"start":	10.00011,
				"end":	20.000089,
				"seconds":	9.9999790191650391,
				"bytes":	1025184,
				"bits_per_second":	820148.920740915,
				"packets":	708,
				"omitted":	false,
				"sender":	true
			}
		}, {
			"streams":	[{
					"socket":	6,
					"start":	20.000089,
					"end":	30.000112,
					"seconds":	10.000022888183594,
					"bytes":	4281736,
					"bits_per_second":	3425380.959925171,
					"packets":	2957,
					"omitted":	false,
					"sender":	true
				}],
			"sum":	{
				"start":	20.000089,
				"end":	30.000112,
				"seconds":	10.000022888183594,
				"bytes":	4281736,
				"bits_per_second":	3425380.959925171,
				"packets":	2957,
				"omitted":	false,
				"sender":	true
			}
		}],
	"end":	{
		"streams":	[{
				"udp":	{
					"socket":	6,
					"start":	0,
					"end":	30.000112,
					"seconds":	30.000112,
					"bytes":	13431648,
					"bits_per_second":	3581759.4280981347,
					"jitter_ms":	0.29015310834730618,
					"lost_packets":	1747,
					"packets":	9276,
					"lost_percent":	18.833548943510134,
					"out_of_order":	0,
					"sender":	true
				}
			}],
		"sum":	{
			"start":	0,
			"end":	30.002823,
			"seconds":	30.002823,
			"bytes":	13431648,
			"bits_per_second":	3581759.4280981347,
			"jitter_ms":	0.29015310834730618,
			"lost_packets":	1747,
			"packets":	9276,
			"lost_percent":	18.833548943510134,
			"sender":	true
		},
		"cpu_utilization_percent":	{
			"host_total":	6.2566537411834027,
			"host_user":	0.034922299632930934,
			"host_system":	6.2217347741489668,
			"remote_total":	1.1621116983747615,
			"remote_user":	0.10767579959167888,
			"remote_system":	1.0544292354705054
		}
	}
}
