{
	"start":	{
		"connected":	[{
				"socket":	6,
				"local_host":	"10.20.15.3",
				"local_port":	59791,
				"remote_host":	"10.20.15.2",
				"remote_port":	5201
			}],
		"version":	"iperf 3.7",
		"system_info":	"Linux node2 5.8.0-1006-raspi #9-Ubuntu SMP PREEMPT Fri Oct 16 12:55:30 UTC 2020 aarch64",
		"timestamp":	{
			"time":	"Sun, 08 Aug 2021 12:20:07 GMT",
			"timesecs":	1628425207
		},
		"connecting_to":	{
			"host":	"10.20.15.2",
			"port":	5201
		},
		"cookie":	"qyefoutmx7bbtzjyqe4kze3kwwvl73gnn4bp",
		"sock_bufsize":	0,
		"sndbuf_actual":	212992,
		"rcvbuf_actual":	212992,
		"test_start":	{
			"protocol":	"UDP",
			"num_streams":	1,
			"blksize":	1448,
			"omit":	0,
			"duration":	30,
			"bytes":	0,
			"blocks":	0,
			"reverse":	0,
			"tos":	0
		}
	},
	"intervals":	[{
			"streams":	[{
					"socket":	6,
					"start":	0,
					"end":	10.000108,
					"seconds":	10.000107765197754,
					"bytes":	8299936,
					"bits_per_second":	6639877.24523156,
					"packets":	5732,
					"omitted":	false,
					"sender":	true
				}],
			"sum":	{
				"start":	0,
				"end":	10.000108,
				"seconds":	10.000107765197754,
				"bytes":	8299936,
				"bits_per_second":	6639877.24523156,
				"packets":	5732,
				"omitted":	false,
				"sender":	true
			}
		}, {
			"streams":	[{
					"socket":	6,
					"start":	10.000108,
					"end":	20.000093,
					"seconds":	9.9999847412109375,
					"bytes":	680560,
					"bits_per_second":	544448.83076298644,
					"packets":	470,
					"omitted":	false,
					"sender":	true
				}],
			"sum":	{
				"start":	10.000108,
				"end":	20.000093,
				"seconds":	9.9999847412109375,
				"bytes":	680560,
				"bits_per_second":	544448.83076298644,
				"packets":	470,
				"omitted":	false,
				"sender":	true
			}
		}, {
			"streams":	[{
					"socket":	6,
					"start":	20.000093,
					"end":	30.000099,
					"seconds":	10.000005722045898,
					"bytes":	1265552,
					"bits_per_second":	1012441.020676601,
					"packets":	874,
					"omitted":	false,
					"sender":	true
				}],
			"sum":	{
				"start":	20.000093,
				"end":	30.000099,
				"seconds":	10.000005722045898,
				"bytes":	1265552,
				"bits_per_second":	1012441.020676601,
				"packets":	874,
				"omitted":	false,
				"sender":	true
			}
		}],
	"end":	{
		"streams":	[{
				"udp":	{
					"socket":	6,
					"start":	0,
					"end":	30.000099,
					"seconds":	30.000099,
					"bytes":	10246048,
					"bits_per_second":	2732270.4501741813,
					"jitter_ms":	3.2696643966414016,
					"lost_packets":	1680,
					"packets":	7076,
					"lost_percent":	23.742227247032222,
					"out_of_order":	0,
					"sender":	true
				}
			}],
		"sum":	{
			"start":	0,
			"end":	30.027587,
			"seconds":	30.027587,
			"bytes":	10246048,
			"bits_per_second":	2732270.4501741813,
			"jitter_ms":	3.2696643966414016,
			"lost_packets":	1680,
			"packets":	7076,
			"lost_percent":	23.742227247032222,
			"sender":	true
		},
		"cpu_utilization_percent":	{
			"host_total":	5.3968914771029173,
			"host_user":	0.56807138863761253,
			"host_system":	4.8288100907287923,
			"remote_total":	0.83887019662290307,
			"remote_user":	0.043558392461648658,
			"remote_system":	0.79532179003756387
		}
	}
}
