{
	"start":	{
		"connected":	[{
				"socket":	6,
				"local_host":	"10.20.15.3",
				"local_port":	59768,
				"remote_host":	"10.20.15.2",
				"remote_port":	5201
			}],
		"version":	"iperf 3.7",
		"system_info":	"Linux node2 5.8.0-1006-raspi #9-Ubuntu SMP PREEMPT Fri Oct 16 12:55:30 UTC 2020 aarch64",
		"timestamp":	{
			"time":	"Sun, 08 Aug 2021 11:59:06 GMT",
			"timesecs":	1628423946
		},
		"connecting_to":	{
			"host":	"10.20.15.2",
			"port":	5201
		},
		"cookie":	"t5iov77hcdzp24yu32ej2sq5nuuklcsp7ksu",
		"sock_bufsize":	0,
		"sndbuf_actual":	212992,
		"rcvbuf_actual":	212992,
		"test_start":	{
			"protocol":	"UDP",
			"num_streams":	1,
			"blksize":	1448,
			"omit":	0,
			"duration":	30,
			"bytes":	0,
			"blocks":	0,
			"reverse":	0,
			"tos":	0
		}
	},
	"intervals":	[{
			"streams":	[{
					"socket":	6,
					"start":	0,
					"end":	10.000095,
					"seconds":	10.000095367431641,
					"bytes":	13430200,
					"bits_per_second":	10744057.536682732,
					"packets":	9275,
					"omitted":	false,
					"sender":	true
				}],
			"sum":	{
				"start":	0,
				"end":	10.000095,
				"seconds":	10.000095367431641,
				"bytes":	13430200,
				"bits_per_second":	10744057.536682732,
				"packets":	9275,
				"omitted":	false,
				"sender":	true
			}
		}, {
			"streams":	[{
					"socket":	6,
					"start":	10.000095,
					"end":	20.000099,
					"seconds":	10.000003814697266,
					"bytes":	4878312,
					"bits_per_second":	3902648.1112578921,
					"packets":	3369,
					"omitted":	false,
					"sender":	true
				}],
			"sum":	{
				"start":	10.000095,
				"end":	20.000099,
				"seconds":	10.000003814697266,
				"bytes":	4878312,
				"bits_per_second":	3902648.1112578921,
				"packets":	3369,
				"omitted":	false,
				"sender":	true
			}
		}, {
			"streams":	[{
					"socket":	6,
					"start":	20.000099,
					"end":	30.000112,
					"seconds":	10.00001335144043,
					"bytes":	5437240,
					"bits_per_second":	4349786.1924088774,
					"packets":	3755,
					"omitted":	false,
					"sender":	true
				}],
			"sum":	{
				"start":	20.000099,
				"end":	30.000112,
				"seconds":	10.00001335144043,
				"bytes":	5437240,
				"bits_per_second":	4349786.1924088774,
				"packets":	3755,
				"omitted":	false,
				"sender":	true
			}
		}],
	"end":	{
		"streams":	[{
				"udp":	{
					"socket":	6,
					"start":	0,
					"end":	30.000112,
					"seconds":	30.000112,
					"bytes":	23745752,
					"bits_per_second":	6332176.8932062648,
					"jitter_ms":	2.9905046965674407,
					"lost_packets":	7938,
					"packets":	16399,
					"lost_percent":	48.405390572595891,
					"out_of_order":	0,
					"sender":	true
				}
			}],
		"sum":	{
			"start":	0,
			"end":	30.017629,
			"seconds":	30.017629,
			"bytes":	23745752,
			"bits_per_second":	6332176.8932062648,
			"jitter_ms":	2.9905046965674407,
			"lost_packets":	7938,
			"packets":	16399,
			"lost_percent":	48.405390572595891,
			"sender":	true
		},
		"cpu_utilization_percent":	{
			"host_total":	7.060842492966561,
			"host_user":	0.63191304863653608,
			"host_system":	6.4289327769235225,
			"remote_total":	1.3398496427882358,
			"remote_user":	0.16141145916132241,
			"remote_system":	1.1784381836269133
		}
	}
}
