{
	"start":	{
		"connected":	[{
				"socket":	6,
				"local_host":	"10.20.15.3",
				"local_port":	35233,
				"remote_host":	"10.20.15.2",
				"remote_port":	5201
			}],
		"version":	"iperf 3.7",
		"system_info":	"Linux node2 5.8.0-1006-raspi #9-Ubuntu SMP PREEMPT Fri Oct 16 12:55:30 UTC 2020 aarch64",
		"timestamp":	{
			"time":	"Sun, 08 Aug 2021 13:51:03 GMT",
			"timesecs":	1628430663
		},
		"connecting_to":	{
			"host":	"10.20.15.2",
			"port":	5201
		},
		"cookie":	"uwvv6qiay6baqvtuhnvxi5q676oxb2tempx5",
		"sock_bufsize":	0,
		"sndbuf_actual":	212992,
		"rcvbuf_actual":	212992,
		"test_start":	{
			"protocol":	"UDP",
			"num_streams":	1,
			"blksize":	1448,
			"omit":	0,
			"duration":	30,
			"bytes":	0,
			"blocks":	0,
			"reverse":	0,
			"tos":	0
		}
	},
	"intervals":	[{
			"streams":	[{
					"socket":	6,
					"start":	0,
					"end":	10.000103,
					"seconds":	10.000102996826172,
					"bytes":	5044832,
					"bits_per_second":	4035824.0322933686,
					"packets":	3484,
					"omitted":	false,
					"sender":	true
				}],
			"sum":	{
				"start":	0,
				"end":	10.000103,
				"seconds":	10.000102996826172,
				"bytes":	5044832,
				"bits_per_second":	4035824.0322933686,
				"packets":	3484,
				"omitted":	false,
				"sender":	true
			}
		}, {
			"streams":	[{
					"socket":	6,
					"start":	10.000103,
					"end":	20.000095,
					"seconds":	9.9999923706054688,
					"bytes":	829704,
					"bits_per_second":	663763.7064115192,
					"packets":	573,
					"omitted":	false,
					"sender":	true
				}],
			"sum":	{
				"start":	10.000103,
				"end":	20.000095,
				"seconds":	9.9999923706054688,
				"bytes":	829704,
				"bits_per_second":	663763.7064115192,
				"packets":	573,
				"omitted":	false,
				"sender":	true
			}
		}, {
			"streams":	[{
					"socket":	6,
					"start":	20.000095,
					"end":	30.000114,
					"seconds":	10.000019073486328,
					"bytes":	9594448,
					"bits_per_second":	7675543.7600621032,
					"packets":	6626,
					"omitted":	false,
					"sender":	true
				}],
			"sum":	{
				"start":	20.000095,
				"end":	30.000114,
				"seconds":	10.000019073486328,
				"bytes":	9594448,
				"bits_per_second":	7675543.7600621032,
				"packets":	6626,
				"omitted":	false,
				"sender":	true
			}
		}],
	"end":	{
		"streams":	[{
				"udp":	{
					"socket":	6,
					"start":	0,
					"end":	30.000114,
					"seconds":	30.000114,
					"bytes":	15468984,
					"bits_per_second":	4125046.7248224458,
					"jitter_ms":	0.227528347299262,
					"lost_packets":	1698,
					"packets":	10683,
					"lost_percent":	15.894411682111766,
					"out_of_order":	0,
					"sender":	true
				}
			}],
		"sum":	{
			"start":	0,
			"end":	30.003696,
			"seconds":	30.003696,
			"bytes":	15468984,
			"bits_per_second":	4125046.7248224458,
			"jitter_ms":	0.227528347299262,
			"lost_packets":	1698,
			"packets":	10683,
			"lost_percent":	15.894411682111766,
			"sender":	true
		},
		"cpu_utilization_percent":	{
			"host_total":	6.2395395246384089,
			"host_user":	0.70052589012536459,
			"host_system":	5.5390136345130445,
			"remote_total":	1.3482957181518944,
			"remote_user":	0.095507986350633442,
			"remote_system":	1.2527744057253087
		}
	}
}
