{
	"start":	{
		"connected":	[{
				"socket":	6,
				"local_host":	"10.20.15.3",
				"local_port":	36139,
				"remote_host":	"10.20.15.2",
				"remote_port":	5201
			}],
		"version":	"iperf 3.7",
		"system_info":	"Linux node2 5.8.0-1006-raspi #9-Ubuntu SMP PREEMPT Fri Oct 16 12:55:30 UTC 2020 aarch64",
		"timestamp":	{
			"time":	"Sun, 08 Aug 2021 12:26:39 GMT",
			"timesecs":	1628425599
		},
		"connecting_to":	{
			"host":	"10.20.15.2",
			"port":	5201
		},
		"cookie":	"lzuv5lzjqvmpj5mmgmbsf67fqz26sljcf2bq",
		"sock_bufsize":	0,
		"sndbuf_actual":	212992,
		"rcvbuf_actual":	212992,
		"test_start":	{
			"protocol":	"UDP",
			"num_streams":	1,
			"blksize":	1448,
			"omit":	0,
			"duration":	30,
			"bytes":	0,
			"blocks":	0,
			"reverse":	0,
			"tos":	0
		}
	},
	"intervals":	[{
			"streams":	[{
					"socket":	6,
					"start":	0,
					"end":	10.000088,
					"seconds":	10.000087738037109,
					"bytes":	1549360,
					"bits_per_second":	1239477.1250710005,
					"packets":	1070,
					"omitted":	false,
					"sender":	true
				}],
			"sum":	{
				"start":	0,
				"end":	10.000088,
				"seconds":	10.000087738037109,
				"bytes":	1549360,
				"bits_per_second":	1239477.1250710005,
				"packets":	1070,
				"omitted":	false,
				"sender":	true
			}
		}, {
			"streams":	[{
					"socket":	6,
					"start":	10.000088,
					"end":	20.000088,
					"seconds":	10,
					"bytes":	780472,
					"bits_per_second":	624377.6,
					"packets":	539,
					"omitted":	false,
					"sender":	true
				}],
			"sum":	{
				"start":	10.000088,
				"end":	20.000088,
				"seconds":	10,
				"bytes":	780472,
				"bits_per_second":	624377.6,
				"packets":	539,
				"omitted":	false,
				"sender":	true
			}
		}, {
			"streams":	[{
					"socket":	6,
					"start":	20.000088,
					"end":	30.000099,
					"seconds":	10.000011444091797,
					"bytes":	9679880,
					"bits_per_second":	7743895.1378153181,
					"packets":	6685,
					"omitted":	false,
					"sender":	true
				}],
			"sum":	{
				"start":	20.000088,
				"end":	30.000099,
				"seconds":	10.000011444091797,
				"bytes":	9679880,
				"bits_per_second":	7743895.1378153181,
				"packets":	6685,
				"omitted":	false,
				"sender":	true
			}
		}],
	"end":	{
		"streams":	[{
				"udp":	{
					"socket":	6,
					"start":	0,
					"end":	30.000099,
					"seconds":	30.000099,
					"bytes":	12009712,
					"bits_per_second":	3202579.2981549827,
					"jitter_ms":	0.20721421998659764,
					"lost_packets":	1817,
					"packets":	8294,
					"lost_percent":	21.9074029418857,
					"out_of_order":	0,
					"sender":	true
				}
			}],
		"sum":	{
			"start":	0,
			"end":	30.002141,
			"seconds":	30.002141,
			"bytes":	12009712,
			"bits_per_second":	3202579.2981549827,
			"jitter_ms":	0.20721421998659764,
			"lost_packets":	1817,
			"packets":	8294,
			"lost_percent":	21.9074029418857,
			"sender":	true
		},
		"cpu_utilization_percent":	{
			"host_total":	5.6723060428000176,
			"host_user":	0.47772530410093178,
			"host_system":	5.1945740734001387,
			"remote_total":	1.0223339740473509,
			"remote_user":	0.11574629324020061,
			"remote_system":	0.90658434930747445
		}
	}
}
