{
	"start":	{
		"connected":	[{
				"socket":	6,
				"local_host":	"10.20.15.3",
				"local_port":	58556,
				"remote_host":	"10.20.15.2",
				"remote_port":	5201
			}],
		"version":	"iperf 3.7",
		"system_info":	"Linux node2 5.8.0-1006-raspi #9-Ubuntu SMP PREEMPT Fri Oct 16 12:55:30 UTC 2020 aarch64",
		"timestamp":	{
			"time":	"Sun, 08 Aug 2021 11:48:56 GMT",
			"timesecs":	1628423336
		},
		"connecting_to":	{
			"host":	"10.20.15.2",
			"port":	5201
		},
		"cookie":	"soo6fhlovavv4jzog43hkrizptkwwlsihgcr",
		"sock_bufsize":	0,
		"sndbuf_actual":	212992,
		"rcvbuf_actual":	212992,
		"test_start":	{
			"protocol":	"UDP",
			"num_streams":	1,
			"blksize":	1448,
			"omit":	0,
			"duration":	30,
			"bytes":	0,
			"blocks":	0,
			"reverse":	0,
			"tos":	0
		}
	},
	"intervals":	[{
			"streams":	[{
					"socket":	6,
					"start":	0,
					"end":	10.00009,
					"seconds":	10.000089645385742,
					"bytes":	10385056,
					"bits_per_second":	8307970.3228795668,
					"packets":	7172,
					"omitted":	false,
					"sender":	true
				}],
			"sum":	{
				"start":	0,
				"end":	10.00009,
				"seconds":	10.000089645385742,
				"bytes":	10385056,
				"bits_per_second":	8307970.3228795668,
				"packets":	7172,
				"omitted":	false,
				"sender":	true
			}
		}, {
			"streams":	[{
					"socket":	6,
					"start":	10.00009,
					"end":	20.000082,
					"seconds":	9.9999923706054688,
					"bytes":	931064,
					"bits_per_second":	744851.76827680075,
					"packets":	643,
					"omitted":	false,
					"sender":	true
				}],
			"sum":	{
				"start":	10.00009,
				"end":	20.000082,
				"seconds":	9.9999923706054688,
				"bytes":	931064,
				"bits_per_second":	744851.76827680075,
				"packets":	643,
				"omitted":	false,
				"sender":	true
			}
		}, {
			"streams":	[{
					"socket":	6,
					"start":	20.000082,
					"end":	30.000127,
					"seconds":	10.000044822692871,
					"bytes":	1353880,
					"bits_per_second":	1083099.1452579664,
					"packets":	935,
					"omitted":	false,
					"sender":	true
				}],
			"sum":	{
				"start":	20.000082,
				"end":	30.000127,
				"seconds":	10.000044822692871,
				"bytes":	1353880,
				"bits_per_second":	1083099.1452579664,
				"packets":	935,
				"omitted":	false,
				"sender":	true
			}
		}],
	"end":	{
		"streams":	[{
				"udp":	{
					"socket":	6,
					"start":	0,
					"end":	30.000127,
					"seconds":	30.000127,
					"bytes":	12670000,
					"bits_per_second":	3378652.3637049939,
					"jitter_ms":	3.3136539513834635,
					"lost_packets":	1979,
					"packets":	8750,
					"lost_percent":	22.617142857142856,
					"out_of_order":	0,
					"sender":	true
				}
			}],
		"sum":	{
			"start":	0,
			"end":	30.020134,
			"seconds":	30.020134,
			"bytes":	12670000,
			"bits_per_second":	3378652.3637049939,
			"jitter_ms":	3.3136539513834635,
			"lost_packets":	1979,
			"packets":	8750,
			"lost_percent":	22.617142857142856,
			"sender":	true
		},
		"cpu_utilization_percent":	{
			"host_total":	5.7655339784957631,
			"host_user":	0.66104439696293871,
			"host_system":	5.1044895815328246,
			"remote_total":	1.0723698853089327,
			"remote_user":	0.061739441511750683,
			"remote_system":	1.0106437611918135
		}
	}
}
