{
	"start":	{
		"connected":	[{
				"socket":	6,
				"local_host":	"10.20.15.3",
				"local_port":	53882,
				"remote_host":	"10.20.15.2",
				"remote_port":	5201
			}],
		"version":	"iperf 3.7",
		"system_info":	"Linux node2 5.8.0-1006-raspi #9-Ubuntu SMP PREEMPT Fri Oct 16 12:55:30 UTC 2020 aarch64",
		"timestamp":	{
			"time":	"Sun, 08 Aug 2021 11:49:56 GMT",
			"timesecs":	1628423396
		},
		"connecting_to":	{
			"host":	"10.20.15.2",
			"port":	5201
		},
		"cookie":	"btn2gq4abxuqyowkykcmchgc4iofv3kon2vx",
		"sock_bufsize":	0,
		"sndbuf_actual":	212992,
		"rcvbuf_actual":	212992,
		"test_start":	{
			"protocol":	"UDP",
			"num_streams":	1,
			"blksize":	1448,
			"omit":	0,
			"duration":	30,
			"bytes":	0,
			"blocks":	0,
			"reverse":	0,
			"tos":	0
		}
	},
	"intervals":	[{
			"streams":	[{
					"socket":	6,
					"start":	0,
					"end":	10.000095,
					"seconds":	10.000095367431641,
					"bytes":	8879136,
					"bits_per_second":	7103241.0582143953,
					"packets":	6132,
					"omitted":	false,
					"sender":	true
				}],
			"sum":	{
				"start":	0,
				"end":	10.000095,
				"seconds":	10.000095367431641,
				"bytes":	8879136,
				"bits_per_second":	7103241.0582143953,
				"packets":	6132,
				"omitted":	false,
				"sender":	true
			}
		}, {
			"streams":	[{
					"socket":	6,
					"start":	10.000095,
					"end":	20.000082,
					"seconds":	9.99998664855957,
					"bytes":	858664,
					"bits_per_second":	686932.11715332419,
					"packets":	593,
					"omitted":	false,
					"sender":	true
				}],
			"sum":	{
				"start":	10.000095,
				"end":	20.000082,
				"seconds":	9.99998664855957,
				"bytes":	858664,
				"bits_per_second":	686932.11715332419,
				"packets":	593,
				"omitted":	false,
				"sender":	true
			}
		}, {
			"streams":	[{
					"socket":	6,
					"start":	20.000082,
					"end":	30.000099,
					"seconds":	10.000017166137695,
					"bytes":	1688368,
					"bits_per_second":	1350692.0813833748,
					"packets":	1166,
					"omitted":	false,
					"sender":	true
				}],
			"sum":	{
				"start":	20.000082,
				"end":	30.000099,
				"seconds":	10.000017166137695,
				"bytes":	1688368,
				"bits_per_second":	1350692.0813833748,
				"packets":	1166,
				"omitted":	false,
				"sender":	true
			}
		}],
	"end":	{
		"streams":	[{
				"udp":	{
					"socket":	6,
					"start":	0,
					"end":	30.000099,
					"seconds":	30.000099,
					"bytes":	11426168,
					"bits_per_second":	3046968.0783386747,
					"jitter_ms":	0.46703880876160786,
					"lost_packets":	1880,
					"packets":	7891,
					"lost_percent":	23.824610315549361,
					"out_of_order":	0,
					"sender":	true
				}
			}],
		"sum":	{
			"start":	0,
			"end":	30.00438,
			"seconds":	30.00438,
			"bytes":	11426168,
			"bits_per_second":	3046968.0783386747,
			"jitter_ms":	0.46703880876160786,
			"lost_packets":	1880,
			"packets":	7891,
			"lost_percent":	23.824610315549361,
			"sender":	true
		},
		"cpu_utilization_percent":	{
			"host_total":	5.65304678428133,
			"host_user":	0.44539065594078375,
			"host_system":	5.2076527957754806,
			"remote_total":	0.95084673345698623,
			"remote_user":	0.1202958674010326,
			"remote_system":	0.83054753459101682
		}
	}
}
