{
	"start":	{
		"connected":	[{
				"socket":	6,
				"local_host":	"10.20.15.3",
				"local_port":	55812,
				"remote_host":	"10.20.15.2",
				"remote_port":	5201
			}],
		"version":	"iperf 3.7",
		"system_info":	"Linux node2 5.8.0-1006-raspi #9-Ubuntu SMP PREEMPT Fri Oct 16 12:55:30 UTC 2020 aarch64",
		"timestamp":	{
			"time":	"Sun, 08 Aug 2021 12:24:08 GMT",
			"timesecs":	1628425448
		},
		"connecting_to":	{
			"host":	"10.20.15.2",
			"port":	5201
		},
		"cookie":	"dipfu7jl2tkpzfkdjnrlp3r2kmjne26zbgqj",
		"sock_bufsize":	0,
		"sndbuf_actual":	212992,
		"rcvbuf_actual":	212992,
		"test_start":	{
			"protocol":	"UDP",
			"num_streams":	1,
			"blksize":	1448,
			"omit":	0,
			"duration":	30,
			"bytes":	0,
			"blocks":	0,
			"reverse":	0,
			"tos":	0
		}
	},
	"intervals":	[{
			"streams":	[{
					"socket":	6,
					"start":	0,
					"end":	10.000106,
					"seconds":	10.000105857849121,
					"bytes":	4354136,
					"bits_per_second":	3483271.9268325921,
					"packets":	3007,
					"omitted":	false,
					"sender":	true
				}],
			"sum":	{
				"start":	0,
				"end":	10.000106,
				"seconds":	10.000105857849121,
				"bytes":	4354136,
				"bits_per_second":	3483271.9268325921,
				"packets":	3007,
				"omitted":	false,
				"sender":	true
			}
		}, {
			"streams":	[{
					"socket":	6,
					"start":	10.000106,
					"end":	20.000088,
					"seconds":	9.9999818801879883,
					"bytes":	747168,
					"bits_per_second":	597735.48308545863,
					"packets":	516,
					"omitted":	false,
					"sender":	true
				}],
			"sum":	{
				"start":	10.000106,
				"end":	20.000088,
				"seconds":	9.9999818801879883,
				"bytes":	747168,
				"bits_per_second":	597735.48308545863,
				"packets":	516,
				"omitted":	false,
				"sender":	true
			}
		}, {
			"streams":	[{
					"socket":	6,
					"start":	20.000088,
					"end":	30.000888,
					"seconds":	10.000800132751465,
					"bytes":	2363136,
					"bits_per_second":	1890357.5463015225,
					"packets":	1632,
					"omitted":	false,
					"sender":	true
				}],
			"sum":	{
				"start":	20.000088,
				"end":	30.000888,
				"seconds":	10.000800132751465,
				"bytes":	2363136,
				"bits_per_second":	1890357.5463015225,
				"packets":	1632,
				"omitted":	false,
				"sender":	true
			}
		}],
	"end":	{
		"streams":	[{
				"udp":	{
					"socket":	6,
					"start":	0,
					"end":	30.000888,
					"seconds":	30.000888,
					"bytes":	7464440,
					"bits_per_second":	1990458.4157642268,
					"jitter_ms":	0.38794896753070857,
					"lost_packets":	1716,
					"packets":	5155,
					"lost_percent":	33.288069835111543,
					"out_of_order":	0,
					"sender":	true
				}
			}],
		"sum":	{
			"start":	0,
			"end":	30.007733,
			"seconds":	30.007733,
			"bytes":	7464440,
			"bits_per_second":	1990458.4157642268,
			"jitter_ms":	0.38794896753070857,
			"lost_packets":	1716,
			"packets":	5155,
			"lost_percent":	33.288069835111543,
			"sender":	true
		},
		"cpu_utilization_percent":	{
			"host_total":	5.0615123254584855,
			"host_user":	0.78409137107937654,
			"host_system":	4.2774109572516164,
			"remote_total":	0.58757469672317675,
			"remote_user":	0.033091587655435531,
			"remote_system":	0.55448643987676549
		}
	}
}
