{
	"start":	{
		"connected":	[{
				"socket":	6,
				"local_host":	"10.20.15.3",
				"local_port":	45702,
				"remote_host":	"10.20.15.2",
				"remote_port":	5201
			}],
		"version":	"iperf 3.7",
		"system_info":	"Linux node2 5.8.0-1006-raspi #9-Ubuntu SMP PREEMPT Fri Oct 16 12:55:30 UTC 2020 aarch64",
		"timestamp":	{
			"time":	"Sun, 08 Aug 2021 13:13:02 GMT",
			"timesecs":	1628428382
		},
		"connecting_to":	{
			"host":	"10.20.15.2",
			"port":	5201
		},
		"cookie":	"ncqpngebcetkk2ab5mm6etdkg6njqi7dnimi",
		"sock_bufsize":	0,
		"sndbuf_actual":	212992,
		"rcvbuf_actual":	212992,
		"test_start":	{
			"protocol":	"UDP",
			"num_streams":	1,
			"blksize":	1448,
			"omit":	0,
			"duration":	30,
			"bytes":	0,
			"blocks":	0,
			"reverse":	0,
			"tos":	0
		}
	},
	"intervals":	[{
			"streams":	[{
					"socket":	6,
					"start":	0,
					"end":	10.000079,
					"seconds":	10.000079154968262,
					"bytes":	16531816,
					"bits_per_second":	13225348.114798972,
					"packets":	11417,
					"omitted":	false,
					"sender":	true
				}],
			"sum":	{
				"start":	0,
				"end":	10.000079,
				"seconds":	10.000079154968262,
				"bytes":	16531816,
				"bits_per_second":	13225348.114798972,
				"packets":	11417,
				"omitted":	false,
				"sender":	true
			}
		}, {
			"streams":	[{
					"socket":	6,
					"start":	10.000079,
					"end":	20.000077,
					"seconds":	9.9999980926513672,
					"bytes":	10571848,
					"bits_per_second":	8457480.0131362937,
					"packets":	7301,
					"omitted":	false,
					"sender":	true
				}],
			"sum":	{
				"start":	10.000079,
				"end":	20.000077,
				"seconds":	9.9999980926513672,
				"bytes":	10571848,
				"bits_per_second":	8457480.0131362937,
				"packets":	7301,
				"omitted":	false,
				"sender":	true
			}
		}, {
			"streams":	[{
					"socket":	6,
					"start":	20.000077,
					"end":	30.000054,
					"seconds":	9.9999771118164062,
					"bytes":	13950032,
					"bits_per_second":	11160051.143329948,
					"packets":	9634,
					"omitted":	false,
					"sender":	true
				}],
			"sum":	{
				"start":	20.000077,
				"end":	30.000054,
				"seconds":	9.9999771118164062,
				"bytes":	13950032,
				"bits_per_second":	11160051.143329948,
				"packets":	9634,
				"omitted":	false,
				"sender":	true
			}
		}],
	"end":	{
		"streams":	[{
				"udp":	{
					"socket":	6,
					"start":	0,
					"end":	30.000054,
					"seconds":	30.000054,
					"bytes":	41053696,
					"bits_per_second":	10947632.560928058,
					"jitter_ms":	1.0812019742982202,
					"lost_packets":	9397,
					"packets":	28352,
					"lost_percent":	33.144046275395034,
					"out_of_order":	0,
					"sender":	true
				}
			}],
		"sum":	{
			"start":	0,
			"end":	30.011663,
			"seconds":	30.011663,
			"bytes":	41053696,
			"bits_per_second":	10947632.560928058,
			"jitter_ms":	1.0812019742982202,
			"lost_packets":	9397,
			"packets":	28352,
			"lost_percent":	33.144046275395034,
			"sender":	true
		},
		"cpu_utilization_percent":	{
			"host_total":	9.1418698795601525,
			"host_user":	0.61622828351280157,
			"host_system":	8.5256382633362353,
			"remote_total":	3.2343732882987171,
			"remote_user":	0.24988736183276314,
			"remote_system":	2.984482595700308
		}
	}
}
