{
	"start":	{
		"connected":	[{
				"socket":	6,
				"local_host":	"10.20.15.3",
				"local_port":	52686,
				"remote_host":	"10.20.15.2",
				"remote_port":	5201
			}],
		"version":	"iperf 3.7",
		"system_info":	"Linux node2 5.8.0-1006-raspi #9-Ubuntu SMP PREEMPT Fri Oct 16 12:55:30 UTC 2020 aarch64",
		"timestamp":	{
			"time":	"Sun, 08 Aug 2021 13:34:32 GMT",
			"timesecs":	1628429672
		},
		"connecting_to":	{
			"host":	"10.20.15.2",
			"port":	5201
		},
		"cookie":	"emveoghbgkvsjdbbwvd6kgcf6q7k3laty6hl",
		"sock_bufsize":	0,
		"sndbuf_actual":	212992,
		"rcvbuf_actual":	212992,
		"test_start":	{
			"protocol":	"UDP",
			"num_streams":	1,
			"blksize":	1448,
			"omit":	0,
			"duration":	30,
			"bytes":	0,
			"blocks":	0,
			"reverse":	0,
			"tos":	0
		}
	},
	"intervals":	[{
			"streams":	[{
					"socket":	6,
					"start":	0,
					"end":	10.000086,
					"seconds":	10.000085830688477,
					"bytes":	10917920,
					"bits_per_second":	8734261.0332362186,
					"packets":	7540,
					"omitted":	false,
					"sender":	true
				}],
			"sum":	{
				"start":	0,
				"end":	10.000086,
				"seconds":	10.000085830688477,
				"bytes":	10917920,
				"bits_per_second":	8734261.0332362186,
				"packets":	7540,
				"omitted":	false,
				"sender":	true
			}
		}, {
			"streams":	[{
					"socket":	6,
					"start":	10.000086,
					"end":	20.000107,
					"seconds":	10.000020980834961,
					"bytes":	1207632,
					"bits_per_second":	966103.573034038,
					"packets":	834,
					"omitted":	false,
					"sender":	true
				}],
			"sum":	{
				"start":	10.000086,
				"end":	20.000107,
				"seconds":	10.000020980834961,
				"bytes":	1207632,
				"bits_per_second":	966103.573034038,
				"packets":	834,
				"omitted":	false,
				"sender":	true
			}
		}, {
			"streams":	[{
					"socket":	6,
					"start":	20.000107,
					"end":	30.000114,
					"seconds":	10.000006675720215,
					"bytes":	1313336,
					"bits_per_second":	1050668.0986033734,
					"packets":	907,
					"omitted":	false,
					"sender":	true
				}],
			"sum":	{
				"start":	20.000107,
				"end":	30.000114,
				"seconds":	10.000006675720215,
				"bytes":	1313336,
				"bits_per_second":	1050668.0986033734,
				"packets":	907,
				"omitted":	false,
				"sender":	true
			}
		}],
	"end":	{
		"streams":	[{
				"udp":	{
					"socket":	6,
					"start":	0,
					"end":	30.000114,
					"seconds":	30.000114,
					"bytes":	13438888,
					"bits_per_second":	3583689.8486452419,
					"jitter_ms":	1.5616871008096584,
					"lost_packets":	1805,
					"packets":	9281,
					"lost_percent":	19.448335308695185,
					"out_of_order":	0,
					"sender":	true
				}
			}],
		"sum":	{
			"start":	0,
			"end":	30.010224,
			"seconds":	30.010224,
			"bytes":	13438888,
			"bits_per_second":	3583689.8486452419,
			"jitter_ms":	1.5616871008096584,
			"lost_packets":	1805,
			"packets":	9281,
			"lost_percent":	19.448335308695185,
			"sender":	true
		},
		"cpu_utilization_percent":	{
			"host_total":	5.8802328879012862,
			"host_user":	0.44348476067872206,
			"host_system":	5.4367514597149986,
			"remote_total":	1.1557689964761866,
			"remote_user":	0.0705115741096927,
			"remote_system":	1.0852640835137337
		}
	}
}
