{
	"start":	{
		"connected":	[{
				"socket":	6,
				"local_host":	"10.20.15.3",
				"local_port":	36520,
				"remote_host":	"10.20.15.2",
				"remote_port":	5201
			}],
		"version":	"iperf 3.7",
		"system_info":	"Linux node2 5.8.0-1006-raspi #9-Ubuntu SMP PREEMPT Fri Oct 16 12:55:30 UTC 2020 aarch64",
		"timestamp":	{
			"time":	"Sun, 08 Aug 2021 12:10:36 GMT",
			"timesecs":	1628424636
		},
		"connecting_to":	{
			"host":	"10.20.15.2",
			"port":	5201
		},
		"cookie":	"nrizujt5m7gtbh5ckrmhusbxxqdrtexc5iqy",
		"sock_bufsize":	0,
		"sndbuf_actual":	212992,
		"rcvbuf_actual":	212992,
		"test_start":	{
			"protocol":	"UDP",
			"num_streams":	1,
			"blksize":	1448,
			"omit":	0,
			"duration":	30,
			"bytes":	0,
			"blocks":	0,
			"reverse":	0,
			"tos":	0
		}
	},
	"intervals":	[{
			"streams":	[{
					"socket":	6,
					"start":	0,
					"end":	10.000088,
					"seconds":	10.000087738037109,
					"bytes":	9304848,
					"bits_per_second":	7443813.0894450927,
					"packets":	6426,
					"omitted":	false,
					"sender":	true
				}],
			"sum":	{
				"start":	0,
				"end":	10.000088,
				"seconds":	10.000087738037109,
				"bytes":	9304848,
				"bits_per_second":	7443813.0894450927,
				"packets":	6426,
				"omitted":	false,
				"sender":	true
			}
		}, {
			"streams":	[{
					"socket":	6,
					"start":	10.000088,
					"end":	20.000085,
					"seconds":	9.99999713897705,
					"bytes":	1537776,
					"bits_per_second":	1230221.1519690948,
					"packets":	1062,
					"omitted":	false,
					"sender":	true
				}],
			"sum":	{
				"start":	10.000088,
				"end":	20.000085,
				"seconds":	9.99999713897705,
				"bytes":	1537776,
				"bits_per_second":	1230221.1519690948,
				"packets":	1062,
				"omitted":	false,
				"sender":	true
			}
		}, {
			"streams":	[{
					"socket":	6,
					"start":	20.000085,
					"end":	30.000285,
					"seconds":	10.000200271606445,
					"bytes":	2001136,
					"bits_per_second":	1600876.7389843762,
					"packets":	1382,
					"omitted":	false,
					"sender":	true
				}],
			"sum":	{
				"start":	20.000085,
				"end":	30.000285,
				"seconds":	10.000200271606445,
				"bytes":	2001136,
				"bits_per_second":	1600876.7389843762,
				"packets":	1382,
				"omitted":	false,
				"sender":	true
			}
		}],
	"end":	{
		"streams":	[{
				"udp":	{
					"socket":	6,
					"start":	0,
					"end":	30.000285,
					"seconds":	30.000285,
					"bytes":	12843760,
					"bits_per_second":	3424970.1294504367,
					"jitter_ms":	3.1886267881825279,
					"lost_packets":	3466,
					"packets":	8870,
					"lost_percent":	39.075535512965054,
					"out_of_order":	0,
					"sender":	true
				}
			}],
		"sum":	{
			"start":	0,
			"end":	30.021537,
			"seconds":	30.021537,
			"bytes":	12843760,
			"bits_per_second":	3424970.1294504367,
			"jitter_ms":	3.1886267881825279,
			"lost_packets":	3466,
			"packets":	8870,
			"lost_percent":	39.075535512965054,
			"sender":	true
		},
		"cpu_utilization_percent":	{
			"host_total":	5.74640590326024,
			"host_user":	0.41509797889209632,
			"host_system":	5.3312979270660827,
			"remote_total":	0.848160372006203,
			"remote_user":	0.0259232899684792,
			"remote_system":	0.82223708203772383
		}
	}
}
