{
	"start":	{
		"connected":	[{
				"socket":	6,
				"local_host":	"10.20.15.3",
				"local_port":	48892,
				"remote_host":	"10.20.15.2",
				"remote_port":	5201
			}],
		"version":	"iperf 3.7",
		"system_info":	"Linux node2 5.8.0-1006-raspi #9-Ubuntu SMP PREEMPT Fri Oct 16 12:55:30 UTC 2020 aarch64",
		"timestamp":	{
			"time":	"Sun, 08 Aug 2021 13:51:33 GMT",
			"timesecs":	1628430693
		},
		"connecting_to":	{
			"host":	"10.20.15.2",
			"port":	5201
		},
		"cookie":	"bdkgstaykddffofxjmlv3e5xuf6nsvb6rkb4",
		"sock_bufsize":	0,
		"sndbuf_actual":	212992,
		"rcvbuf_actual":	212992,
		"test_start":	{
			"protocol":	"UDP",
			"num_streams":	1,
			"blksize":	1448,
			"omit":	0,
			"duration":	30,
			"bytes":	0,
			"blocks":	0,
			"reverse":	0,
			"tos":	0
		}
	},
	"intervals":	[{
			"streams":	[{
					"socket":	6,
					"start":	0,
					"end":	10.000083,
					"seconds":	10.000082969665527,
					"bytes":	5304024,
					"bits_per_second":	4243183.9944443209,
					"packets":	3663,
					"omitted":	false,
					"sender":	true
				}],
			"sum":	{
				"start":	0,
				"end":	10.000083,
				"seconds":	10.000082969665527,
				"bytes":	5304024,
				"bits_per_second":	4243183.9944443209,
				"packets":	3663,
				"omitted":	false,
				"sender":	true
			}
		}, {
			"streams":	[{
					"socket":	6,
					"start":	10.000083,
					"end":	20.00009,
					"seconds":	10.000006675720215,
					"bytes":	1225008,
					"bits_per_second":	980005.7457755832,
					"packets":	846,
					"omitted":	false,
					"sender":	true
				}],
			"sum":	{
				"start":	10.000083,
				"end":	20.00009,
				"seconds":	10.000006675720215,
				"bytes":	1225008,
				"bits_per_second":	980005.7457755832,
				"packets":	846,
				"omitted":	false,
				"sender":	true
			}
		}, {
			"streams":	[{
					"socket":	6,
					"start":	20.00009,
					"end":	30.000074,
					"seconds":	9.9999837875366211,
					"bytes":	8640216,
					"bits_per_second":	6912184.0063530067,
					"packets":	5967,
					"omitted":	false,
					"sender":	true
				}],
			"sum":	{
				"start":	20.00009,
				"end":	30.000074,
				"seconds":	9.9999837875366211,
				"bytes":	8640216,
				"bits_per_second":	6912184.0063530067,
				"packets":	5967,
				"omitted":	false,
				"sender":	true
			}
		}],
	"end":	{
		"streams":	[{
				"udp":	{
					"socket":	6,
					"start":	0,
					"end":	30.000074,
					"seconds":	30.000074,
					"bytes":	15169248,
					"bits_per_second":	4045122.822030372,
					"jitter_ms":	0.45930893865569078,
					"lost_packets":	1860,
					"packets":	10476,
					"lost_percent":	17.754868270332189,
					"out_of_order":	0,
					"sender":	true
				}
			}],
		"sum":	{
			"start":	0,
			"end":	30.003767,
			"seconds":	30.003767,
			"bytes":	15169248,
			"bits_per_second":	4045122.822030372,
			"jitter_ms":	0.45930893865569078,
			"lost_packets":	1860,
			"packets":	10476,
			"lost_percent":	17.754868270332189,
			"sender":	true
		},
		"cpu_utilization_percent":	{
			"host_total":	6.1450002348848276,
			"host_user":	0.50910370281771844,
			"host_system":	5.6358898686677295,
			"remote_total":	1.2966224539189128,
			"remote_user":	0.074308351949002163,
			"remote_system":	1.2223240941283977
		}
	}
}
