{
	"start":	{
		"connected":	[{
				"socket":	6,
				"local_host":	"10.20.15.3",
				"local_port":	46517,
				"remote_host":	"10.20.15.2",
				"remote_port":	5201
			}],
		"version":	"iperf 3.7",
		"system_info":	"Linux node2 5.8.0-1006-raspi #9-Ubuntu SMP PREEMPT Fri Oct 16 12:55:30 UTC 2020 aarch64",
		"timestamp":	{
			"time":	"Sun, 08 Aug 2021 12:55:17 GMT",
			"timesecs":	1628427317
		},
		"connecting_to":	{
			"host":	"10.20.15.2",
			"port":	5201
		},
		"cookie":	"mcezl6tr6r3tgiyxlkm5geo5zua4qq7rx4wc",
		"sock_bufsize":	0,
		"sndbuf_actual":	212992,
		"rcvbuf_actual":	212992,
		"test_start":	{
			"protocol":	"UDP",
			"num_streams":	1,
			"blksize":	1448,
			"omit":	0,
			"duration":	30,
			"bytes":	0,
			"blocks":	0,
			"reverse":	0,
			"tos":	0
		}
	},
	"intervals":	[{
			"streams":	[{
					"socket":	6,
					"start":	0,
					"end":	10.000098,
					"seconds":	10.00009822845459,
					"bytes":	6194544,
					"bits_per_second":	4955586.5220394358,
					"packets":	4278,
					"omitted":	false,
					"sender":	true
				}],
			"sum":	{
				"start":	0,
				"end":	10.000098,
				"seconds":	10.00009822845459,
				"bytes":	6194544,
				"bits_per_second":	4955586.5220394358,
				"packets":	4278,
				"omitted":	false,
				"sender":	true
			}
		}, {
			"streams":	[{
					"socket":	6,
					"start":	10.000098,
					"end":	20.000079,
					"seconds":	9.9999809265136719,
					"bytes":	828256,
					"bits_per_second":	662606.06382076989,
					"packets":	572,
					"omitted":	false,
					"sender":	true
				}],
			"sum":	{
				"start":	10.000098,
				"end":	20.000079,
				"seconds":	9.9999809265136719,
				"bytes":	828256,
				"bits_per_second":	662606.06382076989,
				"packets":	572,
				"omitted":	false,
				"sender":	true
			}
		}, {
			"streams":	[{
					"socket":	6,
					"start":	20.000079,
					"end":	30.0001,
					"seconds":	10.000020980834961,
					"bytes":	3869056,
					"bits_per_second":	3095238.3059315938,
					"packets":	2672,
					"omitted":	false,
					"sender":	true
				}],
			"sum":	{
				"start":	20.000079,
				"end":	30.0001,
				"seconds":	10.000020980834961,
				"bytes":	3869056,
				"bits_per_second":	3095238.3059315938,
				"packets":	2672,
				"omitted":	false,
				"sender":	true
			}
		}],
	"end":	{
		"streams":	[{
				"udp":	{
					"socket":	6,
					"start":	0,
					"end":	30.0001,
					"seconds":	30.0001,
					"bytes":	10891856,
					"bits_per_second":	2904485.2517158277,
					"jitter_ms":	0.26422428797284142,
					"lost_packets":	1676,
					"packets":	7522,
					"lost_percent":	22.281308162722681,
					"out_of_order":	0,
					"sender":	true
				}
			}],
		"sum":	{
			"start":	0,
			"end":	30.003176,
			"seconds":	30.003176,
			"bytes":	10891856,
			"bits_per_second":	2904485.2517158277,
			"jitter_ms":	0.26422428797284142,
			"lost_packets":	1676,
			"packets":	7522,
			"lost_percent":	22.281308162722681,
			"sender":	true
		},
		"cpu_utilization_percent":	{
			"host_total":	5.494140980565108,
			"host_user":	0.63405021049308652,
			"host_system":	4.8600941024779472,
			"remote_total":	0.8703648065502686,
			"remote_user":	0.075046611814371431,
			"remote_system":	0.79530486969828817
		}
	}
}
