{
	"start":	{
		"connected":	[{
				"socket":	6,
				"local_host":	"10.20.15.3",
				"local_port":	46578,
				"remote_host":	"10.20.15.2",
				"remote_port":	5201
			}],
		"version":	"iperf 3.7",
		"system_info":	"Linux node2 5.8.0-1006-raspi #9-Ubuntu SMP PREEMPT Fri Oct 16 12:55:30 UTC 2020 aarch64",
		"timestamp":	{
			"time":	"Sun, 08 Aug 2021 13:21:44 GMT",
			"timesecs":	1628428904
		},
		"connecting_to":	{
			"host":	"10.20.15.2",
			"port":	5201
		},
		"cookie":	"k2tokj2ni6vooqgju5h5o3iwrfo37kpngoth",
		"sock_bufsize":	0,
		"sndbuf_actual":	212992,
		"rcvbuf_actual":	212992,
		"test_start":	{
			"protocol":	"UDP",
			"num_streams":	1,
			"blksize":	1448,
			"omit":	0,
			"duration":	30,
			"bytes":	0,
			"blocks":	0,
			"reverse":	0,
			"tos":	0
		}
	},
	"intervals":	[{
			"streams":	[{
					"socket":	6,
					"start":	0,
					"end":	10.000104,
					"seconds":	10.000103950500488,
					"bytes":	5571904,
					"bits_per_second":	4457476.8643049039,
					"packets":	3848,
					"omitted":	false,
					"sender":	true
				}],
			"sum":	{
				"start":	0,
				"end":	10.000104,
				"seconds":	10.000103950500488,
				"bytes":	5571904,
				"bits_per_second":	4457476.8643049039,
				"packets":	3848,
				"omitted":	false,
				"sender":	true
			}
		}, {
			"streams":	[{
					"socket":	6,
					"start":	10.000104,
					"end":	20.000094,
					"seconds":	9.9999904632568359,
					"bytes":	15841120,
					"bits_per_second":	12672908.085826956,
					"packets":	10940,
					"omitted":	false,
					"sender":	true
				}],
			"sum":	{
				"start":	10.000104,
				"end":	20.000094,
				"seconds":	9.9999904632568359,
				"bytes":	15841120,
				"bits_per_second":	12672908.085826956,
				"packets":	10940,
				"omitted":	false,
				"sender":	true
			}
		}, {
			"streams":	[{
					"socket":	6,
					"start":	20.000094,
					"end":	30.000583,
					"seconds":	10.000489234924316,
					"bytes":	7063344,
					"bits_per_second":	5650398.7627588948,
					"packets":	4878,
					"omitted":	false,
					"sender":	true
				}],
			"sum":	{
				"start":	20.000094,
				"end":	30.000583,
				"seconds":	10.000489234924316,
				"bytes":	7063344,
				"bits_per_second":	5650398.7627588948,
				"packets":	4878,
				"omitted":	false,
				"sender":	true
			}
		}],
	"end":	{
		"streams":	[{
				"udp":	{
					"socket":	6,
					"start":	0,
					"end":	30.000583,
					"seconds":	30.000583,
					"bytes":	28476368,
					"bits_per_second":	7593550.5653340137,
					"jitter_ms":	5.262657713489685,
					"lost_packets":	7523,
					"packets":	19666,
					"lost_percent":	38.253839113190274,
					"out_of_order":	0,
					"sender":	true
				}
			}],
		"sum":	{
			"start":	0,
			"end":	30.04996,
			"seconds":	30.04996,
			"bytes":	28476368,
			"bits_per_second":	7593550.5653340137,
			"jitter_ms":	5.262657713489685,
			"lost_packets":	7523,
			"packets":	19666,
			"lost_percent":	38.253839113190274,
			"sender":	true
		},
		"cpu_utilization_percent":	{
			"host_total":	7.7443812420075346,
			"host_user":	0.85314131556544215,
			"host_system":	6.8912132841965956,
			"remote_total":	2.0562907457449571,
			"remote_user":	0.20655383839433364,
			"remote_system":	1.8497202988050083
		}
	}
}
