{
	"start":	{
		"connected":	[{
				"socket":	6,
				"local_host":	"10.20.15.3",
				"local_port":	40374,
				"remote_host":	"10.20.15.2",
				"remote_port":	5201
			}],
		"version":	"iperf 3.7",
		"system_info":	"Linux node2 5.8.0-1006-raspi #9-Ubuntu SMP PREEMPT Fri Oct 16 12:55:30 UTC 2020 aarch64",
		"timestamp":	{
			"time":	"Sun, 08 Aug 2021 10:25:03 GMT",
			"timesecs":	1628418303
		},
		"connecting_to":	{
			"host":	"10.20.15.2",
			"port":	5201
		},
		"cookie":	"k6j5a4wav5mtncfgndch4a7tal7ve75xina7",
		"sock_bufsize":	0,
		"sndbuf_actual":	212992,
		"rcvbuf_actual":	212992,
		"test_start":	{
			"protocol":	"UDP",
			"num_streams":	1,
			"blksize":	1448,
			"omit":	0,
			"duration":	30,
			"bytes":	0,
			"blocks":	0,
			"reverse":	0,
			"tos":	0
		}
	},
	"intervals":	[{
			"streams":	[{
					"socket":	6,
					"start":	0,
					"end":	10.000117,
					"seconds":	10.000117301940918,
					"bytes":	45041488,
					"bits_per_second":	36032767.728640877,
					"packets":	31106,
					"omitted":	false,
					"sender":	true
				}],
			"sum":	{
				"start":	0,
				"end":	10.000117,
				"seconds":	10.000117301940918,
				"bytes":	45041488,
				"bits_per_second":	36032767.728640877,
				"packets":	31106,
				"omitted":	false,
				"sender":	true
			}
		}, {
			"streams":	[{
					"socket":	6,
					"start":	10.000117,
					"end":	20.000069,
					"seconds":	9.99995231628418,
					"bytes":	44439120,
					"bits_per_second":	35551465.522597894,
					"packets":	30690,
					"omitted":	false,
					"sender":	true
				}],
			"sum":	{
				"start":	10.000117,
				"end":	20.000069,
				"seconds":	9.99995231628418,
				"bytes":	44439120,
				"bits_per_second":	35551465.522597894,
				"packets":	30690,
				"omitted":	false,
				"sender":	true
			}
		}, {
			"streams":	[{
					"socket":	6,
					"start":	20.000069,
					"end":	30.000114,
					"seconds":	10.000044822692871,
					"bytes":	45412176,
					"bits_per_second":	36329577.961048491,
					"packets":	31362,
					"omitted":	false,
					"sender":	true
				}],
			"sum":	{
				"start":	20.000069,
				"end":	30.000114,
				"seconds":	10.000044822692871,
				"bytes":	45412176,
				"bits_per_second":	36329577.961048491,
				"packets":	31362,
				"omitted":	false,
				"sender":	true
			}
		}],
	"end":	{
		"streams":	[{
				"udp":	{
					"socket":	6,
					"start":	0,
					"end":	30.000114,
					"seconds":	30.000114,
					"bytes":	134892784,
					"bits_per_second":	35971272.375831641,
					"jitter_ms":	0.45084072447749451,
					"lost_packets":	3927,
					"packets":	93158,
					"lost_percent":	4.2154189656282872,
					"out_of_order":	0,
					"sender":	true
				}
			}],
		"sum":	{
			"start":	0,
			"end":	30.003303,
			"seconds":	30.003303,
			"bytes":	134892784,
			"bits_per_second":	35971272.375831641,
			"jitter_ms":	0.45084072447749451,
			"lost_packets":	3927,
			"packets":	93158,
			"lost_percent":	4.2154189656282872,
			"sender":	true
		},
		"cpu_utilization_percent":	{
			"host_total":	21.652538310289877,
			"host_user":	1.4979464725520224,
			"host_system":	20.154595170277268,
			"remote_total":	13.74267427786193,
			"remote_user":	1.3697812787463677,
			"remote_system":	12.372956296926164
		}
	}
}
