{
	"start":	{
		"connected":	[{
				"socket":	6,
				"local_host":	"10.20.15.3",
				"local_port":	33985,
				"remote_host":	"10.20.15.2",
				"remote_port":	5201
			}],
		"version":	"iperf 3.7",
		"system_info":	"Linux node2 5.8.0-1006-raspi #9-Ubuntu SMP PREEMPT Fri Oct 16 12:55:30 UTC 2020 aarch64",
		"timestamp":	{
			"time":	"Sun, 08 Aug 2021 12:51:47 GMT",
			"timesecs":	1628427107
		},
		"connecting_to":	{
			"host":	"10.20.15.2",
			"port":	5201
		},
		"cookie":	"kzj63c47wuedtxlrdiyujc5r3s3vaze2gesi",
		"sock_bufsize":	0,
		"sndbuf_actual":	212992,
		"rcvbuf_actual":	212992,
		"test_start":	{
			"protocol":	"UDP",
			"num_streams":	1,
			"blksize":	1448,
			"omit":	0,
			"duration":	30,
			"bytes":	0,
			"blocks":	0,
			"reverse":	0,
			"tos":	0
		}
	},
	"intervals":	[{
			"streams":	[{
					"socket":	6,
					"start":	0,
					"end":	10.000094,
					"seconds":	10.000094413757324,
					"bytes":	4525000,
					"bits_per_second":	3619965.822542531,
					"packets":	3125,
					"omitted":	false,
					"sender":	true
				}],
			"sum":	{
				"start":	0,
				"end":	10.000094,
				"seconds":	10.000094413757324,
				"bytes":	4525000,
				"bits_per_second":	3619965.822542531,
				"packets":	3125,
				"omitted":	false,
				"sender":	true
			}
		}, {
			"streams":	[{
					"socket":	6,
					"start":	10.000094,
					"end":	20.00008,
					"seconds":	9.9999856948852539,
					"bytes":	710968,
					"bits_per_second":	568775.21363946958,
					"packets":	491,
					"omitted":	false,
					"sender":	true
				}],
			"sum":	{
				"start":	10.000094,
				"end":	20.00008,
				"seconds":	9.9999856948852539,
				"bytes":	710968,
				"bits_per_second":	568775.21363946958,
				"packets":	491,
				"omitted":	false,
				"sender":	true
			}
		}, {
			"streams":	[{
					"socket":	6,
					"start":	20.00008,
					"end":	30.000721,
					"seconds":	10.000640869140625,
					"bytes":	2316800,
					"bits_per_second":	1853321.2263618358,
					"packets":	1600,
					"omitted":	false,
					"sender":	true
				}],
			"sum":	{
				"start":	20.00008,
				"end":	30.000721,
				"seconds":	10.000640869140625,
				"bytes":	2316800,
				"bits_per_second":	1853321.2263618358,
				"packets":	1600,
				"omitted":	false,
				"sender":	true
			}
		}],
	"end":	{
		"streams":	[{
				"udp":	{
					"socket":	6,
					"start":	0,
					"end":	30.000721,
					"seconds":	30.000721,
					"bytes":	7552768,
					"bits_per_second":	2014023.0629790532,
					"jitter_ms":	0.23123788755661304,
					"lost_packets":	1786,
					"packets":	5216,
					"lost_percent":	34.240797546012267,
					"out_of_order":	0,
					"sender":	true
				}
			}],
		"sum":	{
			"start":	0,
			"end":	30.004093,
			"seconds":	30.004093,
			"bytes":	7552768,
			"bits_per_second":	2014023.0629790532,
			"jitter_ms":	0.23123788755661304,
			"lost_packets":	1786,
			"packets":	5216,
			"lost_percent":	34.240797546012267,
			"sender":	true
		},
		"cpu_utilization_percent":	{
			"host_total":	5.0185874411181084,
			"host_user":	0.64423799322617692,
			"host_system":	4.3743461154655741,
			"remote_total":	0.61697100963059148,
			"remote_user":	0.034265064170634227,
			"remote_system":	0.58270594545995735
		}
	}
}
