{
	"start":	{
		"connected":	[{
				"socket":	6,
				"local_host":	"10.20.15.3",
				"local_port":	44475,
				"remote_host":	"10.20.15.2",
				"remote_port":	5201
			}],
		"version":	"iperf 3.7",
		"system_info":	"Linux node2 5.8.0-1006-raspi #9-Ubuntu SMP PREEMPT Fri Oct 16 12:55:30 UTC 2020 aarch64",
		"timestamp":	{
			"time":	"Sun, 08 Aug 2021 13:43:33 GMT",
			"timesecs":	1628430213
		},
		"connecting_to":	{
			"host":	"10.20.15.2",
			"port":	5201
		},
		"cookie":	"5ktrtv2fwoijkkafg5lwo5zggpa4c5p32vqs",
		"sock_bufsize":	0,
		"sndbuf_actual":	212992,
		"rcvbuf_actual":	212992,
		"test_start":	{
			"protocol":	"UDP",
			"num_streams":	1,
			"blksize":	1448,
			"omit":	0,
			"duration":	30,
			"bytes":	0,
			"blocks":	0,
			"reverse":	0,
			"tos":	0
		}
	},
	"intervals":	[{
			"streams":	[{
					"socket":	6,
					"start":	0,
					"end":	10.000076,
					"seconds":	10.000076293945312,
					"bytes":	6986600,
					"bits_per_second":	5589237.3575030705,
					"packets":	4825,
					"omitted":	false,
					"sender":	true
				}],
			"sum":	{
				"start":	0,
				"end":	10.000076,
				"seconds":	10.000076293945312,
				"bytes":	6986600,
				"bits_per_second":	5589237.3575030705,
				"packets":	4825,
				"omitted":	false,
				"sender":	true
			}
		}, {
			"streams":	[{
					"socket":	6,
					"start":	10.000076,
					"end":	20.000088,
					"seconds":	10.000012397766113,
					"bytes":	1304648,
					"bits_per_second":	1043717.1060239431,
					"packets":	901,
					"omitted":	false,
					"sender":	true
				}],
			"sum":	{
				"start":	10.000076,
				"end":	20.000088,
				"seconds":	10.000012397766113,
				"bytes":	1304648,
				"bits_per_second":	1043717.1060239431,
				"packets":	901,
				"omitted":	false,
				"sender":	true
			}
		}, {
			"streams":	[{
					"socket":	6,
					"start":	20.000088,
					"end":	30.000113,
					"seconds":	10.000024795532227,
					"bytes":	5509640,
					"bits_per_second":	4407701.0708706053,
					"packets":	3805,
					"omitted":	false,
					"sender":	true
				}],
			"sum":	{
				"start":	20.000088,
				"end":	30.000113,
				"seconds":	10.000024795532227,
				"bytes":	5509640,
				"bits_per_second":	4407701.0708706053,
				"packets":	3805,
				"omitted":	false,
				"sender":	true
			}
		}],
	"end":	{
		"streams":	[{
				"udp":	{
					"socket":	6,
					"start":	0,
					"end":	30.000113,
					"seconds":	30.000113,
					"bytes":	13800888,
					"bits_per_second":	3680222.9378269343,
					"jitter_ms":	0.67136786040807672,
					"lost_packets":	2076,
					"packets":	9531,
					"lost_percent":	21.781554926030847,
					"out_of_order":	0,
					"sender":	true
				}
			}],
		"sum":	{
			"start":	0,
			"end":	30.009024,
			"seconds":	30.009024,
			"bytes":	13800888,
			"bits_per_second":	3680222.9378269343,
			"jitter_ms":	0.67136786040807672,
			"lost_packets":	2076,
			"packets":	9531,
			"lost_percent":	21.781554926030847,
			"sender":	true
		},
		"cpu_utilization_percent":	{
			"host_total":	5.9792866631148618,
			"host_user":	0.58448142104545042,
			"host_system":	5.3947985766029731,
			"remote_total":	1.1692526745960043,
			"remote_user":	0.055524371901776684,
			"remote_system":	1.1137049871211435
		}
	}
}
