{
	"start":	{
		"connected":	[{
				"socket":	6,
				"local_host":	"10.20.15.3",
				"local_port":	43846,
				"remote_host":	"10.20.15.2",
				"remote_port":	5201
			}],
		"version":	"iperf 3.7",
		"system_info":	"Linux node2 5.8.0-1006-raspi #9-Ubuntu SMP PREEMPT Fri Oct 16 12:55:30 UTC 2020 aarch64",
		"timestamp":	{
			"time":	"Sun, 08 Aug 2021 12:14:07 GMT",
			"timesecs":	1628424847
		},
		"connecting_to":	{
			"host":	"10.20.15.2",
			"port":	5201
		},
		"cookie":	"vkf44yey4yyxog7h2qjcqhx7k2cpocpae5gh",
		"sock_bufsize":	0,
		"sndbuf_actual":	212992,
		"rcvbuf_actual":	212992,
		"test_start":	{
			"protocol":	"UDP",
			"num_streams":	1,
			"blksize":	1448,
			"omit":	0,
			"duration":	30,
			"bytes":	0,
			"blocks":	0,
			"reverse":	0,
			"tos":	0
		}
	},
	"intervals":	[{
			"streams":	[{
					"socket":	6,
					"start":	0,
					"end":	10.000094,
					"seconds":	10.000094413757324,
					"bytes":	7522360,
					"bits_per_second":	6017831.1833947031,
					"packets":	5195,
					"omitted":	false,
					"sender":	true
				}],
			"sum":	{
				"start":	0,
				"end":	10.000094,
				"seconds":	10.000094413757324,
				"bytes":	7522360,
				"bits_per_second":	6017831.1833947031,
				"packets":	5195,
				"omitted":	false,
				"sender":	true
			}
		}, {
			"streams":	[{
					"socket":	6,
					"start":	10.000094,
					"end":	20.000115,
					"seconds":	10.000020980834961,
					"bytes":	1584112,
					"bits_per_second":	1267286.9411261841,
					"packets":	1094,
					"omitted":	false,
					"sender":	true
				}],
			"sum":	{
				"start":	10.000094,
				"end":	20.000115,
				"seconds":	10.000020980834961,
				"bytes":	1584112,
				"bits_per_second":	1267286.9411261841,
				"packets":	1094,
				"omitted":	false,
				"sender":	true
			}
		}, {
			"streams":	[{
					"socket":	6,
					"start":	20.000115,
					"end":	30.000118,
					"seconds":	10.000002861022949,
					"bytes":	4174584,
					"bits_per_second":	3339666.2445138232,
					"packets":	2883,
					"omitted":	false,
					"sender":	true
				}],
			"sum":	{
				"start":	20.000115,
				"end":	30.000118,
				"seconds":	10.000002861022949,
				"bytes":	4174584,
				"bits_per_second":	3339666.2445138232,
				"packets":	2883,
				"omitted":	false,
				"sender":	true
			}
		}],
	"end":	{
		"streams":	[{
				"udp":	{
					"socket":	6,
					"start":	0,
					"end":	30.000118,
					"seconds":	30.000118,
					"bytes":	13281056,
					"bits_per_second":	3541601.0030360548,
					"jitter_ms":	0.45119171342079922,
					"lost_packets":	3445,
					"packets":	9172,
					"lost_percent":	37.559965111208022,
					"out_of_order":	0,
					"sender":	true
				}
			}],
		"sum":	{
			"start":	0,
			"end":	30.005699,
			"seconds":	30.005699,
			"bytes":	13281056,
			"bits_per_second":	3541601.0030360548,
			"jitter_ms":	0.45119171342079922,
			"lost_packets":	3445,
			"packets":	9172,
			"lost_percent":	37.559965111208022,
			"sender":	true
		},
		"cpu_utilization_percent":	{
			"host_total":	5.873689660118055,
			"host_user":	0.827361570898978,
			"host_system":	5.0463314215518222,
			"remote_total":	0.90459197992023721,
			"remote_user":	0.10813025530245809,
			"remote_system":	0.79645506245362518
		}
	}
}
