{
	"start":	{
		"connected":	[{
				"socket":	6,
				"local_host":	"10.20.15.3",
				"local_port":	49506,
				"remote_host":	"10.20.15.2",
				"remote_port":	5201
			}],
		"version":	"iperf 3.7",
		"system_info":	"Linux node2 5.8.0-1006-raspi #9-Ubuntu SMP PREEMPT Fri Oct 16 12:55:30 UTC 2020 aarch64",
		"timestamp":	{
			"time":	"Sun, 08 Aug 2021 12:33:08 GMT",
			"timesecs":	1628425988
		},
		"connecting_to":	{
			"host":	"10.20.15.2",
			"port":	5201
		},
		"cookie":	"op3gylyfhhbw3k4nhzrlmgy2ll3u6isfyw6h",
		"sock_bufsize":	0,
		"sndbuf_actual":	212992,
		"rcvbuf_actual":	212992,
		"test_start":	{
			"protocol":	"UDP",
			"num_streams":	1,
			"blksize":	1448,
			"omit":	0,
			"duration":	30,
			"bytes":	0,
			"blocks":	0,
			"reverse":	0,
			"tos":	0
		}
	},
	"intervals":	[{
			"streams":	[{
					"socket":	6,
					"start":	0,
					"end":	10.000088,
					"seconds":	10.000087738037109,
					"bytes":	4517760,
					"bits_per_second":	3614176.2899266556,
					"packets":	3120,
					"omitted":	false,
					"sender":	true
				}],
			"sum":	{
				"start":	0,
				"end":	10.000088,
				"seconds":	10.000087738037109,
				"bytes":	4517760,
				"bits_per_second":	3614176.2899266556,
				"packets":	3120,
				"omitted":	false,
				"sender":	true
			}
		}, {
			"streams":	[{
					"socket":	6,
					"start":	10.000088,
					"end":	20.000081,
					"seconds":	9.9999933242797852,
					"bytes":	734136,
					"bits_per_second":	587309.19207118463,
					"packets":	507,
					"omitted":	false,
					"sender":	true
				}],
			"sum":	{
				"start":	10.000088,
				"end":	20.000081,
				"seconds":	9.9999933242797852,
				"bytes":	734136,
				"bits_per_second":	587309.19207118463,
				"packets":	507,
				"omitted":	false,
				"sender":	true
			}
		}, {
			"streams":	[{
					"socket":	6,
					"start":	20.000081,
					"end":	30.000075,
					"seconds":	9.9999942779541016,
					"bytes":	3163880,
					"bits_per_second":	2531105.448310155,
					"packets":	2185,
					"omitted":	false,
					"sender":	true
				}],
			"sum":	{
				"start":	20.000081,
				"end":	30.000075,
				"seconds":	9.9999942779541016,
				"bytes":	3163880,
				"bits_per_second":	2531105.448310155,
				"packets":	2185,
				"omitted":	false,
				"sender":	true
			}
		}],
	"end":	{
		"streams":	[{
				"udp":	{
					"socket":	6,
					"start":	0,
					"end":	30.000075,
					"seconds":	30.000075,
					"bytes":	8415776,
					"bits_per_second":	2244201.3228300265,
					"jitter_ms":	0.2267452576032343,
					"lost_packets":	1728,
					"packets":	5812,
					"lost_percent":	29.731589814177564,
					"out_of_order":	0,
					"sender":	true
				}
			}],
		"sum":	{
			"start":	0,
			"end":	30.003066,
			"seconds":	30.003066,
			"bytes":	8415776,
			"bits_per_second":	2244201.3228300265,
			"jitter_ms":	0.2267452576032343,
			"lost_packets":	1728,
			"packets":	5812,
			"lost_percent":	29.731589814177564,
			"sender":	true
		},
		"cpu_utilization_percent":	{
			"host_total":	5.2191366165433708,
			"host_user":	0.82228820759299037,
			"host_system":	4.3968517413578594,
			"remote_total":	0.06326487033853738,
			"remote_user":	0.0038212544753120211,
			"remote_system":	0.059443011712320172
		}
	}
}
