{
	"start":	{
		"connected":	[{
				"socket":	6,
				"local_host":	"10.20.15.3",
				"local_port":	36691,
				"remote_host":	"10.20.15.2",
				"remote_port":	5201
			}],
		"version":	"iperf 3.7",
		"system_info":	"Linux node2 5.8.0-1006-raspi #9-Ubuntu SMP PREEMPT Fri Oct 16 12:55:30 UTC 2020 aarch64",
		"timestamp":	{
			"time":	"Sun, 08 Aug 2021 10:27:34 GMT",
			"timesecs":	1628418454
		},
		"connecting_to":	{
			"host":	"10.20.15.2",
			"port":	5201
		},
		"cookie":	"tyxganmkt6aaj3cv4mbkhkekm2hpi3svok2t",
		"sock_bufsize":	0,
		"sndbuf_actual":	212992,
		"rcvbuf_actual":	212992,
		"test_start":	{
			"protocol":	"UDP",
			"num_streams":	1,
			"blksize":	1448,
			"omit":	0,
			"duration":	30,
			"bytes":	0,
			"blocks":	0,
			"reverse":	0,
			"tos":	0
		}
	},
	"intervals":	[{
			"streams":	[{
					"socket":	6,
					"start":	0,
					"end":	10.000118,
					"seconds":	10.000118255615234,
					"bytes":	44805464,
					"bits_per_second":	35843947.325195663,
					"packets":	30943,
					"omitted":	false,
					"sender":	true
				}],
			"sum":	{
				"start":	0,
				"end":	10.000118,
				"seconds":	10.000118255615234,
				"bytes":	44805464,
				"bits_per_second":	35843947.325195663,
				"packets":	30943,
				"omitted":	false,
				"sender":	true
			}
		}, {
			"streams":	[{
					"socket":	6,
					"start":	10.000118,
					"end":	20.000024,
					"seconds":	9.9999055862426758,
					"bytes":	43555840,
					"bits_per_second":	34845000.984746695,
					"packets":	30080,
					"omitted":	false,
					"sender":	true
				}],
			"sum":	{
				"start":	10.000118,
				"end":	20.000024,
				"seconds":	9.9999055862426758,
				"bytes":	43555840,
				"bits_per_second":	34845000.984746695,
				"packets":	30080,
				"omitted":	false,
				"sender":	true
			}
		}, {
			"streams":	[{
					"socket":	6,
					"start":	20.000024,
					"end":	30.000137,
					"seconds":	10.000112533569336,
					"bytes":	40984192,
					"bits_per_second":	32786984.63635911,
					"packets":	28304,
					"omitted":	false,
					"sender":	true
				}],
			"sum":	{
				"start":	20.000024,
				"end":	30.000137,
				"seconds":	10.000112533569336,
				"bytes":	40984192,
				"bits_per_second":	32786984.63635911,
				"packets":	28304,
				"omitted":	false,
				"sender":	true
			}
		}],
	"end":	{
		"streams":	[{
				"udp":	{
					"socket":	6,
					"start":	0,
					"end":	30.000137,
					"seconds":	30.000137,
					"bytes":	129345496,
					"bits_per_second":	34491974.753315292,
					"jitter_ms":	0.50677644152018275,
					"lost_packets":	5801,
					"packets":	89327,
					"lost_percent":	6.4941171202435992,
					"out_of_order":	0,
					"sender":	true
				}
			}],
		"sum":	{
			"start":	0,
			"end":	30.008761,
			"seconds":	30.008761,
			"bytes":	129345496,
			"bits_per_second":	34491974.753315292,
			"jitter_ms":	0.50677644152018275,
			"lost_packets":	5801,
			"packets":	89327,
			"lost_percent":	6.4941171202435992,
			"sender":	true
		},
		"cpu_utilization_percent":	{
			"host_total":	20.995981802959683,
			"host_user":	1.8172579958295423,
			"host_system":	19.178707144760697,
			"remote_total":	12.712615654885878,
			"remote_user":	0.95057925158117063,
			"remote_system":	11.762033072578555
		}
	}
}
