{
	"start":	{
		"connected":	[{
				"socket":	6,
				"local_host":	"10.20.15.3",
				"local_port":	50012,
				"remote_host":	"10.20.15.2",
				"remote_port":	5201
			}],
		"version":	"iperf 3.7",
		"system_info":	"Linux node2 5.8.0-1006-raspi #9-Ubuntu SMP PREEMPT Fri Oct 16 12:55:30 UTC 2020 aarch64",
		"timestamp":	{
			"time":	"Sun, 08 Aug 2021 12:02:37 GMT",
			"timesecs":	1628424157
		},
		"connecting_to":	{
			"host":	"10.20.15.2",
			"port":	5201
		},
		"cookie":	"hqgb73v7funnltok7wswm63piivlwsyir37k",
		"sock_bufsize":	0,
		"sndbuf_actual":	212992,
		"rcvbuf_actual":	212992,
		"test_start":	{
			"protocol":	"UDP",
			"num_streams":	1,
			"blksize":	1448,
			"omit":	0,
			"duration":	30,
			"bytes":	0,
			"blocks":	0,
			"reverse":	0,
			"tos":	0
		}
	},
	"intervals":	[{
			"streams":	[{
					"socket":	6,
					"start":	0,
					"end":	10.000121,
					"seconds":	10.000121116638184,
					"bytes":	8260840,
					"bits_per_second":	6608591.95895588,
					"packets":	5705,
					"omitted":	false,
					"sender":	true
				}],
			"sum":	{
				"start":	0,
				"end":	10.000121,
				"seconds":	10.000121116638184,
				"bytes":	8260840,
				"bits_per_second":	6608591.95895588,
				"packets":	5705,
				"omitted":	false,
				"sender":	true
			}
		}, {
			"streams":	[{
					"socket":	6,
					"start":	10.000121,
					"end":	20.00012,
					"seconds":	9.9999990463256836,
					"bytes":	2639704,
					"bits_per_second":	2111763.4013934517,
					"packets":	1823,
					"omitted":	false,
					"sender":	true
				}],
			"sum":	{
				"start":	10.000121,
				"end":	20.00012,
				"seconds":	9.9999990463256836,
				"bytes":	2639704,
				"bits_per_second":	2111763.4013934517,
				"packets":	1823,
				"omitted":	false,
				"sender":	true
			}
		}, {
			"streams":	[{
					"socket":	6,
					"start":	20.00012,
					"end":	30.000139,
					"seconds":	10.000019073486328,
					"bytes":	4604640,
					"bits_per_second":	3683704.9738903544,
					"packets":	3180,
					"omitted":	false,
					"sender":	true
				}],
			"sum":	{
				"start":	20.00012,
				"end":	30.000139,
				"seconds":	10.000019073486328,
				"bytes":	4604640,
				"bits_per_second":	3683704.9738903544,
				"packets":	3180,
				"omitted":	false,
				"sender":	true
			}
		}],
	"end":	{
		"streams":	[{
				"udp":	{
					"socket":	6,
					"start":	0,
					"end":	30.000139,
					"seconds":	30.000139,
					"bytes":	15505184,
					"bits_per_second":	4134696.5759058651,
					"jitter_ms":	0.45470574363498184,
					"lost_packets":	5111,
					"packets":	10708,
					"lost_percent":	47.730668658946584,
					"out_of_order":	0,
					"sender":	true
				}
			}],
		"sum":	{
			"start":	0,
			"end":	30.003381,
			"seconds":	30.003381,
			"bytes":	15505184,
			"bits_per_second":	4134696.5759058651,
			"jitter_ms":	0.45470574363498184,
			"lost_packets":	5111,
			"packets":	10708,
			"lost_percent":	47.730668658946584,
			"sender":	true
		},
		"cpu_utilization_percent":	{
			"host_total":	6.0387209246563556,
			"host_user":	0.34938084451594309,
			"host_system":	5.689330082500855,
			"remote_total":	0.90087358852254873,
			"remote_user":	0.079050066596882643,
			"remote_system":	0.821826853435553
		}
	}
}
