{
	"start":	{
		"connected":	[{
				"socket":	6,
				"local_host":	"10.20.15.3",
				"local_port":	47773,
				"remote_host":	"10.20.15.2",
				"remote_port":	5201
			}],
		"version":	"iperf 3.7",
		"system_info":	"Linux node2 5.8.0-1006-raspi #9-Ubuntu SMP PREEMPT Fri Oct 16 12:55:30 UTC 2020 aarch64",
		"timestamp":	{
			"time":	"Sun, 08 Aug 2021 12:03:37 GMT",
			"timesecs":	1628424217
		},
		"connecting_to":	{
			"host":	"10.20.15.2",
			"port":	5201
		},
		"cookie":	"qtffkbtk7qsteml5t4ov2k7b2fsh2agg6ebt",
		"sock_bufsize":	0,
		"sndbuf_actual":	212992,
		"rcvbuf_actual":	212992,
		"test_start":	{
			"protocol":	"UDP",
			"num_streams":	1,
			"blksize":	1448,
			"omit":	0,
			"duration":	30,
			"bytes":	0,
			"blocks":	0,
			"reverse":	0,
			"tos":	0
		}
	},
	"intervals":	[{
			"streams":	[{
					"socket":	6,
					"start":	0,
					"end":	10.000075,
					"seconds":	10.000075340270996,
					"bytes":	9022488,
					"bits_per_second":	7217936.0198744228,
					"packets":	6231,
					"omitted":	false,
					"sender":	true
				}],
			"sum":	{
				"start":	0,
				"end":	10.000075,
				"seconds":	10.000075340270996,
				"bytes":	9022488,
				"bits_per_second":	7217936.0198744228,
				"packets":	6231,
				"omitted":	false,
				"sender":	true
			}
		}, {
			"streams":	[{
					"socket":	6,
					"start":	10.000075,
					"end":	20.000097,
					"seconds":	10.000021934509277,
					"bytes":	2619432,
					"bits_per_second":	2095541.0035336418,
					"packets":	1809,
					"omitted":	false,
					"sender":	true
				}],
			"sum":	{
				"start":	10.000075,
				"end":	20.000097,
				"seconds":	10.000021934509277,
				"bytes":	2619432,
				"bits_per_second":	2095541.0035336418,
				"packets":	1809,
				"omitted":	false,
				"sender":	true
			}
		}, {
			"streams":	[{
					"socket":	6,
					"start":	20.000097,
					"end":	30.000113,
					"seconds":	10.000016212463379,
					"bytes":	3336192,
					"bits_per_second":	2668949.2729757652,
					"packets":	2304,
					"omitted":	false,
					"sender":	true
				}],
			"sum":	{
				"start":	20.000097,
				"end":	30.000113,
				"seconds":	10.000016212463379,
				"bytes":	3336192,
				"bits_per_second":	2668949.2729757652,
				"packets":	2304,
				"omitted":	false,
				"sender":	true
			}
		}],
	"end":	{
		"streams":	[{
				"udp":	{
					"socket":	6,
					"start":	0,
					"end":	30.000113,
					"seconds":	30.000113,
					"bytes":	14978112,
					"bits_per_second":	3994148.1553752813,
					"jitter_ms":	2.8310680969836755,
					"lost_packets":	5087,
					"packets":	10344,
					"lost_percent":	49.178267594740916,
					"out_of_order":	0,
					"sender":	true
				}
			}],
		"sum":	{
			"start":	0,
			"end":	30.024176,
			"seconds":	30.024176,
			"bytes":	14978112,
			"bits_per_second":	3994148.1553752813,
			"jitter_ms":	2.8310680969836755,
			"lost_packets":	5087,
			"packets":	10344,
			"lost_percent":	49.178267594740916,
			"sender":	true
		},
		"cpu_utilization_percent":	{
			"host_total":	6.0132667389158927,
			"host_user":	0.42530708281812246,
			"host_system":	5.5879563234664005,
			"remote_total":	0.857515045431931,
			"remote_user":	0.048064015929141321,
			"remote_system":	0.80944437105353717
		}
	}
}
