{
	"start":	{
		"connected":	[{
				"socket":	6,
				"local_host":	"10.20.15.3",
				"local_port":	39429,
				"remote_host":	"10.20.15.2",
				"remote_port":	5201
			}],
		"version":	"iperf 3.7",
		"system_info":	"Linux node2 5.8.0-1006-raspi #9-Ubuntu SMP PREEMPT Fri Oct 16 12:55:30 UTC 2020 aarch64",
		"timestamp":	{
			"time":	"Sun, 08 Aug 2021 12:54:18 GMT",
			"timesecs":	1628427258
		},
		"connecting_to":	{
			"host":	"10.20.15.2",
			"port":	5201
		},
		"cookie":	"vlbgub7iiod27wdjlga7pe24lnlgvqljo4ky",
		"sock_bufsize":	0,
		"sndbuf_actual":	212992,
		"rcvbuf_actual":	212992,
		"test_start":	{
			"protocol":	"UDP",
			"num_streams":	1,
			"blksize":	1448,
			"omit":	0,
			"duration":	30,
			"bytes":	0,
			"blocks":	0,
			"reverse":	0,
			"tos":	0
		}
	},
	"intervals":	[{
			"streams":	[{
					"socket":	6,
					"start":	0,
					"end":	10.000084,
					"seconds":	10.000083923339844,
					"bytes":	1336504,
					"bits_per_second":	1069194.2269649531,
					"packets":	923,
					"omitted":	false,
					"sender":	true
				}],
			"sum":	{
				"start":	0,
				"end":	10.000084,
				"seconds":	10.000083923339844,
				"bytes":	1336504,
				"bits_per_second":	1069194.2269649531,
				"packets":	923,
				"omitted":	false,
				"sender":	true
			}
		}, {
			"streams":	[{
					"socket":	6,
					"start":	10.000084,
					"end":	20.000135,
					"seconds":	10.00005054473877,
					"bytes":	708072,
					"bits_per_second":	566454.73686933,
					"packets":	489,
					"omitted":	false,
					"sender":	true
				}],
			"sum":	{
				"start":	10.000084,
				"end":	20.000135,
				"seconds":	10.00005054473877,
				"bytes":	708072,
				"bits_per_second":	566454.73686933,
				"packets":	489,
				"omitted":	false,
				"sender":	true
			}
		}, {
			"streams":	[{
					"socket":	6,
					"start":	20.000135,
					"end":	30.000221,
					"seconds":	10.000085830688477,
					"bytes":	11430512,
					"bits_per_second":	9144331.1135764867,
					"packets":	7894,
					"omitted":	false,
					"sender":	true
				}],
			"sum":	{
				"start":	20.000135,
				"end":	30.000221,
				"seconds":	10.000085830688477,
				"bytes":	11430512,
				"bits_per_second":	9144331.1135764867,
				"packets":	7894,
				"omitted":	false,
				"sender":	true
			}
		}],
	"end":	{
		"streams":	[{
				"udp":	{
					"socket":	6,
					"start":	0,
					"end":	30.000221,
					"seconds":	30.000221,
					"bytes":	13475088,
					"bits_per_second":	3593330.3291332419,
					"jitter_ms":	0.15412686205712811,
					"lost_packets":	1707,
					"packets":	9306,
					"lost_percent":	18.343004513217281,
					"out_of_order":	0,
					"sender":	true
				}
			}],
		"sum":	{
			"start":	0,
			"end":	30.001934,
			"seconds":	30.001934,
			"bytes":	13475088,
			"bits_per_second":	3593330.3291332419,
			"jitter_ms":	0.15412686205712811,
			"lost_packets":	1707,
			"packets":	9306,
			"lost_percent":	18.343004513217281,
			"sender":	true
		},
		"cpu_utilization_percent":	{
			"host_total":	5.8050016616483946,
			"host_user":	0.495365180727758,
			"host_system":	5.3096431461769358,
			"remote_total":	1.1661763187932213,
			"remote_user":	0.13782183722956148,
			"remote_system":	1.0283611452569863
		}
	}
}
