{
	"start":	{
		"connected":	[{
				"socket":	6,
				"local_host":	"10.20.15.3",
				"local_port":	49527,
				"remote_host":	"10.20.15.2",
				"remote_port":	5201
			}],
		"version":	"iperf 3.7",
		"system_info":	"Linux node2 5.8.0-1006-raspi #9-Ubuntu SMP PREEMPT Fri Oct 16 12:55:30 UTC 2020 aarch64",
		"timestamp":	{
			"time":	"Sun, 08 Aug 2021 13:23:48 GMT",
			"timesecs":	1628429028
		},
		"connecting_to":	{
			"host":	"10.20.15.2",
			"port":	5201
		},
		"cookie":	"nczzxuubscyuryf233jvgj2vlpasjueha36l",
		"sock_bufsize":	0,
		"sndbuf_actual":	212992,
		"rcvbuf_actual":	212992,
		"test_start":	{
			"protocol":	"UDP",
			"num_streams":	1,
			"blksize":	1448,
			"omit":	0,
			"duration":	30,
			"bytes":	0,
			"blocks":	0,
			"reverse":	0,
			"tos":	0
		}
	},
	"intervals":	[{
			"streams":	[{
					"socket":	6,
					"start":	0,
					"end":	10.000094,
					"seconds":	10.000094413757324,
					"bytes":	5243208,
					"bits_per_second":	4194526.7978964811,
					"packets":	3621,
					"omitted":	false,
					"sender":	true
				}],
			"sum":	{
				"start":	0,
				"end":	10.000094,
				"seconds":	10.000094413757324,
				"bytes":	5243208,
				"bits_per_second":	4194526.7978964811,
				"packets":	3621,
				"omitted":	false,
				"sender":	true
			}
		}, {
			"streams":	[{
					"socket":	6,
					"start":	10.000094,
					"end":	20.000092,
					"seconds":	9.9999980926513672,
					"bytes":	13001592,
					"bits_per_second":	10401275.583885876,
					"packets":	8979,
					"omitted":	false,
					"sender":	true
				}],
			"sum":	{
				"start":	10.000094,
				"end":	20.000092,
				"seconds":	9.9999980926513672,
				"bytes":	13001592,
				"bits_per_second":	10401275.583885876,
				"packets":	8979,
				"omitted":	false,
				"sender":	true
			}
		}, {
			"streams":	[{
					"socket":	6,
					"start":	20.000092,
					"end":	30.000112,
					"seconds":	10.000020027160645,
					"bytes":	5441584,
					"bits_per_second":	4353258.4816593062,
					"packets":	3758,
					"omitted":	false,
					"sender":	true
				}],
			"sum":	{
				"start":	20.000092,
				"end":	30.000112,
				"seconds":	10.000020027160645,
				"bytes":	5441584,
				"bits_per_second":	4353258.4816593062,
				"packets":	3758,
				"omitted":	false,
				"sender":	true
			}
		}],
	"end":	{
		"streams":	[{
				"udp":	{
					"socket":	6,
					"start":	0,
					"end":	30.000112,
					"seconds":	30.000112,
					"bytes":	23686384,
					"bits_per_second":	6316345.48564352,
					"jitter_ms":	16.538041178824468,
					"lost_packets":	6678,
					"packets":	16358,
					"lost_percent":	40.824061621225091,
					"out_of_order":	0,
					"sender":	true
				}
			}],
		"sum":	{
			"start":	0,
			"end":	30.120168,
			"seconds":	30.120168,
			"bytes":	23686384,
			"bits_per_second":	6316345.48564352,
			"jitter_ms":	16.538041178824468,
			"lost_packets":	6678,
			"packets":	16358,
			"lost_percent":	40.824061621225091,
			"sender":	true
		},
		"cpu_utilization_percent":	{
			"host_total":	6.9878463549721683,
			"host_user":	0.54961618315575156,
			"host_system":	6.4382201810957982,
			"remote_total":	1.6229614017375704,
			"remote_user":	0.098111740871796971,
			"remote_system":	1.5248364047616192
		}
	}
}
