{
	"start":	{
		"connected":	[{
				"socket":	6,
				"local_host":	"10.20.15.3",
				"local_port":	60928,
				"remote_host":	"10.20.15.2",
				"remote_port":	5201
			}],
		"version":	"iperf 3.7",
		"system_info":	"Linux node2 5.8.0-1006-raspi #9-Ubuntu SMP PREEMPT Fri Oct 16 12:55:30 UTC 2020 aarch64",
		"timestamp":	{
			"time":	"Sun, 08 Aug 2021 12:07:07 GMT",
			"timesecs":	1628424427
		},
		"connecting_to":	{
			"host":	"10.20.15.2",
			"port":	5201
		},
		"cookie":	"kagzj6rh6lvzki5vaq5zhco2b7dlv47kpoww",
		"sock_bufsize":	0,
		"sndbuf_actual":	212992,
		"rcvbuf_actual":	212992,
		"test_start":	{
			"protocol":	"UDP",
			"num_streams":	1,
			"blksize":	1448,
			"omit":	0,
			"duration":	30,
			"bytes":	0,
			"blocks":	0,
			"reverse":	0,
			"tos":	0
		}
	},
	"intervals":	[{
			"streams":	[{
					"socket":	6,
					"start":	0,
					"end":	10.00009,
					"seconds":	10.000089645385742,
					"bytes":	7157464,
					"bits_per_second":	5725919.8697704542,
					"packets":	4943,
					"omitted":	false,
					"sender":	true
				}],
			"sum":	{
				"start":	0,
				"end":	10.00009,
				"seconds":	10.000089645385742,
				"bytes":	7157464,
				"bits_per_second":	5725919.8697704542,
				"packets":	4943,
				"omitted":	false,
				"sender":	true
			}
		}, {
			"streams":	[{
					"socket":	6,
					"start":	10.00009,
					"end":	20.000202,
					"seconds":	10.00011157989502,
					"bytes":	2141592,
					"bits_per_second":	1713254.4835244587,
					"packets":	1479,
					"omitted":	false,
					"sender":	true
				}],
			"sum":	{
				"start":	10.00009,
				"end":	20.000202,
				"seconds":	10.00011157989502,
				"bytes":	2141592,
				"bits_per_second":	1713254.4835244587,
				"packets":	1479,
				"omitted":	false,
				"sender":	true
			}
		}, {
			"streams":	[{
					"socket":	6,
					"start":	20.000202,
					"end":	30.000115,
					"seconds":	9.999913215637207,
					"bytes":	7613584,
					"bits_per_second":	6090920.05966162,
					"packets":	5258,
					"omitted":	false,
					"sender":	true
				}],
			"sum":	{
				"start":	20.000202,
				"end":	30.000115,
				"seconds":	9.999913215637207,
				"bytes":	7613584,
				"bits_per_second":	6090920.05966162,
				"packets":	5258,
				"omitted":	false,
				"sender":	true
			}
		}],
	"end":	{
		"streams":	[{
				"udp":	{
					"socket":	6,
					"start":	0,
					"end":	30.000115,
					"seconds":	30.000115,
					"bytes":	16912640,
					"bits_per_second":	4510020.0449231612,
					"jitter_ms":	0.3599452712167544,
					"lost_packets":	4417,
					"packets":	11680,
					"lost_percent":	37.81678082191781,
					"out_of_order":	0,
					"sender":	true
				}
			}],
		"sum":	{
			"start":	0,
			"end":	30.002766,
			"seconds":	30.002766,
			"bytes":	16912640,
			"bits_per_second":	4510020.0449231612,
			"jitter_ms":	0.3599452712167544,
			"lost_packets":	4417,
			"packets":	11680,
			"lost_percent":	37.81678082191781,
			"sender":	true
		},
		"cpu_utilization_percent":	{
			"host_total":	6.3686403297551859,
			"host_user":	0.75321051721213161,
			"host_system":	5.6154331452887138,
			"remote_total":	1.1121445241133125,
			"remote_user":	0.14971438985680427,
			"remote_system":	0.96242347065842848
		}
	}
}
