{
	"start":	{
		"connected":	[{
				"socket":	6,
				"local_host":	"10.20.15.3",
				"local_port":	50153,
				"remote_host":	"10.20.15.2",
				"remote_port":	5201
			}],
		"version":	"iperf 3.7",
		"system_info":	"Linux node2 5.8.0-1006-raspi #9-Ubuntu SMP PREEMPT Fri Oct 16 12:55:30 UTC 2020 aarch64",
		"timestamp":	{
			"time":	"Sun, 08 Aug 2021 10:25:33 GMT",
			"timesecs":	1628418333
		},
		"connecting_to":	{
			"host":	"10.20.15.2",
			"port":	5201
		},
		"cookie":	"dz5cxjupmwhxcwwx4ol2wmgbdnquu2le7t4j",
		"sock_bufsize":	0,
		"sndbuf_actual":	212992,
		"rcvbuf_actual":	212992,
		"test_start":	{
			"protocol":	"UDP",
			"num_streams":	1,
			"blksize":	1448,
			"omit":	0,
			"duration":	30,
			"bytes":	0,
			"blocks":	0,
			"reverse":	0,
			"tos":	0
		}
	},
	"intervals":	[{
			"streams":	[{
					"socket":	6,
					"start":	0,
					"end":	10.000754,
					"seconds":	10.000754356384277,
					"bytes":	43014288,
					"bits_per_second":	34408834.747583263,
					"packets":	29706,
					"omitted":	false,
					"sender":	true
				}],
			"sum":	{
				"start":	0,
				"end":	10.000754,
				"seconds":	10.000754356384277,
				"bytes":	43014288,
				"bits_per_second":	34408834.747583263,
				"packets":	29706,
				"omitted":	false,
				"sender":	true
			}
		}, {
			"streams":	[{
					"socket":	6,
					"start":	10.000754,
					"end":	20.000071,
					"seconds":	9.9993171691894531,
					"bytes":	43567424,
					"bits_per_second":	34856319.29687582,
					"packets":	30088,
					"omitted":	false,
					"sender":	true
				}],
			"sum":	{
				"start":	10.000754,
				"end":	20.000071,
				"seconds":	9.9993171691894531,
				"bytes":	43567424,
				"bits_per_second":	34856319.29687582,
				"packets":	30088,
				"omitted":	false,
				"sender":	true
			}
		}, {
			"streams":	[{
					"socket":	6,
					"start":	20.000071,
					"end":	30.000103,
					"seconds":	10.000032424926758,
					"bytes":	45564216,
					"bits_per_second":	36451254.607073911,
					"packets":	31467,
					"omitted":	false,
					"sender":	true
				}],
			"sum":	{
				"start":	20.000071,
				"end":	30.000103,
				"seconds":	10.000032424926758,
				"bytes":	45564216,
				"bits_per_second":	36451254.607073911,
				"packets":	31467,
				"omitted":	false,
				"sender":	true
			}
		}],
	"end":	{
		"streams":	[{
				"udp":	{
					"socket":	6,
					"start":	0,
					"end":	30.000103,
					"seconds":	30.000103,
					"bytes":	132145928,
					"bits_per_second":	35238793.1468102,
					"jitter_ms":	0.34115951588525156,
					"lost_packets":	3976,
					"packets":	91261,
					"lost_percent":	4.3567350785110834,
					"out_of_order":	0,
					"sender":	true
				}
			}],
		"sum":	{
			"start":	0,
			"end":	30.006076,
			"seconds":	30.006076,
			"bytes":	132145928,
			"bits_per_second":	35238793.1468102,
			"jitter_ms":	0.34115951588525156,
			"lost_packets":	3976,
			"packets":	91261,
			"lost_percent":	4.3567350785110834,
			"sender":	true
		},
		"cpu_utilization_percent":	{
			"host_total":	21.156575741774844,
			"host_user":	2.0516705726713158,
			"host_system":	19.104891838408783,
			"remote_total":	13.315750813450261,
			"remote_user":	1.3054511352394225,
			"remote_system":	12.010303009327092
		}
	}
}
