{
	"start":	{
		"connected":	[{
				"socket":	6,
				"local_host":	"10.20.15.3",
				"local_port":	44181,
				"remote_host":	"10.20.15.2",
				"remote_port":	5201
			}],
		"version":	"iperf 3.7",
		"system_info":	"Linux node2 5.8.0-1006-raspi #9-Ubuntu SMP PREEMPT Fri Oct 16 12:55:30 UTC 2020 aarch64",
		"timestamp":	{
			"time":	"Sun, 08 Aug 2021 12:48:46 GMT",
			"timesecs":	1628426926
		},
		"connecting_to":	{
			"host":	"10.20.15.2",
			"port":	5201
		},
		"cookie":	"w3betced7756fa5gta5jvrz6kqbbpgczqajl",
		"sock_bufsize":	0,
		"sndbuf_actual":	212992,
		"rcvbuf_actual":	212992,
		"test_start":	{
			"protocol":	"UDP",
			"num_streams":	1,
			"blksize":	1448,
			"omit":	0,
			"duration":	30,
			"bytes":	0,
			"blocks":	0,
			"reverse":	0,
			"tos":	0
		}
	},
	"intervals":	[{
			"streams":	[{
					"socket":	6,
					"start":	0,
					"end":	10.00009,
					"seconds":	10.000089645385742,
					"bytes":	6175720,
					"bits_per_second":	4940531.7104129046,
					"packets":	4265,
					"omitted":	false,
					"sender":	true
				}],
			"sum":	{
				"start":	0,
				"end":	10.00009,
				"seconds":	10.000089645385742,
				"bytes":	6175720,
				"bits_per_second":	4940531.7104129046,
				"packets":	4265,
				"omitted":	false,
				"sender":	true
			}
		}, {
			"streams":	[{
					"socket":	6,
					"start":	10.00009,
					"end":	20.000088,
					"seconds":	9.9999980926513672,
					"bytes":	715312,
					"bits_per_second":	572249.70914797008,
					"packets":	494,
					"omitted":	false,
					"sender":	true
				}],
			"sum":	{
				"start":	10.00009,
				"end":	20.000088,
				"seconds":	9.9999980926513672,
				"bytes":	715312,
				"bits_per_second":	572249.70914797008,
				"packets":	494,
				"omitted":	false,
				"sender":	true
			}
		}, {
			"streams":	[{
					"socket":	6,
					"start":	20.000088,
					"end":	30.000113,
					"seconds":	10.000024795532227,
					"bytes":	4145624,
					"bits_per_second":	3316490.9765841109,
					"packets":	2863,
					"omitted":	false,
					"sender":	true
				}],
			"sum":	{
				"start":	20.000088,
				"end":	30.000113,
				"seconds":	10.000024795532227,
				"bytes":	4145624,
				"bits_per_second":	3316490.9765841109,
				"packets":	2863,
				"omitted":	false,
				"sender":	true
			}
		}],
	"end":	{
		"streams":	[{
				"udp":	{
					"socket":	6,
					"start":	0,
					"end":	30.000113,
					"seconds":	30.000113,
					"bytes":	11036656,
					"bits_per_second":	2943097.1810006183,
					"jitter_ms":	0.28921295176227918,
					"lost_packets":	1723,
					"packets":	7622,
					"lost_percent":	22.605615324061926,
					"out_of_order":	0,
					"sender":	true
				}
			}],
		"sum":	{
			"start":	0,
			"end":	30.002724,
			"seconds":	30.002724,
			"bytes":	11036656,
			"bits_per_second":	2943097.1810006183,
			"jitter_ms":	0.28921295176227918,
			"lost_packets":	1723,
			"packets":	7622,
			"lost_percent":	22.605615324061926,
			"sender":	true
		},
		"cpu_utilization_percent":	{
			"host_total":	5.5575819085868359,
			"host_user":	0.42063312081342641,
			"host_system":	5.13694545526043,
			"remote_total":	0.93598301804790518,
			"remote_user":	0.047302392655502283,
			"remote_system":	0.88868395701605785
		}
	}
}
