{
	"start":	{
		"connected":	[{
				"socket":	6,
				"local_host":	"10.20.15.3",
				"local_port":	37987,
				"remote_host":	"10.20.15.2",
				"remote_port":	5201
			}],
		"version":	"iperf 3.7",
		"system_info":	"Linux node2 5.8.0-1006-raspi #9-Ubuntu SMP PREEMPT Fri Oct 16 12:55:30 UTC 2020 aarch64",
		"timestamp":	{
			"time":	"Sun, 08 Aug 2021 12:52:47 GMT",
			"timesecs":	1628427167
		},
		"connecting_to":	{
			"host":	"10.20.15.2",
			"port":	5201
		},
		"cookie":	"2ey3usr6oxe6z3uttssgvnpdgbeeiqb6oqyp",
		"sock_bufsize":	0,
		"sndbuf_actual":	212992,
		"rcvbuf_actual":	212992,
		"test_start":	{
			"protocol":	"UDP",
			"num_streams":	1,
			"blksize":	1448,
			"omit":	0,
			"duration":	30,
			"bytes":	0,
			"blocks":	0,
			"reverse":	0,
			"tos":	0
		}
	},
	"intervals":	[{
			"streams":	[{
					"socket":	6,
					"start":	0,
					"end":	10.000131,
					"seconds":	10.000130653381348,
					"bytes":	2678800,
					"bits_per_second":	2143012.0008235825,
					"packets":	1850,
					"omitted":	false,
					"sender":	true
				}],
			"sum":	{
				"start":	0,
				"end":	10.000131,
				"seconds":	10.000130653381348,
				"bytes":	2678800,
				"bits_per_second":	2143012.0008235825,
				"packets":	1850,
				"omitted":	false,
				"sender":	true
			}
		}, {
			"streams":	[{
					"socket":	6,
					"start":	10.000131,
					"end":	20.000085,
					"seconds":	9.9999542236328125,
					"bytes":	831152,
					"bits_per_second":	664924.64378346456,
					"packets":	574,
					"omitted":	false,
					"sender":	true
				}],
			"sum":	{
				"start":	10.000131,
				"end":	20.000085,
				"seconds":	9.9999542236328125,
				"bytes":	831152,
				"bits_per_second":	664924.64378346456,
				"packets":	574,
				"omitted":	false,
				"sender":	true
			}
		}, {
			"streams":	[{
					"socket":	6,
					"start":	20.000085,
					"end":	30.000138,
					"seconds":	10.000053405761719,
					"bytes":	7735216,
					"bits_per_second":	6188139.7517682938,
					"packets":	5342,
					"omitted":	false,
					"sender":	true
				}],
			"sum":	{
				"start":	20.000085,
				"end":	30.000138,
				"seconds":	10.000053405761719,
				"bytes":	7735216,
				"bits_per_second":	6188139.7517682938,
				"packets":	5342,
				"omitted":	false,
				"sender":	true
			}
		}],
	"end":	{
		"streams":	[{
				"udp":	{
					"socket":	6,
					"start":	0,
					"end":	30.000138,
					"seconds":	30.000138,
					"bytes":	11245168,
					"bits_per_second":	2998697.6726573724,
					"jitter_ms":	0.25331715440553959,
					"lost_packets":	1845,
					"packets":	7766,
					"lost_percent":	23.7574040690188,
					"out_of_order":	0,
					"sender":	true
				}
			}],
		"sum":	{
			"start":	0,
			"end":	30.005494,
			"seconds":	30.005494,
			"bytes":	11245168,
			"bits_per_second":	2998697.6726573724,
			"jitter_ms":	0.25331715440553959,
			"lost_packets":	1845,
			"packets":	7766,
			"lost_percent":	23.7574040690188,
			"sender":	true
		},
		"cpu_utilization_percent":	{
			"host_total":	5.5923569540846092,
			"host_user":	0.59316295264684293,
			"host_system":	4.9991906687995105,
			"remote_total":	0.89176954299284517,
			"remote_user":	0.10251875040726993,
			"remote_system":	0.7892274724265772
		}
	}
}
