{"mod_sine": {"-4": 0.7311620832707187, "-2": 0.6745295548967731, "0": 0.6473092376793248, "2": 0.6040383065342423, "4": 0.47417086754372784, "6": 0.0712805730497229, "8": 0.06678521716295456, "10": 0.061074946379048894, "12": 0.053797031228416906, "14": 0.06189899376281704}, "swept_sine": {"-4": 0.1476538082639259, "-2": 0.081256422750159, "0": 0.08173136683544385, "2": 0.06899675988962273, "4": 0.06348295589951897, "6": 0.05860432215983522, "8": 0.05352987518044418, "10": 0.05931167851412664, "12": 0.05721086050052293, "14": 0.05393440408263016}, "noise": {"-4": 0.23887241932570422, "-2": 0.15994450440276203, "0": 0.14601140574172994, "2": 0.12992284351182698, "4": 0.1126571249455442, "6": 0.0801711013052698, "8": 0.07099216595247962, "10": 0.07020815402760512, "12": 0.07125325027208933, "14": 0.06875018025443577}}