{
	"start":	{
		"connected":	[{
				"socket":	6,
				"local_host":	"10.20.15.3",
				"local_port":	44288,
				"remote_host":	"10.20.15.2",
				"remote_port":	5201
			}],
		"version":	"iperf 3.7",
		"system_info":	"Linux node2 5.8.0-1006-raspi #9-Ubuntu SMP PREEMPT Fri Oct 16 12:55:30 UTC 2020 aarch64",
		"timestamp":	{
			"time":	"Sun, 08 Aug 2021 08:15:30 GMT",
			"timesecs":	1628410530
		},
		"connecting_to":	{
			"host":	"10.20.15.2",
			"port":	5201
		},
		"cookie":	"2ue45os35jkz45nfw6ci7n2lleqgctnawbts",
		"sock_bufsize":	0,
		"sndbuf_actual":	212992,
		"rcvbuf_actual":	212992,
		"test_start":	{
			"protocol":	"UDP",
			"num_streams":	1,
			"blksize":	1448,
			"omit":	0,
			"duration":	180,
			"bytes":	0,
			"blocks":	0,
			"reverse":	0,
			"tos":	0
		}
	},
	"intervals":	[{
			"streams":	[{
					"socket":	6,
					"start":	0,
					"end":	10.000101,
					"seconds":	10.000101089477539,
					"bytes":	59357864,
					"bits_per_second":	47485811.168415844,
					"packets":	40993,
					"omitted":	false,
					"sender":	true
				}],
			"sum":	{
				"start":	0,
				"end":	10.000101,
				"seconds":	10.000101089477539,
				"bytes":	59357864,
				"bits_per_second":	47485811.168415844,
				"packets":	40993,
				"omitted":	false,
				"sender":	true
			}
		}, {
			"streams":	[{
					"socket":	6,
					"start":	10.000101,
					"end":	20.000144,
					"seconds":	10.000042915344238,
					"bytes":	59785024,
					"bits_per_second":	47827813.945290036,
					"packets":	41288,
					"omitted":	false,
					"sender":	true
				}],
			"sum":	{
				"start":	10.000101,
				"end":	20.000144,
				"seconds":	10.000042915344238,
				"bytes":	59785024,
				"bits_per_second":	47827813.945290036,
				"packets":	41288,
				"omitted":	false,
				"sender":	true
			}
		}, {
			"streams":	[{
					"socket":	6,
					"start":	20.000144,
					"end":	30.000015,
					"seconds":	9.9998712539672852,
					"bytes":	58820656,
					"bits_per_second":	47057130.641888112,
					"packets":	40622,
					"omitted":	false,
					"sender":	true
				}],
			"sum":	{
				"start":	20.000144,
				"end":	30.000015,
				"seconds":	9.9998712539672852,
				"bytes":	58820656,
				"bits_per_second":	47057130.641888112,
				"packets":	40622,
				"omitted":	false,
				"sender":	true
			}
		}, {
			"streams":	[{
					"socket":	6,
					"start":	30.000015,
					"end":	40.000079,
					"seconds":	10.0000638961792,
					"bytes":	58389152,
					"bits_per_second":	46711023.134409525,
					"packets":	40324,
					"omitted":	false,
					"sender":	true
				}],
			"sum":	{
				"start":	30.000015,
				"end":	40.000079,
				"seconds":	10.0000638961792,
				"bytes":	58389152,
				"bits_per_second":	46711023.134409525,
				"packets":	40324,
				"omitted":	false,
				"sender":	true
			}
		}, {
			"streams":	[{
					"socket":	6,
					"start":	40.000079,
					"end":	50.000094,
					"seconds":	10.000015258789062,
					"bytes":	58012672,
					"bits_per_second":	46410066.783858053,
					"packets":	40064,
					"omitted":	false,
					"sender":	true
				}],
			"sum":	{
				"start":	40.000079,
				"end":	50.000094,
				"seconds":	10.000015258789062,
				"bytes":	58012672,
				"bits_per_second":	46410066.783858053,
				"packets":	40064,
				"omitted":	false,
				"sender":	true
			}
		}, {
			"streams":	[{
					"socket":	6,
					"start":	50.000094,
					"end":	60.000109,
					"seconds":	10.000015258789062,
					"bytes":	17297808,
					"bits_per_second":	13838225.284543939,
					"packets":	11946,
					"omitted":	false,
					"sender":	true
				}],
			"sum":	{
				"start":	50.000094,
				"end":	60.000109,
				"seconds":	10.000015258789062,
				"bytes":	17297808,
				"bits_per_second":	13838225.284543939,
				"packets":	11946,
				"omitted":	false,
				"sender":	true
			}
		}, {
			"streams":	[{
					"socket":	6,
					"start":	60.000109,
					"end":	70.000083,
					"seconds":	9.999974250793457,
					"bytes":	6666592,
					"bits_per_second":	5333287.3327917084,
					"packets":	4604,
					"omitted":	false,
					"sender":	true
				}],
			"sum":	{
				"start":	60.000109,
				"end":	70.000083,
				"seconds":	9.999974250793457,
				"bytes":	6666592,
				"bits_per_second":	5333287.3327917084,
				"packets":	4604,
				"omitted":	false,
				"sender":	true
			}
		}, {
			"streams":	[{
					"socket":	6,
					"start":	70.000083,
					"end":	80.00009,
					"seconds":	10.000006675720215,
					"bytes":	8162376,
					"bits_per_second":	6529896.4408238325,
					"packets":	5637,
					"omitted":	false,
					"sender":	true
				}],
			"sum":	{
				"start":	70.000083,
				"end":	80.00009,
				"seconds":	10.000006675720215,
				"bytes":	8162376,
				"bits_per_second":	6529896.4408238325,
				"packets":	5637,
				"omitted":	false,
				"sender":	true
			}
		}, {
			"streams":	[{
					"socket":	6,
					"start":	80.00009,
					"end":	90.000084,
					"seconds":	9.9999942779541016,
					"bytes":	49272544,
					"bits_per_second":	39418057.755193569,
					"packets":	34028,
					"omitted":	false,
					"sender":	true
				}],
			"sum":	{
				"start":	80.00009,
				"end":	90.000084,
				"seconds":	9.9999942779541016,
				"bytes":	49272544,
				"bits_per_second":	39418057.755193569,
				"packets":	34028,
				"omitted":	false,
				"sender":	true
			}
		}, {
			"streams":	[{
					"socket":	6,
					"start":	90.000084,
					"end":	100.000087,
					"seconds":	10.000002861022949,
					"bytes":	59498320,
					"bits_per_second":	47598642.381919183,
					"packets":	41090,
					"omitted":	false,
					"sender":	true
				}],
			"sum":	{
				"start":	90.000084,
				"end":	100.000087,
				"seconds":	10.000002861022949,
				"bytes":	59498320,
				"bits_per_second":	47598642.381919183,
				"packets":	41090,
				"omitted":	false,
				"sender":	true
			}
		}, {
			"streams":	[{
					"socket":	6,
					"start":	100.000087,
					"end":	110.000026,
					"seconds":	9.99993896484375,
					"bytes":	58910432,
					"bits_per_second":	47128633.250349425,
					"packets":	40684,
					"omitted":	false,
					"sender":	true
				}],
			"sum":	{
				"start":	100.000087,
				"end":	110.000026,
				"seconds":	9.99993896484375,
				"bytes":	58910432,
				"bits_per_second":	47128633.250349425,
				"packets":	40684,
				"omitted":	false,
				"sender":	true
			}
		}, {
			"streams":	[{
					"socket":	6,
					"start":	110.000026,
					"end":	120.000093,
					"seconds":	10.000066757202148,
					"bytes":	60565496,
					"bits_per_second":	48452073.3475145,
					"packets":	41827,
					"omitted":	false,
					"sender":	true
				}],
			"sum":	{
				"start":	110.000026,
				"end":	120.000093,
				"seconds":	10.000066757202148,
				"bytes":	60565496,
				"bits_per_second":	48452073.3475145,
				"packets":	41827,
				"omitted":	false,
				"sender":	true
			}
		}, {
			"streams":	[{
					"socket":	6,
					"start":	120.000093,
					"end":	130.000087,
					"seconds":	9.9999942779541016,
					"bytes":	60119512,
					"bits_per_second":	48095637.120544314,
					"packets":	41519,
					"omitted":	false,
					"sender":	true
				}],
			"sum":	{
				"start":	120.000093,
				"end":	130.000087,
				"seconds":	9.9999942779541016,
				"bytes":	60119512,
				"bits_per_second":	48095637.120544314,
				"packets":	41519,
				"omitted":	false,
				"sender":	true
			}
		}, {
			"streams":	[{
					"socket":	6,
					"start":	130.000087,
					"end":	140.000081,
					"seconds":	9.9999942779541016,
					"bytes":	59010344,
					"bits_per_second":	47208302.212807208,
					"packets":	40753,
					"omitted":	false,
					"sender":	true
				}],
			"sum":	{
				"start":	130.000087,
				"end":	140.000081,
				"seconds":	9.9999942779541016,
				"bytes":	59010344,
				"bits_per_second":	47208302.212807208,
				"packets":	40753,
				"omitted":	false,
				"sender":	true
			}
		}, {
			"streams":	[{
					"socket":	6,
					"start":	140.000081,
					"end":	150.000084,
					"seconds":	10.000002861022949,
					"bytes":	31992112,
					"bits_per_second":	25593682.277588766,
					"packets":	22094,
					"omitted":	false,
					"sender":	true
				}],
			"sum":	{
				"start":	140.000081,