{
	"start":	{
		"connected":	[{
				"socket":	6,
				"local_host":	"10.20.15.3",
				"local_port":	45461,
				"remote_host":	"10.20.15.2",
				"remote_port":	5201
			}],
		"version":	"iperf 3.7",
		"system_info":	"Linux node2 5.8.0-1006-raspi #9-Ubuntu SMP PREEMPT Fri Oct 16 12:55:30 UTC 2020 aarch64",
		"timestamp":	{
			"time":	"Sun, 08 Aug 2021 08:12:30 GMT",
			"timesecs":	1628410350
		},
		"connecting_to":	{
			"host":	"10.20.15.2",
			"port":	5201
		},
		"cookie":	"jb3q6m2bfugol327nbvckbuwt7y2pw6driuj",
		"sock_bufsize":	0,
		"sndbuf_actual":	212992,
		"rcvbuf_actual":	212992,
		"test_start":	{
			"protocol":	"UDP",
			"num_streams":	1,
			"blksize":	1448,
			"omit":	0,
			"duration":	180,
			"bytes":	0,
			"blocks":	0,
			"reverse":	0,
			"tos":	0
		}
	},
	"intervals":	[{
			"streams":	[{
					"socket":	6,
					"start":	0,
					"end":	10.000088,
					"seconds":	10.000087738037109,
					"bytes":	58305168,
					"bits_per_second":	46643725.157111123,
					"packets":	40266,
					"omitted":	false,
					"sender":	true
				}],
			"sum":	{
				"start":	0,
				"end":	10.000088,
				"seconds":	10.000087738037109,
				"bytes":	58305168,
				"bits_per_second":	46643725.157111123,
				"packets":	40266,
				"omitted":	false,
				"sender":	true
			}
		}, {
			"streams":	[{
					"socket":	6,
					"start":	10.000088,
					"end":	20.000087,
					"seconds":	9.9999990463256836,
					"bytes":	56818072,
					"bits_per_second":	45454461.934875295,
					"packets":	39239,
					"omitted":	false,
					"sender":	true
				}],
			"sum":	{
				"start":	10.000088,
				"end":	20.000087,
				"seconds":	9.9999990463256836,
				"bytes":	56818072,
				"bits_per_second":	45454461.934875295,
				"packets":	39239,
				"omitted":	false,
				"sender":	true
			}
		}, {
			"streams":	[{
					"socket":	6,
					"start":	20.000087,
					"end":	30.000077,
					"seconds":	9.9999904632568359,
					"bytes":	59695248,
					"bits_per_second":	47756243.9439033,
					"packets":	41226,
					"omitted":	false,
					"sender":	true
				}],
			"sum":	{
				"start":	20.000087,
				"end":	30.000077,
				"seconds":	9.9999904632568359,
				"bytes":	59695248,
				"bits_per_second":	47756243.9439033,
				"packets":	41226,
				"omitted":	false,
				"sender":	true
			}
		}, {
			"streams":	[{
					"socket":	6,
					"start":	30.000077,
					"end":	40.000169,
					"seconds":	10.000091552734375,
					"bytes":	59547552,
					"bits_per_second":	47637605.464696065,
					"packets":	41124,
					"omitted":	false,
					"sender":	true
				}],
			"sum":	{
				"start":	30.000077,
				"end":	40.000169,
				"seconds":	10.000091552734375,
				"bytes":	59547552,
				"bits_per_second":	47637605.464696065,
				"packets":	41124,
				"omitted":	false,
				"sender":	true
			}
		}, {
			"streams":	[{
					"socket":	6,
					"start":	40.000169,
					"end":	50.000099,
					"seconds":	9.9999303817749023,
					"bytes":	59279672,
					"bits_per_second":	47424067.757942423,
					"packets":	40939,
					"omitted":	false,
					"sender":	true
				}],
			"sum":	{
				"start":	40.000169,
				"end":	50.000099,
				"seconds":	9.9999303817749023,
				"bytes":	59279672,
				"bits_per_second":	47424067.757942423,
				"packets":	40939,
				"omitted":	false,
				"sender":	true
			}
		}, {
			"streams":	[{
					"socket":	6,
					"start":	50.000099,
					"end":	60.00008,
					"seconds":	9.9999809265136719,
					"bytes":	21414472,
					"bits_per_second":	17131610.275953438,
					"packets":	14789,
					"omitted":	false,
					"sender":	true
				}],
			"sum":	{
				"start":	50.000099,
				"end":	60.00008,
				"seconds":	9.9999809265136719,
				"bytes":	21414472,
				"bits_per_second":	17131610.275953438,
				"packets":	14789,
				"omitted":	false,
				"sender":	true
			}
		}, {
			"streams":	[{
					"socket":	6,
					"start":	60.00008,
					"end":	70.00006,
					"seconds":	9.9999799728393555,
					"bytes":	6482696,
					"bits_per_second":	5186167.1864203373,
					"packets":	4477,
					"omitted":	false,
					"sender":	true
				}],
			"sum":	{
				"start":	60.00008,
				"end":	70.00006,
				"seconds":	9.9999799728393555,
				"bytes":	6482696,
				"bits_per_second":	5186167.1864203373,
				"packets":	4477,
				"omitted":	false,
				"sender":	true
			}
		}, {
			"streams":	[{
					"socket":	6,
					"start":	70.00006,
					"end":	80.000087,
					"seconds":	10.000026702880859,
					"bytes":	7335568,
					"bits_per_second":	5868438.7295779772,
					"packets":	5066,
					"omitted":	false,
					"sender":	true
				}],
			"sum":	{
				"start":	70.00006,
				"end":	80.000087,
				"seconds":	10.000026702880859,
				"bytes":	7335568,
				"bits_per_second":	5868438.7295779772,
				"packets":	5066,
				"omitted":	false,
				"sender":	true
			}
		}, {
			"streams":	[{
					"socket":	6,
					"start":	80.000087,
					"end":	90.000086,
					"seconds":	9.9999990463256836,
					"bytes":	48412432,
					"bits_per_second":	38729949.293575794,
					"packets":	33434,
					"omitted":	false,
					"sender":	true
				}],
			"sum":	{
				"start":	80.000087,
				"end":	90.000086,
				"seconds":	9.9999990463256836,
				"bytes":	48412432,
				"bits_per_second":	38729949.293575794,
				"packets":	33434,
				"omitted":	false,
				"sender":	true
			}
		}, {
			"streams":	[{
					"socket":	6,
					"start":	90.000086,
					"end":	100.000006,
					"seconds":	9.9999198913574219,
					"bytes":	59475152,
					"bits_per_second":	47580502.760948934,
					"packets":	41074,
					"omitted":	false,
					"sender":	true
				}],
			"sum":	{
				"start":	90.000086,
				"end":	100.000006,
				"seconds":	9.9999198913574219,
				"bytes":	59475152,
				"bits_per_second":	47580502.760948934,
				"packets":	41074,
				"omitted":	false,
				"sender":	true
			}
		}, {
			"streams":	[{
					"socket":	6,
					"start":	100.000006,
					"end":	110.000081,
					"seconds":	10.000075340270996,
					"bytes":	59909552,
					"bits_per_second":	47927280.514569789,
					"packets":	41374,
					"omitted":	false,
					"sender":	true
				}],
			"sum":	{
				"start":	100.000006,
				"end":	110.000081,
				"seconds":	10.000075340270996,
				"bytes":	59909552,
				"bits_per_second":	47927280.514569789,
				"packets":	41374,
				"omitted":	false,
				"sender":	true
			}
		}, {
			"streams":	[{
					"socket":	6,
					"start":	110.000081,
					"end":	120.000022,
					"seconds":	9.9999408721923828,
					"bytes":	60286032,
					"bits_per_second":	48229110.7681583,
					"packets":	41634,
					"omitted":	false,
					"sender":	true
				}],
			"sum":	{
				"start":	110.000081,
				"end":	120.000022,
				"seconds":	9.9999408721923828,
				"bytes":	60286032,
				"bits_per_second":	48229110.7681583,
				"packets":	41634,
				"omitted":	false,
				"sender":	true
			}
		}, {
			"streams":	[{
					"socket":	6,
					"start":	120.000022,
					"end":	130.000079,
					"seconds":	10.000057220458984,
					"bytes":	58868440,
					"bits_per_second":	47094482.523209438,
					"packets":	40655,
					"omitted":	false,
					"sender":	true
				}],
			"sum":	{
				"start":	120.000022,
				"end":	130.000079,
				"seconds":	10.000057220458984,
				"bytes":	58868440,
				"bits_per_second":	47094482.523209438,
				"packets":	40655,
				"omitted":	false,
				"sender":	true
			}
		}, {
			"streams":	[{
					"socket":	6,
					"start":	130.000079,
					"end":	140.000048,
					"seconds":	9.9999685287475586,
					"bytes":	59084192,
					"bits_per_second":	47267502.356749892,
					"packets":	40804,
					"omitted":	false,
					"sender":	true
				}],
			"sum":	{
				"start":	130.000079,
				"end":	140.000048,
				"seconds":	9.9999685287475586,
				"bytes":	59084192,
				"bits_per_second":	47267502.356749892,
				"packets":	40804,
				"omitted":	false,
				"sender":	true
			}
		}, {
			"streams":	[{
					"socket":	6,
					"start":	140.000048,
					"end":	150.000051,
					"seconds":	10.000002861022949,
					"bytes":	31619976,
					"bits_per_second":	25295973.562763911,
					"packets":	21837,
					"omitted":	false,
					"sender":	true
				}],
			"sum":	{
				"start":	140.000048,