{"mod_sine": {"5": 0.6467296406093385, "10": 0.7917069551142422, "15": 0.6875507558542847, "20": 0.7342050311353171}, "swept_sine": {"5": 0.6808756494851934, "10": 0.6693706096976635, "15": 0.649782202043845, "20": 0.5452004758211128}, "noise": {"5": 0.4519334997324223, "10": 0.49024412395838235, "15": 0.4631915382369624, "20": 0.4493337037087635}}