{
	"start":	{
		"connected":	[{
				"socket":	6,
				"local_host":	"10.20.15.3",
				"local_port":	39877,
				"remote_host":	"10.20.15.2",
				"remote_port":	5201
			}],
		"version":	"iperf 3.7",
		"system_info":	"Linux node2 5.8.0-1006-raspi #9-Ubuntu SMP PREEMPT Fri Oct 16 12:55:30 UTC 2020 aarch64",
		"timestamp":	{
			"time":	"Sun, 08 Aug 2021 08:15:30 GMT",
			"timesecs":	1628410530
		},
		"connecting_to":	{
			"host":	"10.20.15.2",
			"port":	5201
		},
		"cookie":	"faj5kid4izs3t2pwlolibuj7i2olj7jdgqkd",
		"sock_bufsize":	0,
		"sndbuf_actual":	212992,
		"rcvbuf_actual":	212992,
		"test_start":	{
			"protocol":	"UDP",
			"num_streams":	1,
			"blksize":	1448,
			"omit":	0,
			"duration":	180,
			"bytes":	0,
			"blocks":	0,
			"reverse":	0,
			"tos":	0
		}
	},
	"intervals":	[{
			"streams":	[{
					"socket":	6,
					"start":	0,
					"end":	10.000086,
					"seconds":	10.000085830688477,
					"bytes":	51551696,
					"bits_per_second":	41241002.8256334,
					"packets":	35602,
					"omitted":	false,
					"sender":	true
				}],
			"sum":	{
				"start":	0,
				"end":	10.000086,
				"seconds":	10.000085830688477,
				"bytes":	51551696,
				"bits_per_second":	41241002.8256334,
				"packets":	35602,
				"omitted":	false,
				"sender":	true
			}
		}, {
			"streams":	[{
					"socket":	6,
					"start":	10.000086,
					"end":	20.000026,
					"seconds":	9.9999399185180664,
					"bytes":	54077008,
					"bits_per_second":	43261866.323704,
					"packets":	37346,
					"omitted":	false,
					"sender":	true
				}],
			"sum":	{
				"start":	10.000086,
				"end":	20.000026,
				"seconds":	9.9999399185180664,
				"bytes":	54077008,
				"bits_per_second":	43261866.323704,
				"packets":	37346,
				"omitted":	false,
				"sender":	true
			}
		}, {
			"streams":	[{
					"socket":	6,
					"start":	20.000026,
					"end":	30.000088,
					"seconds":	10.000061988830566,
					"bytes":	13965960,
					"bits_per_second":	11172698.741747072,
					"packets":	9645,
					"omitted":	false,
					"sender":	true
				}],
			"sum":	{
				"start":	20.000026,
				"end":	30.000088,
				"seconds":	10.000061988830566,
				"bytes":	13965960,
				"bits_per_second":	11172698.741747072,
				"packets":	9645,
				"omitted":	false,
				"sender":	true
			}
		}, {
			"streams":	[{
					"socket":	6,
					"start":	30.000088,
					"end":	40.000105,
					"seconds":	10.000017166137695,
					"bytes":	44756232,
					"bits_per_second":	35804924.136774212,
					"packets":	30909,
					"omitted":	false,
					"sender":	true
				}],
			"sum":	{
				"start":	30.000088,
				"end":	40.000105,
				"seconds":	10.000017166137695,
				"bytes":	44756232,
				"bits_per_second":	35804924.136774212,
				"packets":	30909,
				"omitted":	false,
				"sender":	true
			}
		}, {
			"streams":	[{
					"socket":	6,
					"start":	40.000105,
					"end":	50.000043,
					"seconds":	9.9999380111694336,
					"bytes":	55080472,
					"bits_per_second":	44064650.75161694,
					"packets":	38039,
					"omitted":	false,
					"sender":	true
				}],
			"sum":	{
				"start":	40.000105,
				"end":	50.000043,
				"seconds":	9.9999380111694336,
				"bytes":	55080472,
				"bits_per_second":	44064650.75161694,
				"packets":	38039,
				"omitted":	false,
				"sender":	true
			}
		}, {
			"streams":	[{
					"socket":	6,
					"start":	50.000043,
					"end":	60.000092,
					"seconds":	10.000048637390137,
					"bytes":	17919000,
					"bits_per_second":	14335130.277667603,
					"packets":	12375,
					"omitted":	false,
					"sender":	true
				}],
			"sum":	{
				"start":	50.000043,
				"end":	60.000092,
				"seconds":	10.000048637390137,
				"bytes":	17919000,
				"bits_per_second":	14335130.277667603,
				"packets":	12375,
				"omitted":	false,
				"sender":	true
			}
		}, {
			"streams":	[{
					"socket":	6,
					"start":	60.000092,
					"end":	70.000077,
					"seconds":	9.9999847412109375,
					"bytes":	40914688,
					"bits_per_second":	32731800.344763711,
					"packets":	28256,
					"omitted":	false,
					"sender":	true
				}],
			"sum":	{
				"start":	60.000092,
				"end":	70.000077,
				"seconds":	9.9999847412109375,
				"bytes":	40914688,
				"bits_per_second":	32731800.344763711,
				"packets":	28256,
				"omitted":	false,
				"sender":	true
			}
		}, {
			"streams":	[{
					"socket":	6,
					"start":	70.000077,
					"end":	80.000094,
					"seconds":	10.000017166137695,
					"bytes":	55842120,
					"bits_per_second":	44673619.31264995,
					"packets":	38565,
					"omitted":	false,
					"sender":	true
				}],
			"sum":	{
				"start":	70.000077,
				"end":	80.000094,
				"seconds":	10.000017166137695,
				"bytes":	55842120,
				"bits_per_second":	44673619.31264995,
				"packets":	38565,
				"omitted":	false,
				"sender":	true
			}
		}, {
			"streams":	[{
					"socket":	6,
					"start":	80.000094,
					"end":	90.000094,
					"seconds":	10,
					"bytes":	23503936,
					"bits_per_second":	18803148.8,
					"packets":	16232,
					"omitted":	false,
					"sender":	true
				}],
			"sum":	{
				"start":	80.000094,
				"end":	90.000094,
				"seconds":	10,
				"bytes":	23503936,
				"bits_per_second":	18803148.8,
				"packets":	16232,
				"omitted":	false,
				"sender":	true
			}
		}, {
			"streams":	[{
					"socket":	6,
					"start":	90.000094,
					"end":	100.000052,
					"seconds":	9.9999580383300781,
					"bytes":	36425888,
					"bits_per_second":	29140832.679800216,
					"packets":	25156,
					"omitted":	false,
					"sender":	true
				}],
			"sum":	{
				"start":	90.000094,
				"end":	100.000052,
				"seconds":	9.9999580383300781,
				"bytes":	36425888,
				"bits_per_second":	29140832.679800216,
				"packets":	25156,
				"omitted":	false,
				"sender":	true
			}
		}, {
			"streams":	[{
					"socket":	6,
					"start":	100.000052,
					"end":	110.000079,
					"seconds":	10.000026702880859,
					"bytes":	55126808,
					"bits_per_second":	44101328.636747569,
					"packets":	38071,
					"omitted":	false,
					"sender":	true
				}],
			"sum":	{
				"start":	100.000052,
				"end":	110.000079,
				"seconds":	10.000026702880859,
				"bytes":	55126808,
				"bits_per_second":	44101328.636747569,
				"packets":	38071,
				"omitted":	false,
				"sender":	true
			}
		}, {
			"streams":	[{
					"socket":	6,
					"start":	110.000079,
					"end":	120.000104,
					"seconds":	10.000024795532227,
					"bytes":	29466800,
					"bits_per_second":	23573381.548545811,
					"packets":	20350,
					"omitted":	false,
					"sender":	true
				}],
			"sum":	{
				"start":	110.000079,
				"end":	120.000104,
				"seconds":	10.000024795532227,
				"bytes":	29466800,
				"bits_per_second":	23573381.548545811,
				"packets":	20350,
				"omitted":	false,
				"sender":	true
			}
		}, {
			"streams":	[{
					"socket":	6,
					"start":	120.000104,
					"end":	130.00003,
					"seconds":	9.99992561340332,
					"bytes":	33118656,
					"bits_per_second":	26495121.888194587,
					"packets":	22872,
					"omitted":	false,
					"sender":	true
				}],
			"sum":	{
				"start":	120.000104,
				"end":	130.00003,
				"seconds":	9.99992561340332,
				"bytes":	33118656,
				"bits_per_second":	26495121.888194587,
				"packets":	22872,
				"omitted":	false,
				"sender":	true
			}
		}, {
			"streams":	[{
					"socket":	6,
					"start":	130.00003,
					"end":	140.000101,
					"seconds":	10.000070571899414,
					"bytes":	57297360,
					"bits_per_second":	45837564.515600763,
					"packets":	39570,
					"omitted":	false,
					"sender":	true
				}],
			"sum":	{
				"start":	130.00003,
				"end":	140.000101,
				"seconds":	10.000070571899414,
				"bytes":	57297360,
				"bits_per_second":	45837564.515600763,
				"packets":	39570,
				"omitted":	false,
				"sender":	true
			}
		}, {
			"streams":	[{
					"socket":	6,
					"start":	140.000101,
					"end":	150.000309,
					"seconds":	10.000207901000977,
					"bytes":	29487072,
					"bits_per_second":	23589167.178853132,
					"packets":	20364,
					"omitted":	false,
					"sender":	true
				}],
			"sum":	{
				"start":	140.000101,
				"end":	150.000309,