{
	"start":	{
		"connected":	[{
				"socket":	6,
				"local_host":	"10.20.15.3",
				"local_port":	45388,
				"remote_host":	"10.20.15.2",
				"remote_port":	5201
			}],
		"version":	"iperf 3.7",
		"system_info":	"Linux node2 5.8.0-1006-raspi #9-Ubuntu SMP PREEMPT Fri Oct 16 12:55:30 UTC 2020 aarch64",
		"timestamp":	{
			"time":	"Sun, 08 Aug 2021 08:24:38 GMT",
			"timesecs":	1628411078
		},
		"connecting_to":	{
			"host":	"10.20.15.2",
			"port":	5201
		},
		"cookie":	"lpql4dr232k7dbavenpc2azfrdmfbkxjgmdi",
		"sock_bufsize":	0,
		"sndbuf_actual":	212992,
		"rcvbuf_actual":	212992,
		"test_start":	{
			"protocol":	"UDP",
			"num_streams":	1,
			"blksize":	1448,
			"omit":	0,
			"duration":	180,
			"bytes":	0,
			"blocks":	0,
			"reverse":	0,
			"tos":	0
		}
	},
	"intervals":	[{
			"streams":	[{
					"socket":	6,
					"start":	0,
					"end":	10.000067,
					"seconds":	10.000066757202148,
					"bytes":	42052816,
					"bits_per_second":	33642028.215232179,
					"packets":	29042,
					"omitted":	false,
					"sender":	true
				}],
			"sum":	{
				"start":	0,
				"end":	10.000067,
				"seconds":	10.000066757202148,
				"bytes":	42052816,
				"bits_per_second":	33642028.215232179,
				"packets":	29042,
				"omitted":	false,
				"sender":	true
			}
		}, {
			"streams":	[{
					"socket":	6,
					"start":	10.000067,
					"end":	20.000096,
					"seconds":	10.000028610229492,
					"bytes":	59479496,
					"bits_per_second":	47583460.662627041,
					"packets":	41077,
					"omitted":	false,
					"sender":	true
				}],
			"sum":	{
				"start":	10.000067,
				"end":	20.000096,
				"seconds":	10.000028610229492,
				"bytes":	59479496,
				"bits_per_second":	47583460.662627041,
				"packets":	41077,
				"omitted":	false,
				"sender":	true
			}
		}, {
			"streams":	[{
					"socket":	6,
					"start":	20.000096,
					"end":	30.000098,
					"seconds":	10.000001907348633,
					"bytes":	25374752,
					"bits_per_second":	20299797.728120856,
					"packets":	17524,
					"omitted":	false,
					"sender":	true
				}],
			"sum":	{
				"start":	20.000096,
				"end":	30.000098,
				"seconds":	10.000001907348633,
				"bytes":	25374752,
				"bits_per_second":	20299797.728120856,
				"packets":	17524,
				"omitted":	false,
				"sender":	true
			}
		}, {
			"streams":	[{
					"socket":	6,
					"start":	30.000098,
					"end":	40.000091,
					"seconds":	9.9999933242797852,
					"bytes":	37048528,
					"bits_per_second":	29638842.186061792,
					"packets":	25586,
					"omitted":	false,
					"sender":	true
				}],
			"sum":	{
				"start":	30.000098,
				"end":	40.000091,
				"seconds":	9.9999933242797852,
				"bytes":	37048528,
				"bits_per_second":	29638842.186061792,
				"packets":	25586,
				"omitted":	false,
				"sender":	true
			}
		}, {
			"streams":	[{
					"socket":	6,
					"start":	40.000091,
					"end":	50.000096,
					"seconds":	10.000004768371582,
					"bytes":	59602576,
					"bits_per_second":	47682038.06343247,
					"packets":	41162,
					"omitted":	false,
					"sender":	true
				}],
			"sum":	{
				"start":	40.000091,
				"end":	50.000096,
				"seconds":	10.000004768371582,
				"bytes":	59602576,
				"bits_per_second":	47682038.06343247,
				"packets":	41162,
				"omitted":	false,
				"sender":	true
			}
		}, {
			"streams":	[{
					"socket":	6,
					"start":	50.000096,
					"end":	60.000013,
					"seconds":	9.9999170303344727,
					"bytes":	31098696,
					"bits_per_second":	24879163.22158511,
					"packets":	21477,
					"omitted":	false,
					"sender":	true
				}],
			"sum":	{
				"start":	50.000096,
				"end":	60.000013,
				"seconds":	9.9999170303344727,
				"bytes":	31098696,
				"bits_per_second":	24879163.22158511,
				"packets":	21477,
				"omitted":	false,
				"sender":	true
			}
		}, {
			"streams":	[{
					"socket":	6,
					"start":	60.000013,
					"end":	70.000077,
					"seconds":	10.0000638961792,
					"bytes":	33858584,
					"bits_per_second":	27086694.12637382,
					"packets":	23383,
					"omitted":	false,
					"sender":	true
				}],
			"sum":	{
				"start":	60.000013,
				"end":	70.000077,
				"seconds":	10.0000638961792,
				"bytes":	33858584,
				"bits_per_second":	27086694.12637382,
				"packets":	23383,
				"omitted":	false,
				"sender":	true
			}
		}, {
			"streams":	[{
					"socket":	6,
					"start":	70.000077,
					"end":	80.000082,
					"seconds":	10.000004768371582,
					"bytes":	58496304,
					"bits_per_second":	46797020.885441549,
					"packets":	40398,
					"omitted":	false,
					"sender":	true
				}],
			"sum":	{
				"start":	70.000077,
				"end":	80.000082,
				"seconds":	10.000004768371582,
				"bytes":	58496304,
				"bits_per_second":	46797020.885441549,
				"packets":	40398,
				"omitted":	false,
				"sender":	true
			}
		}, {
			"streams":	[{
					"socket":	6,
					"start":	80.000082,
					"end":	90.000105,
					"seconds":	10.000022888183594,
					"bytes":	31842968,
					"bits_per_second":	25474316.093917631,
					"packets":	21991,
					"omitted":	false,
					"sender":	true
				}],
			"sum":	{
				"start":	80.000082,
				"end":	90.000105,
				"seconds":	10.000022888183594,
				"bytes":	31842968,
				"bits_per_second":	25474316.093917631,
				"packets":	21991,
				"omitted":	false,
				"sender":	true
			}
		}, {
			"streams":	[{
					"socket":	6,
					"start":	90.000105,
					"end":	100.000087,
					"seconds":	9.9999818801879883,
					"bytes":	32180352,
					"bits_per_second":	25744328.248238824,
					"packets":	22224,
					"omitted":	false,
					"sender":	true
				}],
			"sum":	{
				"start":	90.000105,
				"end":	100.000087,
				"seconds":	9.9999818801879883,
				"bytes":	32180352,
				"bits_per_second":	25744328.248238824,
				"packets":	22224,
				"omitted":	false,
				"sender":	true
			}
		}, {
			"streams":	[{
					"socket":	6,
					"start":	100.000087,
					"end":	110.000108,
					"seconds":	10.000020980834961,
					"bytes":	61162072,
					"bits_per_second":	48929554.941708304,
					"packets":	42239,
					"omitted":	false,
					"sender":	true
				}],
			"sum":	{
				"start":	100.000087,
				"end":	110.000108,
				"seconds":	10.000020980834961,
				"bytes":	61162072,
				"bits_per_second":	48929554.941708304,
				"packets":	42239,
				"omitted":	false,
				"sender":	true
			}
		}, {
			"streams":	[{
					"socket":	6,
					"start":	110.000108,
					"end":	120.000262,
					"seconds":	10.000153541564941,
					"bytes":	34948928,
					"bits_per_second":	27958713.117543418,
					"packets":	24136,
					"omitted":	false,
					"sender":	true
				}],
			"sum":	{
				"start":	110.000108,
				"end":	120.000262,
				"seconds":	10.000153541564941,
				"bytes":	34948928,
				"bits_per_second":	27958713.117543418,
				"packets":	24136,
				"omitted":	false,
				"sender":	true
			}
		}, {
			"streams":	[{
					"socket":	6,
					"start":	120.000262,
					"end":	130.000046,
					"seconds":	9.9997844696044922,
					"bytes":	24789760,
					"bits_per_second":	19832235.444954924,
					"packets":	17120,
					"omitted":	false,
					"sender":	true
				}],
			"sum":	{
				"start":	120.000262,
				"end":	130.000046,
				"seconds":	9.9997844696044922,
				"bytes":	24789760,
				"bits_per_second":	19832235.444954924,
				"packets":	17120,
				"omitted":	false,
				"sender":	true
			}
		}, {
			"streams":	[{
					"socket":	6,
					"start":	130.000046,
					"end":	140.00008,
					"seconds":	10.000034332275391,
					"bytes":	59315872,
					"bits_per_second":	47452534.684651121,
					"packets":	40964,
					"omitted":	false,
					"sender":	true
				}],
			"sum":	{
				"start":	130.000046,
				"end":	140.00008,
				"seconds":	10.000034332275391,
				"bytes":	59315872,
				"bits_per_second":	47452534.684651121,
				"packets":	40964,
				"omitted":	false,
				"sender":	true
			}
		}, {
			"streams":	[{
					"socket":	6,
					"start":	140.00008,
					"end":	150.000105,
					"seconds":	10.000024795532227,
					"bytes":	40900208,
					"bits_per_second":	32720085.268807124,
					"packets":	28246,
					"omitted":	false,
					"sender":	true
				}],