{
	"start":	{
		"connected":	[{
				"socket":	6,
				"local_host":	"10.20.15.3",
				"local_port":	49967,
				"remote_host":	"10.20.15.2",
				"remote_port":	5201
			}],
		"version":	"iperf 3.7",
		"system_info":	"Linux node2 5.8.0-1006-raspi #9-Ubuntu SMP PREEMPT Fri Oct 16 12:55:30 UTC 2020 aarch64",
		"timestamp":	{
			"time":	"Sun, 08 Aug 2021 09:42:21 GMT",
			"timesecs":	1628415741
		},
		"connecting_to":	{
			"host":	"10.20.15.2",
			"port":	5201
		},
		"cookie":	"62t5kcgtdoubn7cptkftof3tjo4nxu2jtfgb",
		"sock_bufsize":	0,
		"sndbuf_actual":	212992,
		"rcvbuf_actual":	212992,
		"test_start":	{
			"protocol":	"UDP",
			"num_streams":	1,
			"blksize":	1448,
			"omit":	0,
			"duration":	180,
			"bytes":	0,
			"blocks":	0,
			"reverse":	0,
			"tos":	0
		}
	},
	"intervals":	[{
			"streams":	[{
					"socket":	6,
					"start":	0,
					"end":	10.000088,
					"seconds":	10.000087738037109,
					"bytes":	49439064,
					"bits_per_second":	39550904.188130066,
					"packets":	34143,
					"omitted":	false,
					"sender":	true
				}],
			"sum":	{
				"start":	0,
				"end":	10.000088,
				"seconds":	10.000087738037109,
				"bytes":	49439064,
				"bits_per_second":	39550904.188130066,
				"packets":	34143,
				"omitted":	false,
				"sender":	true
			}
		}, {
			"streams":	[{
					"socket":	6,
					"start":	10.000088,
					"end":	20.000057,
					"seconds":	9.9999685287475586,
					"bytes":	38683320,
					"bits_per_second":	30946753.39330883,
					"packets":	26715,
					"omitted":	false,
					"sender":	true
				}],
			"sum":	{
				"start":	10.000088,
				"end":	20.000057,
				"seconds":	9.9999685287475586,
				"bytes":	38683320,
				"bits_per_second":	30946753.39330883,
				"packets":	26715,
				"omitted":	false,
				"sender":	true
			}
		}, {
			"streams":	[{
					"socket":	6,
					"start":	20.000057,
					"end":	30.000064,
					"seconds":	10.000006675720215,
					"bytes":	60655272,
					"bits_per_second":	48524185.206611589,
					"packets":	41889,
					"omitted":	false,
					"sender":	true
				}],
			"sum":	{
				"start":	20.000057,
				"end":	30.000064,
				"seconds":	10.000006675720215,
				"bytes":	60655272,
				"bits_per_second":	48524185.206611589,
				"packets":	41889,
				"omitted":	false,
				"sender":	true
			}
		}, {
			"streams":	[{
					"socket":	6,
					"start":	30.000064,
					"end":	40.000031,
					"seconds":	9.9999666213989258,
					"bytes":	33848448,
					"bits_per_second":	27078848.785409115,
					"packets":	23376,
					"omitted":	false,
					"sender":	true
				}],
			"sum":	{
				"start":	30.000064,
				"end":	40.000031,
				"seconds":	9.9999666213989258,
				"bytes":	33848448,
				"bits_per_second":	27078848.785409115,
				"packets":	23376,
				"omitted":	false,
				"sender":	true
			}
		}, {
			"streams":	[{
					"socket":	6,
					"start":	40.000031,
					"end":	50.000093,
					"seconds":	10.000061988830566,
					"bytes":	51560384,
					"bits_per_second":	41248051.508152388,
					"packets":	35608,
					"omitted":	false,
					"sender":	true
				}],
			"sum":	{
				"start":	40.000031,
				"end":	50.000093,
				"seconds":	10.000061988830566,
				"bytes":	51560384,
				"bits_per_second":	41248051.508152388,
				"packets":	35608,
				"omitted":	false,
				"sender":	true
			}
		}, {
			"streams":	[{
					"socket":	6,
					"start":	50.000093,
					"end":	60.000091,
					"seconds":	9.9999980926513672,
					"bytes":	47129504,
					"bits_per_second":	37703610.391392976,
					"packets":	32548,
					"omitted":	false,
					"sender":	true
				}],
			"sum":	{
				"start":	50.000093,
				"end":	60.000091,
				"seconds":	9.9999980926513672,
				"bytes":	47129504,
				"bits_per_second":	37703610.391392976,
				"packets":	32548,
				"omitted":	false,
				"sender":	true
			}
		}, {
			"streams":	[{
					"socket":	6,
					"start":	60.000091,
					"end":	70.000116,
					"seconds":	10.000024795532227,
					"bytes":	37953528,
					"bits_per_second":	30362747.113952544,
					"packets":	26211,
					"omitted":	false,
					"sender":	true
				}],
			"sum":	{
				"start":	60.000091,
				"end":	70.000116,
				"seconds":	10.000024795532227,
				"bytes":	37953528,
				"bits_per_second":	30362747.113952544,
				"packets":	26211,
				"omitted":	false,
				"sender":	true
			}
		}, {
			"streams":	[{
					"socket":	6,
					"start":	70.000116,
					"end":	80.000087,
					"seconds":	9.9999713897705078,
					"bytes":	59098672,
					"bits_per_second":	47279072.866512492,
					"packets":	40814,
					"omitted":	false,
					"sender":	true
				}],
			"sum":	{
				"start":	70.000116,
				"end":	80.000087,
				"seconds":	9.9999713897705078,
				"bytes":	59098672,
				"bits_per_second":	47279072.866512492,
				"packets":	40814,
				"omitted":	false,
				"sender":	true
			}
		}, {
			"streams":	[{
					"socket":	6,
					"start":	80.000087,
					"end":	90.000091,
					"seconds":	10.000003814697266,
					"bytes":	33237392,
					"bits_per_second":	26589903.4567568,
					"packets":	22954,
					"omitted":	false,
					"sender":	true
				}],
			"sum":	{
				"start":	80.000087,
				"end":	90.000091,
				"seconds":	10.000003814697266,
				"bytes":	33237392,
				"bits_per_second":	26589903.4567568,
				"packets":	22954,
				"omitted":	false,
				"sender":	true
			}
		}, {
			"streams":	[{
					"socket":	6,
					"start":	90.000091,
					"end":	100.000128,
					"seconds":	10.00003719329834,
					"bytes":	54397016,
					"bits_per_second":	43517450.944246404,
					"packets":	37567,
					"omitted":	false,
					"sender":	true
				}],
			"sum":	{
				"start":	90.000091,
				"end":	100.000128,
				"seconds":	10.00003719329834,
				"bytes":	54397016,
				"bits_per_second":	43517450.944246404,
				"packets":	37567,
				"omitted":	false,
				"sender":	true
			}
		}, {
			"streams":	[{
					"socket":	6,
					"start":	100.000128,
					"end":	110.000086,
					"seconds":	9.9999580383300781,
					"bytes":	46269392,
					"bits_per_second":	37015668.923928134,
					"packets":	31954,
					"omitted":	false,
					"sender":	true
				}],
			"sum":	{
				"start":	100.000128,
				"end":	110.000086,
				"seconds":	9.9999580383300781,
				"bytes":	46269392,
				"bits_per_second":	37015668.923928134,
				"packets":	31954,
				"omitted":	false,
				"sender":	true
			}
		}, {
			"streams":	[{
					"socket":	6,
					"start":	110.000086,
					"end":	120.00008,
					"seconds":	9.9999942779541016,
					"bytes":	37364192,
					"bits_per_second":	29891370.703979515,
					"packets":	25804,
					"omitted":	false,
					"sender":	true
				}],
			"sum":	{
				"start":	110.000086,
				"end":	120.00008,
				"seconds":	9.9999942779541016,
				"bytes":	37364192,
				"bits_per_second":	29891370.703979515,
				"packets":	25804,
				"omitted":	false,
				"sender":	true
			}
		}, {
			"streams":	[{
					"socket":	6,
					"start":	120.00008,
					"end":	130.000091,
					"seconds":	10.000011444091797,
					"bytes":	60120960,
					"bits_per_second":	48096712.957680181,
					"packets":	41520,
					"omitted":	false,
					"sender":	true
				}],
			"sum":	{
				"start":	120.00008,
				"end":	130.000091,
				"seconds":	10.000011444091797,
				"bytes":	60120960,
				"bits_per_second":	48096712.957680181,
				"packets":	41520,
				"omitted":	false,
				"sender":	true
			}
		}, {
			"streams":	[{
					"socket":	6,
					"start":	130.000091,
					"end":	140.000079,
					"seconds":	9.9999876022338867,
					"bytes":	60133992,
					"bits_per_second":	48107253.2422474,
					"packets":	41529,
					"omitted":	false,
					"sender":	true
				}],
			"sum":	{
				"start":	130.000091,
				"end":	140.000079,
				"seconds":	9.9999876022338867,
				"bytes":	60133992,
				"bits_per_second":	48107253.2422474,
				"packets":	41529,
				"omitted":	false,
				"sender":	true
			}
		}, {
			"streams":	[{
					"socket":	6,
					"start":	140.000079,
					"end":	150.000091,
					"seconds":	10.000012397766113,
					"bytes":	39565152,
					"bits_per_second":	31652082.358488593,
					"packets":	27324,
					"omitted":	false,
					"sender":	true
				}],