{
	"start":	{
		"connected":	[{
				"socket":	6,
				"local_host":	"10.20.15.3",
				"local_port":	53208,
				"remote_host":	"10.20.15.2",
				"remote_port":	5201
			}],
		"version":	"iperf 3.7",
		"system_info":	"Linux node2 5.8.0-1006-raspi #9-Ubuntu SMP PREEMPT Fri Oct 16 12:55:30 UTC 2020 aarch64",
		"timestamp":	{
			"time":	"Sun, 08 Aug 2021 12:15:53 GMT",
			"timesecs":	1628424953
		},
		"connecting_to":	{
			"host":	"10.20.15.2",
			"port":	5201
		},
		"cookie":	"cdpcfb7hfrcybgy4uny5qb3oo7iqhe4adwp6",
		"sock_bufsize":	0,
		"sndbuf_actual":	212992,
		"rcvbuf_actual":	212992,
		"test_start":	{
			"protocol":	"UDP",
			"num_streams":	1,
			"blksize":	1448,
			"omit":	0,
			"duration":	180,
			"bytes":	0,
			"blocks":	0,
			"reverse":	0,
			"tos":	0
		}
	},
	"intervals":	[{
			"streams":	[{
					"socket":	6,
					"start":	0,
					"end":	10.000045,
					"seconds":	10.000044822692871,
					"bytes":	44297216,
					"bits_per_second":	35437613.959071346,
					"packets":	30592,
					"omitted":	false,
					"sender":	true
				}],
			"sum":	{
				"start":	0,
				"end":	10.000045,
				"seconds":	10.000044822692871,
				"bytes":	44297216,
				"bits_per_second":	35437613.959071346,
				"packets":	30592,
				"omitted":	false,
				"sender":	true
			}
		}, {
			"streams":	[{
					"socket":	6,
					"start":	10.000045,
					"end":	20.000059,
					"seconds":	10.000014305114746,
					"bytes":	43332848,
					"bits_per_second":	34666228.809561908,
					"packets":	29926,
					"omitted":	false,
					"sender":	true
				}],
			"sum":	{
				"start":	10.000045,
				"end":	20.000059,
				"seconds":	10.000014305114746,
				"bytes":	43332848,
				"bits_per_second":	34666228.809561908,
				"packets":	29926,
				"omitted":	false,
				"sender":	true
			}
		}, {
			"streams":	[{
					"socket":	6,
					"start":	20.000059,
					"end":	30.000091,
					"seconds":	10.000032424926758,
					"bytes":	26343464,
					"bits_per_second":	21074702.865430314,
					"packets":	18193,
					"omitted":	false,
					"sender":	true
				}],
			"sum":	{
				"start":	20.000059,
				"end":	30.000091,
				"seconds":	10.000032424926758,
				"bytes":	26343464,
				"bits_per_second":	21074702.865430314,
				"packets":	18193,
				"omitted":	false,
				"sender":	true
			}
		}, {
			"streams":	[{
					"socket":	6,
					"start":	30.000091,
					"end":	40.000014,
					"seconds":	9.9999227523803711,
					"bytes":	19456776,
					"bits_per_second":	15565541.040099358,
					"packets":	13437,
					"omitted":	false,
					"sender":	true
				}],
			"sum":	{
				"start":	30.000091,
				"end":	40.000014,
				"seconds":	9.9999227523803711,
				"bytes":	19456776,
				"bits_per_second":	15565541.040099358,
				"packets":	13437,
				"omitted":	false,
				"sender":	true
			}
		}, {
			"streams":	[{
					"socket":	6,
					"start":	40.000014,
					"end":	50.000087,
					"seconds":	10.000073432922363,
					"bytes":	43580456,
					"bits_per_second":	34864108.782660648,
					"packets":	30097,
					"omitted":	false,
					"sender":	true
				}],
			"sum":	{
				"start":	40.000014,
				"end":	50.000087,
				"seconds":	10.000073432922363,
				"bytes":	43580456,
				"bits_per_second":	34864108.782660648,
				"packets":	30097,
				"omitted":	false,
				"sender":	true
			}
		}, {
			"streams":	[{
					"socket":	6,
					"start":	50.000087,
					"end":	60.000084,
					"seconds":	9.99999713897705,
					"bytes":	5700776,
					"bits_per_second":	4560622.1048044506,
					"packets":	3937,
					"omitted":	false,
					"sender":	true
				}],
			"sum":	{
				"start":	50.000087,
				"end":	60.000084,
				"seconds":	9.99999713897705,
				"bytes":	5700776,
				"bits_per_second":	4560622.1048044506,
				"packets":	3937,
				"omitted":	false,
				"sender":	true
			}
		}, {
			"streams":	[{
					"socket":	6,
					"start":	60.000084,
					"end":	70.00008,
					"seconds":	9.9999961853027344,
					"bytes":	41089896,
					"bits_per_second":	32871929.339645896,
					"packets":	28377,
					"omitted":	false,
					"sender":	true
				}],
			"sum":	{
				"start":	60.000084,
				"end":	70.00008,
				"seconds":	9.9999961853027344,
				"bytes":	41089896,
				"bits_per_second":	32871929.339645896,
				"packets":	28377,
				"omitted":	false,
				"sender":	true
			}
		}, {
			"streams":	[{
					"socket":	6,
					"start":	70.00008,
					"end":	80.00002,
					"seconds":	9.9999399185180664,
					"bytes":	26349256,
					"bits_per_second":	21079531.448948793,
					"packets":	18197,
					"omitted":	false,
					"sender":	true
				}],
			"sum":	{
				"start":	70.00008,
				"end":	80.00002,
				"seconds":	9.9999399185180664,
				"bytes":	26349256,
				"bits_per_second":	21079531.448948793,
				"packets":	18197,
				"omitted":	false,
				"sender":	true
			}
		}, {
			"streams":	[{
					"socket":	6,
					"start":	80.00002,
					"end":	90.000089,
					"seconds":	10.000068664550781,
					"bytes":	22847992,
					"bits_per_second":	18278268.093093231,
					"packets":	15779,
					"omitted":	false,
					"sender":	true
				}],
			"sum":	{
				"start":	80.00002,
				"end":	90.000089,
				"seconds":	10.000068664550781,
				"bytes":	22847992,
				"bits_per_second":	18278268.093093231,
				"packets":	15779,
				"omitted":	false,
				"sender":	true
			}
		}, {
			"streams":	[{
					"socket":	6,
					"start":	90.000089,
					"end":	100.000088,
					"seconds":	9.9999990463256836,
					"bytes":	41619864,
					"bits_per_second":	33295894.37534393,
					"packets":	28743,
					"omitted":	false,
					"sender":	true
				}],
			"sum":	{
				"start":	90.000089,
				"end":	100.000088,
				"seconds":	9.9999990463256836,
				"bytes":	41619864,
				"bits_per_second":	33295894.37534393,
				"packets":	28743,
				"omitted":	false,
				"sender":	true
			}
		}, {
			"streams":	[{
					"socket":	6,
					"start":	100.000088,
					"end":	110.000094,
					"seconds":	10.000005722045898,
					"bytes":	4012408,
					"bits_per_second":	3209924.5632664319,
					"packets":	2771,
					"omitted":	false,
					"sender":	true
				}],
			"sum":	{
				"start":	100.000088,
				"end":	110.000094,
				"seconds":	10.000005722045898,
				"bytes":	4012408,
				"bits_per_second":	3209924.5632664319,
				"packets":	2771,
				"omitted":	false,
				"sender":	true
			}
		}, {
			"streams":	[{
					"socket":	6,
					"start":	110.000094,
					"end":	120.000112,
					"seconds":	10.000018119812012,
					"bytes":	44759128,
					"bits_per_second":	35807237.517958753,
					"packets":	30911,
					"omitted":	false,
					"sender":	true
				}],
			"sum":	{
				"start":	110.000094,
				"end":	120.000112,
				"seconds":	10.000018119812012,
				"bytes":	44759128,
				"bits_per_second":	35807237.517958753,
				"packets":	30911,
				"omitted":	false,
				"sender":	true
			}
		}, {
			"streams":	[{
					"socket":	6,
					"start":	120.000112,
					"end":	130.000089,
					"seconds":	9.9999771118164062,
					"bytes":	20080864,
					"bits_per_second":	16064727.969244314,
					"packets":	13868,
					"omitted":	false,
					"sender":	true
				}],
			"sum":	{
				"start":	120.000112,
				"end":	130.000089,
				"seconds":	9.9999771118164062,
				"bytes":	20080864,
				"bits_per_second":	16064727.969244314,
				"packets":	13868,
				"omitted":	false,
				"sender":	true
			}
		}, {
			"streams":	[{
					"socket":	6,
					"start":	130.000089,
					"end":	140.000051,
					"seconds":	9.9999618530273438,
					"bytes":	24756456,
					"bits_per_second":	19805240.350996211,
					"packets":	17097,
					"omitted":	false,
					"sender":	true
				}],
			"sum":	{
				"start":	130.000089,
				"end":	140.000051,
				"seconds":	9.9999618530273438,
				"bytes":	24756456,
				"bits_per_second":	19805240.350996211,
				"packets":	17097,
				"omitted":	false,
				"sender":	true
			}
		}, {
			"streams":	[{
					"socket":	6,
					"start":	140.000051,
					"end":	150.000272,
					"seconds":	10.000221252441406,
					"bytes":	37897056,
					"bits_per_second":	30316974.029547993,
					"packets":	26172,
					"omitted":	false,
					"sender":	true
				}],
			"sum":	{
				"start":	140.000051,