{
	"start":	{
		"connected":	[{
				"socket":	6,
				"local_host":	"10.20.15.3",
				"local_port":	55096,
				"remote_host":	"10.20.15.2",
				"remote_port":	5201
			}],
		"version":	"iperf 3.7",
		"system_info":	"Linux node2 5.8.0-1006-raspi #9-Ubuntu SMP PREEMPT Fri Oct 16 12:55:30 UTC 2020 aarch64",
		"timestamp":	{
			"time":	"Sun, 08 Aug 2021 08:21:31 GMT",
			"timesecs":	1628410891
		},
		"connecting_to":	{
			"host":	"10.20.15.2",
			"port":	5201
		},
		"cookie":	"75p6vtjs6hdufklpxjphe4lsu6woba3fmsxg",
		"sock_bufsize":	0,
		"sndbuf_actual":	212992,
		"rcvbuf_actual":	212992,
		"test_start":	{
			"protocol":	"UDP",
			"num_streams":	1,
			"blksize":	1448,
			"omit":	0,
			"duration":	180,
			"bytes":	0,
			"blocks":	0,
			"reverse":	0,
			"tos":	0
		}
	},
	"intervals":	[{
			"streams":	[{
					"socket":	6,
					"start":	0,
					"end":	10.000023,
					"seconds":	10.000022888183594,
					"bytes":	31478072,
					"bits_per_second":	25182399.962060634,
					"packets":	21739,
					"omitted":	false,
					"sender":	true
				}],
			"sum":	{
				"start":	0,
				"end":	10.000023,
				"seconds":	10.000022888183594,
				"bytes":	31478072,
				"bits_per_second":	25182399.962060634,
				"packets":	21739,
				"omitted":	false,
				"sender":	true
			}
		}, {
			"streams":	[{
					"socket":	6,
					"start":	10.000023,
					"end":	20.000176,
					"seconds":	10.000152587890625,
					"bytes":	59221752,
					"bits_per_second":	47376678.6892534,
					"packets":	40899,
					"omitted":	false,
					"sender":	true
				}],
			"sum":	{
				"start":	10.000023,
				"end":	20.000176,
				"seconds":	10.000152587890625,
				"bytes":	59221752,
				"bits_per_second":	47376678.6892534,
				"packets":	40899,
				"omitted":	false,
				"sender":	true
			}
		}, {
			"streams":	[{
					"socket":	6,
					"start":	20.000176,
					"end":	30.000078,
					"seconds":	9.99990177154541,
					"bytes":	33243184,
					"bits_per_second":	26594808.436693285,
					"packets":	22958,
					"omitted":	false,
					"sender":	true
				}],
			"sum":	{
				"start":	20.000176,
				"end":	30.000078,
				"seconds":	9.99990177154541,
				"bytes":	33243184,
				"bits_per_second":	26594808.436693285,
				"packets":	22958,
				"omitted":	false,
				"sender":	true
			}
		}, {
			"streams":	[{
					"socket":	6,
					"start":	30.000078,
					"end":	40.000113,
					"seconds":	10.000035285949707,
					"bytes":	28593656,
					"bits_per_second":	22874844.083940208,
					"packets":	19747,
					"omitted":	false,
					"sender":	true
				}],
			"sum":	{
				"start":	30.000078,
				"end":	40.000113,
				"seconds":	10.000035285949707,
				"bytes":	28593656,
				"bits_per_second":	22874844.083940208,
				"packets":	19747,
				"omitted":	false,
				"sender":	true
			}
		}, {
			"streams":	[{
					"socket":	6,
					"start":	40.000113,
					"end":	50.000016,
					"seconds":	9.9999027252197266,
					"bytes":	58499200,
					"bits_per_second":	46799815.244174473,
					"packets":	40400,
					"omitted":	false,
					"sender":	true
				}],
			"sum":	{
				"start":	40.000113,
				"end":	50.000016,
				"seconds":	9.9999027252197266,
				"bytes":	58499200,
				"bits_per_second":	46799815.244174473,
				"packets":	40400,
				"omitted":	false,
				"sender":	true
			}
		}, {
			"streams":	[{
					"socket":	6,
					"start":	50.000016,
					"end":	60.002124,
					"seconds":	10.002107620239258,
					"bytes":	35590392,
					"bits_per_second":	28466313.982051436,
					"packets":	24579,
					"omitted":	false,
					"sender":	true
				}],
			"sum":	{
				"start":	50.000016,
				"end":	60.002124,
				"seconds":	10.002107620239258,
				"bytes":	35590392,
				"bits_per_second":	28466313.982051436,
				"packets":	24579,
				"omitted":	false,
				"sender":	true
			}
		}, {
			"streams":	[{
					"socket":	6,
					"start":	60.002124,
					"end":	70.000038,
					"seconds":	9.99791431427002,
					"bytes":	22765456,
					"bits_per_second":	18216164.119355872,
					"packets":	15722,
					"omitted":	false,
					"sender":	true
				}],
			"sum":	{
				"start":	60.002124,
				"end":	70.000038,
				"seconds":	9.99791431427002,
				"bytes":	22765456,
				"bits_per_second":	18216164.119355872,
				"packets":	15722,
				"omitted":	false,
				"sender":	true
			}
		}, {
			"streams":	[{
					"socket":	6,
					"start":	70.000038,
					"end":	80.000018,
					"seconds":	9.9999799728393555,
					"bytes":	59026272,
					"bits_per_second":	47221112.170479923,
					"packets":	40764,
					"omitted":	false,
					"sender":	true
				}],
			"sum":	{
				"start":	70.000038,
				"end":	80.000018,
				"seconds":	9.9999799728393555,
				"bytes":	59026272,
				"bits_per_second":	47221112.170479923,
				"packets":	40764,
				"omitted":	false,
				"sender":	true
			}
		}, {
			"streams":	[{
					"socket":	6,
					"start":	80.000018,
					"end":	90.000086,
					"seconds":	10.000067710876465,
					"bytes":	40132768,
					"bits_per_second":	32105997.007480286,
					"packets":	27716,
					"omitted":	false,
					"sender":	true
				}],
			"sum":	{
				"start":	80.000018,
				"end":	90.000086,
				"seconds":	10.000067710876465,
				"bytes":	40132768,
				"bits_per_second":	32105997.007480286,
				"packets":	27716,
				"omitted":	false,
				"sender":	true
			}
		}, {
			"streams":	[{
					"socket":	6,
					"start":	90.000086,
					"end":	100.00008,
					"seconds":	9.9999942779541016,
					"bytes":	16770736,
					"bits_per_second":	13416596.477038084,
					"packets":	11582,
					"omitted":	false,
					"sender":	true
				}],
			"sum":	{
				"start":	90.000086,
				"end":	100.00008,
				"seconds":	9.9999942779541016,
				"bytes":	16770736,
				"bits_per_second":	13416596.477038084,
				"packets":	11582,
				"omitted":	false,
				"sender":	true
			}
		}, {
			"streams":	[{
					"socket":	6,
					"start":	100.00008,
					"end":	110.00008,
					"seconds":	10,
					"bytes":	59275328,
					"bits_per_second":	47420262.4,
					"packets":	40936,
					"omitted":	false,
					"sender":	true
				}],
			"sum":	{
				"start":	100.00008,
				"end":	110.00008,
				"seconds":	10,
				"bytes":	59275328,
				"bits_per_second":	47420262.4,
				"packets":	40936,
				"omitted":	false,
				"sender":	true
			}
		}, {
			"streams":	[{
					"socket":	6,
					"start":	110.00008,
					"end":	120.000086,
					"seconds":	10.000005722045898,
					"bytes":	46658904,
					"bits_per_second":	37327101.841261,
					"packets":	32223,
					"omitted":	false,
					"sender":	true
				}],
			"sum":	{
				"start":	110.00008,
				"end":	120.000086,
				"seconds":	10.000005722045898,
				"bytes":	46658904,
				"bits_per_second":	37327101.841261,
				"packets":	32223,
				"omitted":	false,
				"sender":	true
			}
		}, {
			"streams":	[{
					"socket":	6,
					"start":	120.000086,
					"end":	130.000082,
					"seconds":	9.9999961853027344,
					"bytes":	16263936,
					"bits_per_second":	13011153.763361268,
					"packets":	11232,
					"omitted":	false,
					"sender":	true
				}],
			"sum":	{
				"start":	120.000086,
				"end":	130.000082,
				"seconds":	9.9999961853027344,
				"bytes":	16263936,
				"bits_per_second":	13011153.763361268,
				"packets":	11232,
				"omitted":	false,
				"sender":	true
			}
		}, {
			"streams":	[{
					"socket":	6,
					"start":	130.000082,
					"end":	140.000095,
					"seconds":	10.00001335144043,
					"bytes":	60116616,
					"bits_per_second":	48093228.58861234,
					"packets":	41517,
					"omitted":	false,
					"sender":	true
				}],
			"sum":	{
				"start":	130.000082,
				"end":	140.000095,
				"seconds":	10.00001335144043,
				"bytes":	60116616,
				"bits_per_second":	48093228.58861234,
				"packets":	41517,
				"omitted":	false,
				"sender":	true
			}
		}, {
			"streams":	[{
					"socket":	6,
					"start":	140.000095,
					"end":	150.000112,
					"seconds":	10.000017166137695,
					"bytes":	51059376,
					"bits_per_second":	40847430.680738047,
					"packets":	35262,
					"omitted":	false,
					"sender":	true
				}],
			"sum":	{
				"start":	140.000095,
				"end":	150.000112,