{
	"start":	{
		"connected":	[{
				"socket":	6,
				"local_host":	"10.20.15.3",
				"local_port":	42742,
				"remote_host":	"10.20.15.2",
				"remote_port":	5201
			}],
		"version":	"iperf 3.7",
		"system_info":	"Linux node2 5.8.0-1006-raspi #9-Ubuntu SMP PREEMPT Fri Oct 16 12:55:30 UTC 2020 aarch64",
		"timestamp":	{
			"time":	"Sun, 08 Aug 2021 08:39:19 GMT",
			"timesecs":	1628411959
		},
		"connecting_to":	{
			"host":	"10.20.15.2",
			"port":	5201
		},
		"cookie":	"7gtnvehl6n7cyow6qxkltyyw4ylthgon375j",
		"sock_bufsize":	0,
		"sndbuf_actual":	212992,
		"rcvbuf_actual":	212992,
		"test_start":	{
			"protocol":	"UDP",
			"num_streams":	1,
			"blksize":	1448,
			"omit":	0,
			"duration":	180,
			"bytes":	0,
			"blocks":	0,
			"reverse":	0,
			"tos":	0
		}
	},
	"intervals":	[{
			"streams":	[{
					"socket":	6,
					"start":	0,
					"end":	10.0001,
					"seconds":	10.000100135803223,
					"bytes":	48526824,
					"bits_per_second":	38821070.462092735,
					"packets":	33513,
					"omitted":	false,
					"sender":	true
				}],
			"sum":	{
				"start":	0,
				"end":	10.0001,
				"seconds":	10.000100135803223,
				"bytes":	48526824,
				"bits_per_second":	38821070.462092735,
				"packets":	33513,
				"omitted":	false,
				"sender":	true
			}
		}, {
			"streams":	[{
					"socket":	6,
					"start":	10.0001,
					"end":	20.000091,
					"seconds":	9.9999914169311523,
					"bytes":	40070504,
					"bits_per_second":	32056430.714255184,
					"packets":	27673,
					"omitted":	false,
					"sender":	true
				}],
			"sum":	{
				"start":	10.0001,
				"end":	20.000091,
				"seconds":	9.9999914169311523,
				"bytes":	40070504,
				"bits_per_second":	32056430.714255184,
				"packets":	27673,
				"omitted":	false,
				"sender":	true
			}
		}, {
			"streams":	[{
					"socket":	6,
					"start":	20.000091,
					"end":	30.003603,
					"seconds":	10.003512382507324,
					"bytes":	60005120,
					"bits_per_second":	47987241.045397736,
					"packets":	41440,
					"omitted":	false,
					"sender":	true
				}],
			"sum":	{
				"start":	20.000091,
				"end":	30.003603,
				"seconds":	10.003512382507324,
				"bytes":	60005120,
				"bits_per_second":	47987241.045397736,
				"packets":	41440,
				"omitted":	false,
				"sender":	true
			}
		}, {
			"streams":	[{
					"socket":	6,
					"start":	30.003603,
					"end":	40.000012,
					"seconds":	9.99640941619873,
					"bytes":	59401304,
					"bits_per_second":	47538112.157545581,
					"packets":	41023,
					"omitted":	false,
					"sender":	true
				}],
			"sum":	{
				"start":	30.003603,
				"end":	40.000012,
				"seconds":	9.99640941619873,
				"bytes":	59401304,
				"bits_per_second":	47538112.157545581,
				"packets":	41023,
				"omitted":	false,
				"sender":	true
			}
		}, {
			"streams":	[{
					"socket":	6,
					"start":	40.000012,
					"end":	50.000133,
					"seconds":	10.000121116638184,
					"bytes":	42568304,
					"bits_per_second":	34054230.746605605,
					"packets":	29398,
					"omitted":	false,
					"sender":	true
				}],
			"sum":	{
				"start":	40.000012,
				"end":	50.000133,
				"seconds":	10.000121116638184,
				"bytes":	42568304,
				"bits_per_second":	34054230.746605605,
				"packets":	29398,
				"omitted":	false,
				"sender":	true
			}
		}, {
			"streams":	[{
					"socket":	6,
					"start":	50.000133,
					"end":	60.000086,
					"seconds":	9.9999532699584961,
					"bytes":	29714408,
					"bits_per_second":	23771637.484960631,
					"packets":	20521,
					"omitted":	false,
					"sender":	true
				}],
			"sum":	{
				"start":	50.000133,
				"end":	60.000086,
				"seconds":	9.9999532699584961,
				"bytes":	29714408,
				"bits_per_second":	23771637.484960631,
				"packets":	20521,
				"omitted":	false,
				"sender":	true
			}
		}, {
			"streams":	[{
					"socket":	6,
					"start":	60.000086,
					"end":	70.000095,
					"seconds":	10.000008583068848,
					"bytes":	60454000,
					"bits_per_second":	48363158.4895681,
					"packets":	41750,
					"omitted":	false,
					"sender":	true
				}],
			"sum":	{
				"start":	60.000086,
				"end":	70.000095,
				"seconds":	10.000008583068848,
				"bytes":	60454000,
				"bits_per_second":	48363158.4895681,
				"packets":	41750,
				"omitted":	false,
				"sender":	true
			}
		}, {
			"streams":	[{
					"socket":	6,
					"start":	70.000095,
					"end":	80.000083,
					"seconds":	9.9999876022338867,
					"bytes":	58299376,
					"bits_per_second":	46639558.622633941,
					"packets":	40262,
					"omitted":	false,
					"sender":	true
				}],
			"sum":	{
				"start":	70.000095,
				"end":	80.000083,
				"seconds":	9.9999876022338867,
				"bytes":	58299376,
				"bits_per_second":	46639558.622633941,
				"packets":	40262,
				"omitted":	false,
				"sender":	true
			}
		}, {
			"streams":	[{
					"socket":	6,
					"start":	80.000083,
					"end":	90.000089,
					"seconds":	10.000005722045898,
					"bytes":	58878576,
					"bits_per_second":	47102833.847542278,
					"packets":	40662,
					"omitted":	false,
					"sender":	true
				}],
			"sum":	{
				"start":	80.000083,
				"end":	90.000089,
				"seconds":	10.000005722045898,
				"bytes":	58878576,
				"bits_per_second":	47102833.847542278,
				"packets":	40662,
				"omitted":	false,
				"sender":	true
			}
		}, {
			"streams":	[{
					"socket":	6,
					"start":	90.000089,
					"end":	100.000081,
					"seconds":	9.9999923706054688,
					"bytes":	40942200,
					"bits_per_second":	32753784.989154808,
					"packets":	28275,
					"omitted":	false,
					"sender":	true
				}],
			"sum":	{
				"start":	90.000089,
				"end":	100.000081,
				"seconds":	9.9999923706054688,
				"bytes":	40942200,
				"bits_per_second":	32753784.989154808,
				"packets":	28275,
				"omitted":	false,
				"sender":	true
			}
		}, {
			"streams":	[{
					"socket":	6,
					"start":	100.000081,
					"end":	110.00008,
					"seconds":	9.9999990463256836,
					"bytes":	30156048,
					"bits_per_second":	24124840.700724095,
					"packets":	20826,
					"omitted":	false,
					"sender":	true
				}],
			"sum":	{
				"start":	100.000081,
				"end":	110.00008,
				"seconds":	9.9999990463256836,
				"bytes":	30156048,
				"bits_per_second":	24124840.700724095,
				"packets":	20826,
				"omitted":	false,
				"sender":	true
			}
		}, {
			"streams":	[{
					"socket":	6,
					"start":	110.00008,
					"end":	120.000511,
					"seconds":	10.000431060791016,
					"bytes":	60495992,
					"bits_per_second":	48394707.49391067,
					"packets":	41779,
					"omitted":	false,
					"sender":	true
				}],
			"sum":	{
				"start":	110.00008,
				"end":	120.000511,
				"seconds":	10.000431060791016,
				"bytes":	60495992,
				"bits_per_second":	48394707.49391067,
				"packets":	41779,
				"omitted":	false,
				"sender":	true
			}
		}, {
			"streams":	[{
					"socket":	6,
					"start":	120.000511,
					"end":	130.00008,
					"seconds":	9.9995689392089844,
					"bytes":	60314992,
					"bits_per_second":	48254073.643915467,
					"packets":	41654,
					"omitted":	false,
					"sender":	true
				}],
			"sum":	{
				"start":	120.000511,
				"end":	130.00008,
				"seconds":	9.9995689392089844,
				"bytes":	60314992,
				"bits_per_second":	48254073.643915467,
				"packets":	41654,
				"omitted":	false,
				"sender":	true
			}
		}, {
			"streams":	[{
					"socket":	6,
					"start":	130.00008,
					"end":	140.000079,
					"seconds":	9.9999990463256836,
					"bytes":	60008016,
					"bits_per_second":	48006417.378248729,
					"packets":	41442,
					"omitted":	false,
					"sender":	true
				}],
			"sum":	{
				"start":	130.00008,
				"end":	140.000079,
				"seconds":	9.9999990463256836,
				"bytes":	60008016,
				"bits_per_second":	48006417.378248729,
				"packets":	41442,
				"omitted":	false,
				"sender":	true
			}
		}, {
			"streams":	[{
					"socket":	6,
					"start":	140.000079,
					"end":	150.000082,
					"seconds":	10.000002861022949,
					"bytes":	38720968,
					"bits_per_second":	30976765.53747629,
					"packets":	26741,
					"omitted":	false,
					"sender":	true
				}],
			"sum":	{
				"start":	140.000079,