{
	"start":	{
		"connected":	[{
				"socket":	6,
				"local_host":	"10.20.15.3",
				"local_port":	53630,
				"remote_host":	"10.20.15.2",
				"remote_port":	5201
			}],
		"version":	"iperf 3.7",
		"system_info":	"Linux node2 5.8.0-1006-raspi #9-Ubuntu SMP PREEMPT Fri Oct 16 12:55:30 UTC 2020 aarch64",
		"timestamp":	{
			"time":	"Sun, 08 Aug 2021 09:10:04 GMT",
			"timesecs":	1628413804
		},
		"connecting_to":	{
			"host":	"10.20.15.2",
			"port":	5201
		},
		"cookie":	"4ujhdapxephshddakwer4p5kfiw6z5blslks",
		"sock_bufsize":	0,
		"sndbuf_actual":	212992,
		"rcvbuf_actual":	212992,
		"test_start":	{
			"protocol":	"UDP",
			"num_streams":	1,
			"blksize":	1448,
			"omit":	0,
			"duration":	30,
			"bytes":	0,
			"blocks":	0,
			"reverse":	0,
			"tos":	0
		}
	},
	"intervals":	[{
			"streams":	[{
					"socket":	6,
					"start":	0,
					"end":	10.000015,
					"seconds":	10.000015258789062,
					"bytes":	48855520,
					"bits_per_second":	39084356.362005062,
					"packets":	33740,
					"omitted":	false,
					"sender":	true
				}],
			"sum":	{
				"start":	0,
				"end":	10.000015,
				"seconds":	10.000015258789062,
				"bytes":	48855520,
				"bits_per_second":	39084356.362005062,
				"packets":	33740,
				"omitted":	false,
				"sender":	true
			}
		}, {
			"streams":	[{
					"socket":	6,
					"start":	10.000015,
					"end":	20.000115,
					"seconds":	10.000100135803223,
					"bytes":	48487728,
					"bits_per_second":	38789793.975282341,
					"packets":	33486,
					"omitted":	false,
					"sender":	true
				}],
			"sum":	{
				"start":	10.000015,
				"end":	20.000115,
				"seconds":	10.000100135803223,
				"bytes":	48487728,
				"bits_per_second":	38789793.975282341,
				"packets":	33486,
				"omitted":	false,
				"sender":	true
			}
		}, {
			"streams":	[{
					"socket":	6,
					"start":	20.000115,
					"end":	30.00011,
					"seconds":	9.999995231628418,
					"bytes":	48741128,
					"bits_per_second":	38992920.993273638,
					"packets":	33661,
					"omitted":	false,
					"sender":	true
				}],
			"sum":	{
				"start":	20.000115,
				"end":	30.00011,
				"seconds":	9.999995231628418,
				"bytes":	48741128,
				"bits_per_second":	38992920.993273638,
				"packets":	33661,
				"omitted":	false,
				"sender":	true
			}
		}],
	"end":	{
		"streams":	[{
				"udp":	{
					"socket":	6,
					"start":	0,
					"end":	30.00011,
					"seconds":	30.00011,
					"bytes":	146084376,
					"bits_per_second":	38955690.762467206,
					"jitter_ms":	0.79879264519613158,
					"lost_packets":	4197,
					"packets":	100887,
					"lost_percent":	4.1600999137649053,
					"out_of_order":	0,
					"sender":	true
				}
			}],
		"sum":	{
			"start":	0,
			"end":	30.006028,
			"seconds":	30.006028,
			"bytes":	146084376,
			"bits_per_second":	38955690.762467206,
			"jitter_ms":	0.79879264519613158,
			"lost_packets":	4197,
			"packets":	100887,
			"lost_percent":	4.1600999137649053,
			"sender":	true
		},
		"cpu_utilization_percent":	{
			"host_total":	23.162498072479053,
			"host_user":	5.1663026913907908,
			"host_system":	17.996192048439124,
			"remote_total":	14.910534136846934,
			"remote_user":	1.2796304079067189,
			"remote_system":	13.630903728940213
		}
	}
}
