{
	"start":	{
		"connected":	[{
				"socket":	6,
				"local_host":	"10.20.15.3",
				"local_port":	36550,
				"remote_host":	"10.20.15.2",
				"remote_port":	5201
			}],
		"version":	"iperf 3.7",
		"system_info":	"Linux node2 5.8.0-1006-raspi #9-Ubuntu SMP PREEMPT Fri Oct 16 12:55:30 UTC 2020 aarch64",
		"timestamp":	{
			"time":	"Sun, 08 Aug 2021 09:25:18 GMT",
			"timesecs":	1628414718
		},
		"connecting_to":	{
			"host":	"10.20.15.2",
			"port":	5201
		},
		"cookie":	"no4cwsffu7hyamgyf3xwdxxa3epnn4zojdby",
		"sock_bufsize":	0,
		"sndbuf_actual":	212992,
		"rcvbuf_actual":	212992,
		"test_start":	{
			"protocol":	"UDP",
			"num_streams":	1,
			"blksize":	1448,
			"omit":	0,
			"duration":	30,
			"bytes":	0,
			"blocks":	0,
			"reverse":	0,
			"tos":	0
		}
	},
	"intervals":	[{
			"streams":	[{
					"socket":	6,
					"start":	0,
					"end":	10.000036,
					"seconds":	10.000036239624023,
					"bytes":	41669096,
					"bits_per_second":	33335155.994648,
					"packets":	28777,
					"omitted":	false,
					"sender":	true
				}],
			"sum":	{
				"start":	0,
				"end":	10.000036,
				"seconds":	10.000036239624023,
				"bytes":	41669096,
				"bits_per_second":	33335155.994648,
				"packets":	28777,
				"omitted":	false,
				"sender":	true
			}
		}, {
			"streams":	[{
					"socket":	6,
					"start":	10.000036,
					"end":	20.000046,
					"seconds":	10.000009536743164,
					"bytes":	37808728,
					"bits_per_second":	30246953.554257248,
					"packets":	26111,
					"omitted":	false,
					"sender":	true
				}],
			"sum":	{
				"start":	10.000036,
				"end":	20.000046,
				"seconds":	10.000009536743164,
				"bytes":	37808728,
				"bits_per_second":	30246953.554257248,
				"packets":	26111,
				"omitted":	false,
				"sender":	true
			}
		}, {
			"streams":	[{
					"socket":	6,
					"start":	20.000046,
					"end":	30.000122,
					"seconds":	10.000076293945312,
					"bytes":	37665376,
					"bits_per_second":	30132070.91054298,
					"packets":	26012,
					"omitted":	false,
					"sender":	true
				}],
			"sum":	{
				"start":	20.000046,
				"end":	30.000122,
				"seconds":	10.000076293945312,
				"bytes":	37665376,
				"bits_per_second":	30132070.91054298,
				"packets":	26012,
				"omitted":	false,
				"sender":	true
			}
		}],
	"end":	{
		"streams":	[{
				"udp":	{
					"socket":	6,
					"start":	0,
					"end":	30.000122,
					"seconds":	30.000122,
					"bytes":	117143200,
					"bits_per_second":	31238059.63189083,
					"jitter_ms":	0.60185632642534426,
					"lost_packets":	7337,
					"packets":	80900,
					"lost_percent":	9.0692212608158211,
					"out_of_order":	0,
					"sender":	true
				}
			}],
		"sum":	{
			"start":	0,
			"end":	30.00508,
			"seconds":	30.00508,
			"bytes":	117143200,
			"bits_per_second":	31238059.63189083,
			"jitter_ms":	0.60185632642534426,
			"lost_packets":	7337,
			"packets":	80900,
			"lost_percent":	9.0692212608158211,
			"sender":	true
		},
		"cpu_utilization_percent":	{
			"host_total":	19.152290158182275,
			"host_user":	1.2856589922900781,
			"host_system":	17.866621168803018,
			"remote_total":	11.298869469144538,
			"remote_user":	0.9863926101284316,
			"remote_system":	10.31248019015189
		}
	}
}
