{
	"start":	{
		"connected":	[{
				"socket":	6,
				"local_host":	"10.20.15.3",
				"local_port":	54814,
				"remote_host":	"10.20.15.2",
				"remote_port":	5201
			}],
		"version":	"iperf 3.7",
		"system_info":	"Linux node2 5.8.0-1006-raspi #9-Ubuntu SMP PREEMPT Fri Oct 16 12:55:30 UTC 2020 aarch64",
		"timestamp":	{
			"time":	"Sun, 08 Aug 2021 09:24:48 GMT",
			"timesecs":	1628414688
		},
		"connecting_to":	{
			"host":	"10.20.15.2",
			"port":	5201
		},
		"cookie":	"xhrwkdfoebpnr3w7bn6mcbq6eehcs7i525cz",
		"sock_bufsize":	0,
		"sndbuf_actual":	212992,
		"rcvbuf_actual":	212992,
		"test_start":	{
			"protocol":	"UDP",
			"num_streams":	1,
			"blksize":	1448,
			"omit":	0,
			"duration":	30,
			"bytes":	0,
			"blocks":	0,
			"reverse":	0,
			"tos":	0
		}
	},
	"intervals":	[{
			"streams":	[{
					"socket":	6,
					"start":	0,
					"end":	10.000265,
					"seconds":	10.000265121459961,
					"bytes":	41753080,
					"bits_per_second":	33401578.452475566,
					"packets":	28835,
					"omitted":	false,
					"sender":	true
				}],
			"sum":	{
				"start":	0,
				"end":	10.000265,
				"seconds":	10.000265121459961,
				"bytes":	41753080,
				"bits_per_second":	33401578.452475566,
				"packets":	28835,
				"omitted":	false,
				"sender":	true
			}
		}, {
			"streams":	[{
					"socket":	6,
					"start":	10.000265,
					"end":	20.000045,
					"seconds":	9.99977970123291,
					"bytes":	36950064,
					"bits_per_second":	29560702.418629713,
					"packets":	25518,
					"omitted":	false,
					"sender":	true
				}],
			"sum":	{
				"start":	10.000265,
				"end":	20.000045,
				"seconds":	9.99977970123291,
				"bytes":	36950064,
				"bits_per_second":	29560702.418629713,
				"packets":	25518,
				"omitted":	false,
				"sender":	true
			}
		}, {
			"streams":	[{
					"socket":	6,
					"start":	20.000045,
					"end":	30.000113,
					"seconds":	10.000067710876465,
					"bytes":	38395168,
					"bits_per_second":	30715926.419770069,
					"packets":	26516,
					"omitted":	false,
					"sender":	true
				}],
			"sum":	{
				"start":	20.000045,
				"end":	30.000113,
				"seconds":	10.000067710876465,
				"bytes":	38395168,
				"bits_per_second":	30715926.419770069,
				"packets":	26516,
				"omitted":	false,
				"sender":	true
			}
		}],
	"end":	{
		"streams":	[{
				"udp":	{
					"socket":	6,
					"start":	0,
					"end":	30.000113,
					"seconds":	30.000113,
					"bytes":	117098312,
					"bits_per_second":	31226098.915027421,
					"jitter_ms":	0.7332441798059306,
					"lost_packets":	7373,
					"packets":	80869,
					"lost_percent":	9.1172142600996668,
					"out_of_order":	0,
					"sender":	true
				}
			}],
		"sum":	{
			"start":	0,
			"end":	30.00348,
			"seconds":	30.00348,
			"bytes":	117098312,
			"bits_per_second":	31226098.915027421,
			"jitter_ms":	0.7332441798059306,
			"lost_packets":	7373,
			"packets":	80869,
			"lost_percent":	9.1172142600996668,
			"sender":	true
		},
		"cpu_utilization_percent":	{
			"host_total":	18.988119693411573,
			"host_user":	1.5702848076494418,
			"host_system":	17.417838218143626,
			"remote_total":	11.288475241980542,
			"remote_user":	1.1595656512012049,
			"remote_system":	10.128909590779339
		}
	}
}
