{
	"start":	{
		"connected":	[{
				"socket":	6,
				"local_host":	"10.20.15.3",
				"local_port":	57797,
				"remote_host":	"10.20.15.2",
				"remote_port":	5201
			}],
		"version":	"iperf 3.7",
		"system_info":	"Linux node2 5.8.0-1006-raspi #9-Ubuntu SMP PREEMPT Fri Oct 16 12:55:30 UTC 2020 aarch64",
		"timestamp":	{
			"time":	"Sun, 08 Aug 2021 09:11:04 GMT",
			"timesecs":	1628413864
		},
		"connecting_to":	{
			"host":	"10.20.15.2",
			"port":	5201
		},
		"cookie":	"vabygdgb2df6yv5yhgq5v6w5ohb7g6an653h",
		"sock_bufsize":	0,
		"sndbuf_actual":	212992,
		"rcvbuf_actual":	212992,
		"test_start":	{
			"protocol":	"UDP",
			"num_streams":	1,
			"blksize":	1448,
			"omit":	0,
			"duration":	30,
			"bytes":	0,
			"blocks":	0,
			"reverse":	0,
			"tos":	0
		}
	},
	"intervals":	[{
			"streams":	[{
					"socket":	6,
					"start":	0,
					"end":	10.000079,
					"seconds":	10.000079154968262,
					"bytes":	45800240,
					"bits_per_second":	36639901.976972193,
					"packets":	31630,
					"omitted":	false,
					"sender":	true
				}],
			"sum":	{
				"start":	0,
				"end":	10.000079,
				"seconds":	10.000079154968262,
				"bytes":	45800240,
				"bits_per_second":	36639901.976972193,
				"packets":	31630,
				"omitted":	false,
				"sender":	true
			}
		}, {
			"streams":	[{
					"socket":	6,
					"start":	10.000079,
					"end":	20.003613,
					"seconds":	10.003534317016602,
					"bytes":	45289096,
					"bits_per_second":	36218476.0423808,
					"packets":	31277,
					"omitted":	false,
					"sender":	true
				}],
			"sum":	{
				"start":	10.000079,
				"end":	20.003613,
				"seconds":	10.003534317016602,
				"bytes":	45289096,
				"bits_per_second":	36218476.0423808,
				"packets":	31277,
				"omitted":	false,
				"sender":	true
			}
		}, {
			"streams":	[{
					"socket":	6,
					"start":	20.003613,
					"end":	30.000074,
					"seconds":	9.9964609146118164,
					"bytes":	45241312,
					"bits_per_second":	36205863.164129071,
					"packets":	31244,
					"omitted":	false,
					"sender":	true
				}],
			"sum":	{
				"start":	20.003613,
				"end":	30.000074,
				"seconds":	9.9964609146118164,
				"bytes":	45241312,
				"bits_per_second":	36205863.164129071,
				"packets":	31244,
				"omitted":	false,
				"sender":	true
			}
		}],
	"end":	{
		"streams":	[{
				"udp":	{
					"socket":	6,
					"start":	0,
					"end":	30.000074,
					"seconds":	30.000074,
					"bytes":	136330648,
					"bits_per_second":	36354749.791617177,
					"jitter_ms":	0.22193269924412895,
					"lost_packets":	4154,
					"packets":	94151,
					"lost_percent":	4.4120614757145438,
					"out_of_order":	0,
					"sender":	true
				}
			}],
		"sum":	{
			"start":	0,
			"end":	30.003073,
			"seconds":	30.003073,
			"bytes":	136330648,
			"bits_per_second":	36354749.791617177,
			"jitter_ms":	0.22193269924412895,
			"lost_packets":	4154,
			"packets":	94151,
			"lost_percent":	4.4120614757145438,
			"sender":	true
		},
		"cpu_utilization_percent":	{
			"host_total":	21.704610214363935,
			"host_user":	1.774902869361374,
			"host_system":	19.929710677671583,
			"remote_total":	13.912201615990261,
			"remote_user":	1.0155059239539088,
			"remote_system":	12.896699023562888
		}
	}
}
