{
	"start":	{
		"connected":	[{
				"socket":	6,
				"local_host":	"10.20.15.3",
				"local_port":	33445,
				"remote_host":	"10.20.15.2",
				"remote_port":	5201
			}],
		"version":	"iperf 3.7",
		"system_info":	"Linux node2 5.8.0-1006-raspi #9-Ubuntu SMP PREEMPT Fri Oct 16 12:55:30 UTC 2020 aarch64",
		"timestamp":	{
			"time":	"Sun, 08 Aug 2021 09:10:34 GMT",
			"timesecs":	1628413834
		},
		"connecting_to":	{
			"host":	"10.20.15.2",
			"port":	5201
		},
		"cookie":	"ftqvuvtveukwbzkqtpfjklkyfgzmqvzpnrsp",
		"sock_bufsize":	0,
		"sndbuf_actual":	212992,
		"rcvbuf_actual":	212992,
		"test_start":	{
			"protocol":	"UDP",
			"num_streams":	1,
			"blksize":	1448,
			"omit":	0,
			"duration":	30,
			"bytes":	0,
			"blocks":	0,
			"reverse":	0,
			"tos":	0
		}
	},
	"intervals":	[{
			"streams":	[{
					"socket":	6,
					"start":	0,
					"end":	10.000022,
					"seconds":	10.000021934509277,
					"bytes":	48186544,
					"bits_per_second":	38549150.644329756,
					"packets":	33278,
					"omitted":	false,
					"sender":	true
				}],
			"sum":	{
				"start":	0,
				"end":	10.000022,
				"seconds":	10.000021934509277,
				"bytes":	48186544,
				"bits_per_second":	38549150.644329756,
				"packets":	33278,
				"omitted":	false,
				"sender":	true
			}
		}, {
			"streams":	[{
					"socket":	6,
					"start":	10.000022,
					"end":	20.000105,
					"seconds":	10.000082969665527,
					"bytes":	47268512,
					"bits_per_second":	37814495.854392685,
					"packets":	32644,
					"omitted":	false,
					"sender":	true
				}],
			"sum":	{
				"start":	10.000022,
				"end":	20.000105,
				"seconds":	10.000082969665527,
				"bytes":	47268512,
				"bits_per_second":	37814495.854392685,
				"packets":	32644,
				"omitted":	false,
				"sender":	true
			}
		}, {
			"streams":	[{
					"socket":	6,
					"start":	20.000105,
					"end":	30.000121,
					"seconds":	10.000016212463379,
					"bytes":	46395368,
					"bits_per_second":	37116234.225441188,
					"packets":	32041,
					"omitted":	false,
					"sender":	true
				}],
			"sum":	{
				"start":	20.000105,
				"end":	30.000121,
				"seconds":	10.000016212463379,
				"bytes":	46395368,
				"bits_per_second":	37116234.225441188,
				"packets":	32041,
				"omitted":	false,
				"sender":	true
			}
		}],
	"end":	{
		"streams":	[{
				"udp":	{
					"socket":	6,
					"start":	0,
					"end":	30.000121,
					"seconds":	30.000121,
					"bytes":	141850424,
					"bits_per_second":	37826627.165937096,
					"jitter_ms":	0.20500918925960454,
					"lost_packets":	3809,
					"packets":	97963,
					"lost_percent":	3.88820268877025,
					"out_of_order":	0,
					"sender":	true
				}
			}],
		"sum":	{
			"start":	0,
			"end":	30.003547,
			"seconds":	30.003547,
			"bytes":	141850424,
			"bits_per_second":	37826627.165937096,
			"jitter_ms":	0.20500918925960454,
			"lost_packets":	3809,
			"packets":	97963,
			"lost_percent":	3.88820268877025,
			"sender":	true
		},
		"cpu_utilization_percent":	{
			"host_total":	22.465909533580753,
			"host_user":	1.9309236328965442,
			"host_system":	20.534985900684209,
			"remote_total":	14.336188948587433,
			"remote_user":	1.4296851306544323,
			"remote_system":	12.906510479684405
		}
	}
}
