{
	"start":	{
		"connected":	[{
				"socket":	6,
				"local_host":	"10.20.15.3",
				"local_port":	52618,
				"remote_host":	"10.20.15.2",
				"remote_port":	5201
			}],
		"version":	"iperf 3.7",
		"system_info":	"Linux node2 5.8.0-1006-raspi #9-Ubuntu SMP PREEMPT Fri Oct 16 12:55:30 UTC 2020 aarch64",
		"timestamp":	{
			"time":	"Sun, 08 Aug 2021 09:22:03 GMT",
			"timesecs":	1628414523
		},
		"connecting_to":	{
			"host":	"10.20.15.2",
			"port":	5201
		},
		"cookie":	"o2wv5tciaaatrcvdsc45oei4em5425jp4rsk",
		"sock_bufsize":	0,
		"sndbuf_actual":	212992,
		"rcvbuf_actual":	212992,
		"test_start":	{
			"protocol":	"UDP",
			"num_streams":	1,
			"blksize":	1448,
			"omit":	0,
			"duration":	300,
			"bytes":	0,
			"blocks":	0,
			"reverse":	0,
			"tos":	0
		}
	},
	"intervals":	[{
			"streams":	[{
					"socket":	6,
					"start":	0,
					"end":	10.000078,
					"seconds":	10.000078201293945,
					"bytes":	24963520,
					"bits_per_second":	19970659.826856058,
					"packets":	17240,
					"omitted":	false,
					"sender":	true
				}],
			"sum":	{
				"start":	0,
				"end":	10.000078,
				"seconds":	10.000078201293945,
				"bytes":	24963520,
				"bits_per_second":	19970659.826856058,
				"packets":	17240,
				"omitted":	false,
				"sender":	true
			}
		}, {
			"streams":	[{
					"socket":	6,
					"start":	10.000078,
					"end":	20.000101,
					"seconds":	10.000022888183594,
					"bytes":	21329040,
					"bits_per_second":	17063192.945450716,
					"packets":	14730,
					"omitted":	false,
					"sender":	true
				}],
			"sum":	{
				"start":	10.000078,
				"end":	20.000101,
				"seconds":	10.000022888183594,
				"bytes":	21329040,
				"bits_per_second":	17063192.945450716,
				"packets":	14730,
				"omitted":	false,
				"sender":	true
			}
		}, {
			"streams":	[{
					"socket":	6,
					"start":	20.000101,
					"end":	30.000037,
					"seconds":	9.9999361038208,
					"bytes":	16927120,
					"bits_per_second":	13541782.526816301,
					"packets":	11690,
					"omitted":	false,
					"sender":	true
				}],
			"sum":	{
				"start":	20.000101,
				"end":	30.000037,
				"seconds":	9.9999361038208,
				"bytes":	16927120,
				"bits_per_second":	13541782.526816301,
				"packets":	11690,
				"omitted":	false,
				"sender":	true
			}
		}, {
			"streams":	[{
					"socket":	6,
					"start":	30.000037,
					"end":	40.000089,
					"seconds":	10.000052452087402,
					"bytes":	21614296,
					"bits_per_second":	17291346.103280287,
					"packets":	14927,
					"omitted":	false,
					"sender":	true
				}],
			"sum":	{
				"start":	30.000037,
				"end":	40.000089,
				"seconds":	10.000052452087402,
				"bytes":	21614296,
				"bits_per_second":	17291346.103280287,
				"packets":	14927,
				"omitted":	false,
				"sender":	true
			}
		}, {
			"streams":	[{
					"socket":	6,
					"start":	40.000089,
					"end":	50.000091,
					"seconds":	10.000001907348633,
					"bytes":	29392952,
					"bits_per_second":	23514357.114992309,
					"packets":	20299,
					"omitted":	false,
					"sender":	true
				}],
			"sum":	{
				"start":	40.000089,
				"end":	50.000091,
				"seconds":	10.000001907348633,
				"bytes":	29392952,
				"bits_per_second":	23514357.114992309,
				"packets":	20299,
				"omitted":	false,
				"sender":	true
			}
		}, {
			"streams":	[{
					"socket":	6,
					"start":	50.000091,
					"end":	60.000091,
					"seconds":	10,
					"bytes":	20196704,
					"bits_per_second":	16157363.2,
					"packets":	13948,
					"omitted":	false,
					"sender":	true
				}],
			"sum":	{
				"start":	50.000091,
				"end":	60.000091,
				"seconds":	10,
				"bytes":	20196704,
				"bits_per_second":	16157363.2,
				"packets":	13948,
				"omitted":	false,
				"sender":	true
			}
		}, {
			"streams":	[{
					"socket":	6,
					"start":	60.000091,
					"end":	70.000126,
					"seconds":	10.000035285949707,
					"bytes":	30646920,
					"bits_per_second":	24517449.487851042,
					"packets":	21165,
					"omitted":	false,
					"sender":	true
				}],
			"sum":	{
				"start":	60.000091,
				"end":	70.000126,
				"seconds":	10.000035285949707,
				"bytes":	30646920,
				"bits_per_second":	24517449.487851042,
				"packets":	21165,
				"omitted":	false,
				"sender":	true
			}
		}, {
			"streams":	[{
					"socket":	6,
					"start":	70.000126,
					"end":	80.000107,
					"seconds":	9.9999809265136719,
					"bytes":	21307320,
					"bits_per_second":	17045888.512452148,
					"packets":	14715,
					"omitted":	false,
					"sender":	true
				}],
			"sum":	{
				"start":	70.000126,
				"end":	80.000107,
				"seconds":	9.9999809265136719,
				"bytes":	21307320,
				"bits_per_second":	17045888.512452148,
				"packets":	14715,
				"omitted":	false,
				"sender":	true
			}
		}, {
			"streams":	[{
					"socket":	6,
					"start":	80.000107,
					"end":	90.000209,
					"seconds":	10.000102043151855,
					"bytes":	16127824,
					"bits_per_second":	12902127.542623991,
					"packets":	11138,
					"omitted":	false,
					"sender":	true
				}],
			"sum":	{
				"start":	80.000107,
				"end":	90.000209,
				"seconds":	10.000102043151855,
				"bytes":	16127824,
				"bits_per_second":	12902127.542623991,
				"packets":	11138,
				"omitted":	false,
				"sender":	true
			}
		}, {
			"streams":	[{
					"socket":	6,
					"start":	90.000209,
					"end":	100.000082,
					"seconds":	9.999873161315918,
					"bytes":	16896712,
					"bits_per_second":	13517541.05471194,
					"packets":	11669,
					"omitted":	false,
					"sender":	true
				}],
			"sum":	{
				"start":	90.000209,
				"end":	100.000082,
				"seconds":	9.999873161315918,
				"bytes":	16896712,
				"bits_per_second":	13517541.05471194,
				"packets":	11669,
				"omitted":	false,
				"sender":	true
			}
		}, {
			"streams":	[{
					"socket":	6,
					"start":	100.000082,
					"end":	110.000082,
					"seconds":	10,
					"bytes":	24475544,
					"bits_per_second":	19580435.2,
					"packets":	16903,
					"omitted":	false,
					"sender":	true
				}],
			"sum":	{
				"start":	100.000082,
				"end":	110.000082,
				"seconds":	10,
				"bytes":	24475544,
				"bits_per_second":	19580435.2,
				"packets":	16903,
				"omitted":	false,
				"sender":	true
			}
		}, {
			"streams":	[{
					"socket":	6,
					"start":	110.000082,
					"end":	120.000046,
					"seconds":	9.9999637603759766,
					"bytes":	20884504,
					"bits_per_second":	16707663.747945253,
					"packets":	14423,
					"omitted":	false,
					"sender":	true
				}],
			"sum":	{
				"start":	110.000082,
				"end":	120.000046,
				"seconds":	9.9999637603759766,
				"bytes":	20884504,
				"bits_per_second":	16707663.747945253,
				"packets":	14423,
				"omitted":	false,
				"sender":	true
			}
		}, {
			"streams":	[{
					"socket":	6,
					"start":	120.000046,
					"end":	130.000082,
					"seconds":	10.000036239624023,
					"bytes":	15691976,
					"bits_per_second":	12553535.306460032,
					"packets":	10837,
					"omitted":	false,
					"sender":	true
				}],
			"sum":	{
				"start":	120.000046,
				"end":	130.000082,
				"seconds":	10.000036239624023,
				"bytes":	15691976,
				"bits_per_second":	12553535.306460032,
				"packets":	10837,
				"omitted":	false,
				"sender":	true
			}
		}, {
			"streams":	[{
					"socket":	6,
					"start":	130.000082,
					"end":	140.000083,
					"seconds":	10.000000953674316,
					"bytes":	36522904,
					"bits_per_second":	29218320.413523827,
					"packets":	25223,
					"omitted":	false,
					"sender":	true
				}],
			"sum":	{
				"start":	130.000082,
				"end":	140.000083,
				"seconds":	10.000000953674316,
				"bytes":	36522904,
				"bits_per_second":	29218320.413523827,
				"packets":	25223,
				"omitted":	false,
				"sender":	true
			}
		}, {
			"streams":	[{
					"socket":	6,
					"start":	140.000083,
					"end":	150.000177,
					"seconds":	10.000094413757324,
					"bytes":	16104656,
					"bits_per_second":	12883603.161061769,
					"packets":	11122,
					"omitted":	false,
					"sender":	true
				}],
			"sum":	{
				"start":	140.000083,
				"end":	150.000177,
				"seconds":	10.000094413757324,
				"bytes":	16104656,