{
	"start":	{
		"connected":	[{
				"socket":	6,
				"local_host":	"10.20.15.3",
				"local_port":	35265,
				"remote_host":	"10.20.15.2",
				"remote_port":	5201
			}],
		"version":	"iperf 3.7",
		"system_info":	"Linux node2 5.8.0-1006-raspi #9-Ubuntu SMP PREEMPT Fri Oct 16 12:55:30 UTC 2020 aarch64",
		"timestamp":	{
			"time":	"Sun, 08 Aug 2021 14:23:50 GMT",
			"timesecs":	1628432630
		},
		"connecting_to":	{
			"host":	"10.20.15.2",
			"port":	5201
		},
		"cookie":	"i36tyomynrsizfntwt426nr533tnmnbjtkts",
		"sock_bufsize":	0,
		"sndbuf_actual":	212992,
		"rcvbuf_actual":	212992,
		"test_start":	{
			"protocol":	"UDP",
			"num_streams":	1,
			"blksize":	1448,
			"omit":	0,
			"duration":	300,
			"bytes":	0,
			"blocks":	0,
			"reverse":	0,
			"tos":	0
		}
	},
	"intervals":	[{
			"streams":	[{
					"socket":	6,
					"start":	0,
					"end":	10.000121,
					"seconds":	10.000121116638184,
					"bytes":	39462344,
					"bits_per_second":	31569492.840915795,
					"packets":	27253,
					"omitted":	false,
					"sender":	true
				}],
			"sum":	{
				"start":	0,
				"end":	10.000121,
				"seconds":	10.000121116638184,
				"bytes":	39462344,
				"bits_per_second":	31569492.840915795,
				"packets":	27253,
				"omitted":	false,
				"sender":	true
			}
		}, {
			"streams":	[{
					"socket":	6,
					"start":	10.000121,
					"end":	20.000117,
					"seconds":	9.9999961853027344,
					"bytes":	1449448,
					"bits_per_second":	1159558.8423365946,
					"packets":	1001,
					"omitted":	false,
					"sender":	true
				}],
			"sum":	{
				"start":	10.000121,
				"end":	20.000117,
				"seconds":	9.9999961853027344,
				"bytes":	1449448,
				"bits_per_second":	1159558.8423365946,
				"packets":	1001,
				"omitted":	false,
				"sender":	true
			}
		}, {
			"streams":	[{
					"socket":	6,
					"start":	20.000117,
					"end":	30.000114,
					"seconds":	9.99999713897705,
					"bytes":	32299088,
					"bits_per_second":	25839277.792676676,
					"packets":	22306,
					"omitted":	false,
					"sender":	true
				}],
			"sum":	{
				"start":	20.000117,
				"end":	30.000114,
				"seconds":	9.99999713897705,
				"bytes":	32299088,
				"bits_per_second":	25839277.792676676,
				"packets":	22306,
				"omitted":	false,
				"sender":	true
			}
		}, {
			"streams":	[{
					"socket":	6,
					"start":	30.000114,
					"end":	40.000087,
					"seconds":	9.99997329711914,
					"bytes":	21948784,
					"bits_per_second":	17559074.087786335,
					"packets":	15158,
					"omitted":	false,
					"sender":	true
				}],
			"sum":	{
				"start":	30.000114,
				"end":	40.000087,
				"seconds":	9.99997329711914,
				"bytes":	21948784,
				"bits_per_second":	17559074.087786335,
				"packets":	15158,
				"omitted":	false,
				"sender":	true
			}
		}, {
			"streams":	[{
					"socket":	6,
					"start":	40.000087,
					"end":	50.000092,
					"seconds":	10.000004768371582,
					"bytes":	1757872,
					"bits_per_second":	1406296.9294253686,
					"packets":	1214,
					"omitted":	false,
					"sender":	true
				}],
			"sum":	{
				"start":	40.000087,
				"end":	50.000092,
				"seconds":	10.000004768371582,
				"bytes":	1757872,
				"bits_per_second":	1406296.9294253686,
				"packets":	1214,
				"omitted":	false,
				"sender":	true
			}
		}, {
			"streams":	[{
					"socket":	6,
					"start":	50.000092,
					"end":	60.000256,
					"seconds":	10.000164031982422,
					"bytes":	23967296,
					"bits_per_second":	19173522.29291283,
					"packets":	16552,
					"omitted":	false,
					"sender":	true
				}],
			"sum":	{
				"start":	50.000092,
				"end":	60.000256,
				"seconds":	10.000164031982422,
				"bytes":	23967296,
				"bits_per_second":	19173522.29291283,
				"packets":	16552,
				"omitted":	false,
				"sender":	true
			}
		}, {
			"streams":	[{
					"socket":	6,
					"start":	60.000256,
					"end":	70.000082,
					"seconds":	9.9998264312744141,
					"bytes":	3486784,
					"bits_per_second":	2789475.6165727819,
					"packets":	2408,
					"omitted":	false,
					"sender":	true
				}],
			"sum":	{
				"start":	60.000256,
				"end":	70.000082,
				"seconds":	9.9998264312744141,
				"bytes":	3486784,
				"bits_per_second":	2789475.6165727819,
				"packets":	2408,
				"omitted":	false,
				"sender":	true
			}
		}, {
			"streams":	[{
					"socket":	6,
					"start":	70.000082,
					"end":	80.000037,
					"seconds":	9.9999551773071289,
					"bytes":	30147360,
					"bits_per_second":	24117996.103353202,
					"packets":	20820,
					"omitted":	false,
					"sender":	true
				}],
			"sum":	{
				"start":	70.000082,
				"end":	80.000037,
				"seconds":	9.9999551773071289,
				"bytes":	30147360,
				"bits_per_second":	24117996.103353202,
				"packets":	20820,
				"omitted":	false,
				"sender":	true
			}
		}, {
			"streams":	[{
					"socket":	6,
					"start":	80.000037,
					"end":	90.000092,
					"seconds":	10.000055313110352,
					"bytes":	20933736,
					"bits_per_second":	16746896.167708423,
					"packets":	14457,
					"omitted":	false,
					"sender":	true
				}],
			"sum":	{
				"start":	80.000037,
				"end":	90.000092,
				"seconds":	10.000055313110352,
				"bytes":	20933736,
				"bits_per_second":	16746896.167708423,
				"packets":	14457,
				"omitted":	false,
				"sender":	true
			}
		}, {
			"streams":	[{
					"socket":	6,
					"start":	90.000092,
					"end":	100.000095,
					"seconds":	10.000002861022949,
					"bytes":	1576872,
					"bits_per_second":	1261497.2390827448,
					"packets":	1089,
					"omitted":	false,
					"sender":	true
				}],
			"sum":	{
				"start":	90.000092,
				"end":	100.000095,
				"seconds":	10.000002861022949,
				"bytes":	1576872,
				"bits_per_second":	1261497.2390827448,
				"packets":	1089,
				"omitted":	false,
				"sender":	true
			}
		}, {
			"streams":	[{
					"socket":	6,
					"start":	100.000095,
					"end":	110.000108,
					"seconds":	10.00001335144043,
					"bytes":	12206640,
					"bits_per_second":	9765298.961919263,
					"packets":	8430,
					"omitted":	false,
					"sender":	true
				}],
			"sum":	{
				"start":	100.000095,
				"end":	110.000108,
				"seconds":	10.00001335144043,
				"bytes":	12206640,
				"bits_per_second":	9765298.961919263,
				"packets":	8430,
				"omitted":	false,
				"sender":	true
			}
		}, {
			"streams":	[{
					"socket":	6,
					"start":	110.000108,
					"end":	120.000103,
					"seconds":	9.999995231628418,
					"bytes":	4736408,
					"bits_per_second":	3789128.2067971262,
					"packets":	3271,
					"omitted":	false,
					"sender":	true
				}],
			"sum":	{
				"start":	110.000108,
				"end":	120.000103,
				"seconds":	9.999995231628418,
				"bytes":	4736408,
				"bits_per_second":	3789128.2067971262,
				"packets":	3271,
				"omitted":	false,
				"sender":	true
			}
		}, {
			"streams":	[{
					"socket":	6,
					"start":	120.000103,
					"end":	130.000049,
					"seconds":	9.9999456405639648,
					"bytes":	34957616,
					"bits_per_second":	27966244.822929658,
					"packets":	24142,
					"omitted":	false,
					"sender":	true
				}],
			"sum":	{
				"start":	120.000103,
				"end":	130.000049,
				"seconds":	9.9999456405639648,
				"bytes":	34957616,
				"bits_per_second":	27966244.822929658,
				"packets":	24142,
				"omitted":	false,
				"sender":	true
			}
		}, {
			"streams":	[{
					"socket":	6,
					"start":	130.000049,
					"end":	140.000084,
					"seconds":	10.000035285949707,
					"bytes":	30887288,
					"bits_per_second":	24709743.209324386,
					"packets":	21331,
					"omitted":	false,
					"sender":	true
				}],
			"sum":	{
				"start":	130.000049,
				"end":	140.000084,
				"seconds":	10.000035285949707,
				"bytes":	30887288,
				"bits_per_second":	24709743.209324386,
				"packets":	21331,
				"omitted":	false,
				"sender":	true
			}
		}, {
			"streams":	[{
					"socket":	6,
					"start":	140.000084,
					"end":	150.000093,
					"seconds":	10.000008583068848,
					"bytes":	5276512,
					"bits_per_second":	4221205.9769098479,
					"packets":	3644,
					"omitted":	false,
					"sender":	true
				}],
			"sum":	{
				"start":	140.000084,