{
	"start":	{
		"connected":	[{
				"socket":	6,
				"local_host":	"10.20.15.3",
				"local_port":	60917,
				"remote_host":	"10.20.15.2",
				"remote_port":	5201
			}],
		"version":	"iperf 3.7",
		"system_info":	"Linux node2 5.8.0-1006-raspi #9-Ubuntu SMP PREEMPT Fri Oct 16 12:55:30 UTC 2020 aarch64",
		"timestamp":	{
			"time":	"Sun, 08 Aug 2021 09:27:03 GMT",
			"timesecs":	1628414823
		},
		"connecting_to":	{
			"host":	"10.20.15.2",
			"port":	5201
		},
		"cookie":	"zedo5rkmhytnbdpbsxpu4hmdg3xcx7odzzv7",
		"sock_bufsize":	0,
		"sndbuf_actual":	212992,
		"rcvbuf_actual":	212992,
		"test_start":	{
			"protocol":	"UDP",
			"num_streams":	1,
			"blksize":	1448,
			"omit":	0,
			"duration":	300,
			"bytes":	0,
			"blocks":	0,
			"reverse":	0,
			"tos":	0
		}
	},
	"intervals":	[{
			"streams":	[{
					"socket":	6,
					"start":	0,
					"end":	10.000089,
					"seconds":	10.000088691711426,
					"bytes":	10888960,
					"bits_per_second":	8711090.73984539,
					"packets":	7520,
					"omitted":	false,
					"sender":	true
				}],
			"sum":	{
				"start":	0,
				"end":	10.000089,
				"seconds":	10.000088691711426,
				"bytes":	10888960,
				"bits_per_second":	8711090.73984539,
				"packets":	7520,
				"omitted":	false,
				"sender":	true
			}
		}, {
			"streams":	[{
					"socket":	6,
					"start":	10.000089,
					"end":	20.000109,
					"seconds":	10.000020027160645,
					"bytes":	19721760,
					"bits_per_second":	15777376.402394824,
					"packets":	13620,
					"omitted":	false,
					"sender":	true
				}],
			"sum":	{
				"start":	10.000089,
				"end":	20.000109,
				"seconds":	10.000020027160645,
				"bytes":	19721760,
				"bits_per_second":	15777376.402394824,
				"packets":	13620,
				"omitted":	false,
				"sender":	true
			}
		}, {
			"streams":	[{
					"socket":	6,
					"start":	20.000109,
					"end":	30.000081,
					"seconds":	9.9999723434448242,
					"bytes":	36996400,
					"bits_per_second":	29597201.855664618,
					"packets":	25550,
					"omitted":	false,
					"sender":	true
				}],
			"sum":	{
				"start":	20.000109,
				"end":	30.000081,
				"seconds":	9.9999723434448242,
				"bytes":	36996400,
				"bits_per_second":	29597201.855664618,
				"packets":	25550,
				"omitted":	false,
				"sender":	true
			}
		}, {
			"streams":	[{
					"socket":	6,
					"start":	30.000081,
					"end":	40.000102,
					"seconds":	10.000020980834961,
					"bytes":	24337984,
					"bits_per_second":	19470346.34958766,
					"packets":	16808,
					"omitted":	false,
					"sender":	true
				}],
			"sum":	{
				"start":	30.000081,
				"end":	40.000102,
				"seconds":	10.000020980834961,
				"bytes":	24337984,
				"bits_per_second":	19470346.34958766,
				"packets":	16808,
				"omitted":	false,
				"sender":	true
			}
		}, {
			"streams":	[{
					"socket":	6,
					"start":	40.000102,
					"end":	50.000091,
					"seconds":	9.9999885559082031,
					"bytes":	24145400,
					"bits_per_second":	19316342.105799224,
					"packets":	16675,
					"omitted":	false,
					"sender":	true
				}],
			"sum":	{
				"start":	40.000102,
				"end":	50.000091,
				"seconds":	9.9999885559082031,
				"bytes":	24145400,
				"bits_per_second":	19316342.105799224,
				"packets":	16675,
				"omitted":	false,
				"sender":	true
			}
		}, {
			"streams":	[{
					"socket":	6,
					"start":	50.000091,
					"end":	60.000093,
					"seconds":	10.000001907348633,
					"bytes":	21462256,
					"bits_per_second":	17169801.525120255,
					"packets":	14822,
					"omitted":	false,
					"sender":	true
				}],
			"sum":	{
				"start":	50.000091,
				"end":	60.000093,
				"seconds":	10.000001907348633,
				"bytes":	21462256,
				"bits_per_second":	17169801.525120255,
				"packets":	14822,
				"omitted":	false,
				"sender":	true
			}
		}, {
			"streams":	[{
					"socket":	6,
					"start":	60.000093,
					"end":	70.000086,
					"seconds":	9.9999933242797852,
					"bytes":	23823944,
					"bits_per_second":	19059167.923367258,
					"packets":	16453,
					"omitted":	false,
					"sender":	true
				}],
			"sum":	{
				"start":	60.000093,
				"end":	70.000086,
				"seconds":	9.9999933242797852,
				"bytes":	23823944,
				"bits_per_second":	19059167.923367258,
				"packets":	16453,
				"omitted":	false,
				"sender":	true
			}
		}, {
			"streams":	[{
					"socket":	6,
					"start":	70.000086,
					"end":	80.000099,
					"seconds":	10.00001335144043,
					"bytes":	24459616,
					"bits_per_second":	19567666.674346406,
					"packets":	16892,
					"omitted":	false,
					"sender":	true
				}],
			"sum":	{
				"start":	70.000086,
				"end":	80.000099,
				"seconds":	10.00001335144043,
				"bytes":	24459616,
				"bits_per_second":	19567666.674346406,
				"packets":	16892,
				"omitted":	false,
				"sender":	true
			}
		}, {
			"streams":	[{
					"socket":	6,
					"start":	80.000099,
					"end":	90.00009,
					"seconds":	9.9999914169311523,
					"bytes":	20812104,
					"bits_per_second":	16649697.490549985,
					"packets":	14373,
					"omitted":	false,
					"sender":	true
				}],
			"sum":	{
				"start":	80.000099,
				"end":	90.00009,
				"seconds":	9.9999914169311523,
				"bytes":	20812104,
				"bits_per_second":	16649697.490549985,
				"packets":	14373,
				"omitted":	false,
				"sender":	true
			}
		}, {
			"streams":	[{
					"socket":	6,
					"start":	90.00009,
					"end":	100.000092,
					"seconds":	10.000001907348633,
					"bytes":	28683432,
					"bits_per_second":	22946741.22325645,
					"packets":	19809,
					"omitted":	false,
					"sender":	true
				}],
			"sum":	{
				"start":	90.00009,
				"end":	100.000092,
				"seconds":	10.000001907348633,
				"bytes":	28683432,
				"bits_per_second":	22946741.22325645,
				"packets":	19809,
				"omitted":	false,
				"sender":	true
			}
		}, {
			"streams":	[{
					"socket":	6,
					"start":	100.000092,
					"end":	110.000119,
					"seconds":	10.000026702880859,
					"bytes":	29081632,
					"bits_per_second":	23265243.475097533,
					"packets":	20084,
					"omitted":	false,
					"sender":	true
				}],
			"sum":	{
				"start":	100.000092,
				"end":	110.000119,
				"seconds":	10.000026702880859,
				"bytes":	29081632,
				"bits_per_second":	23265243.475097533,
				"packets":	20084,
				"omitted":	false,
				"sender":	true
			}
		}, {
			"streams":	[{
					"socket":	6,
					"start":	110.000119,
					"end":	120.00008,
					"seconds":	9.9999608993530273,
					"bytes":	9206384,
					"bits_per_second":	7365135.9981582565,
					"packets":	6358,
					"omitted":	false,
					"sender":	true
				}],
			"sum":	{
				"start":	110.000119,
				"end":	120.00008,
				"seconds":	9.9999608993530273,
				"bytes":	9206384,
				"bits_per_second":	7365135.9981582565,
				"packets":	6358,
				"omitted":	false,
				"sender":	true
			}
		}, {
			"streams":	[{
					"socket":	6,
					"start":	120.00008,
					"end":	130.000092,
					"seconds":	10.000012397766113,
					"bytes":	29287248,
					"bits_per_second":	23429769.352319948,
					"packets":	20226,
					"omitted":	false,
					"sender":	true
				}],
			"sum":	{
				"start":	120.00008,
				"end":	130.000092,
				"seconds":	10.000012397766113,
				"bytes":	29287248,
				"bits_per_second":	23429769.352319948,
				"packets":	20226,
				"omitted":	false,
				"sender":	true
			}
		}, {
			"streams":	[{
					"socket":	6,
					"start":	130.000092,
					"end":	140.000091,
					"seconds":	9.9999990463256836,
					"bytes":	20668752,
					"bits_per_second":	16535003.176900785,
					"packets":	14274,
					"omitted":	false,
					"sender":	true
				}],
			"sum":	{
				"start":	130.000092,
				"end":	140.000091,
				"seconds":	9.9999990463256836,
				"bytes":	20668752,
				"bits_per_second":	16535003.176900785,
				"packets":	14274,
				"omitted":	false,
				"sender":	true
			}
		}, {
			"streams":	[{
					"socket":	6,
					"start":	140.000091,
					"end":	150.000096,
					"seconds":	10.000004768371582,
					"bytes":	15802024,
					"bits_per_second":	12641613.1720091,
					"packets":	10913,
					"omitted":	false,
					"sender":	true
				}],
			"sum":	{
				"start":	140.000091,