{
	"start":	{
		"connected":	[{
				"socket":	6,
				"local_host":	"10.20.15.3",
				"local_port":	53691,
				"remote_host":	"10.20.15.2",
				"remote_port":	5201
			}],
		"version":	"iperf 3.7",
		"system_info":	"Linux node2 5.8.0-1006-raspi #9-Ubuntu SMP PREEMPT Fri Oct 16 12:55:30 UTC 2020 aarch64",
		"timestamp":	{
			"time":	"Sun, 08 Aug 2021 09:36:14 GMT",
			"timesecs":	1628415374
		},
		"connecting_to":	{
			"host":	"10.20.15.2",
			"port":	5201
		},
		"cookie":	"ztyly2fj23kvzlp5fk6ewtgaajlpqvrcdpta",
		"sock_bufsize":	0,
		"sndbuf_actual":	212992,
		"rcvbuf_actual":	212992,
		"test_start":	{
			"protocol":	"UDP",
			"num_streams":	1,
			"blksize":	1448,
			"omit":	0,
			"duration":	30,
			"bytes":	0,
			"blocks":	0,
			"reverse":	0,
			"tos":	0
		}
	},
	"intervals":	[{
			"streams":	[{
					"socket":	6,
					"start":	0,
					"end":	10.00009,
					"seconds":	10.000089645385742,
					"bytes":	33731160,
					"bits_per_second":	26984686.094740592,
					"packets":	23295,
					"omitted":	false,
					"sender":	true
				}],
			"sum":	{
				"start":	0,
				"end":	10.00009,
				"seconds":	10.000089645385742,
				"bytes":	33731160,
				"bits_per_second":	26984686.094740592,
				"packets":	23295,
				"omitted":	false,
				"sender":	true
			}
		}, {
			"streams":	[{
					"socket":	6,
					"start":	10.00009,
					"end":	20.000193,
					"seconds":	10.000102996826172,
					"bytes":	33416944,
					"bits_per_second":	26733279.855702169,
					"packets":	23078,
					"omitted":	false,
					"sender":	true
				}],
			"sum":	{
				"start":	10.00009,
				"end":	20.000193,
				"seconds":	10.000102996826172,
				"bytes":	33416944,
				"bits_per_second":	26733279.855702169,
				"packets":	23078,
				"omitted":	false,
				"sender":	true
			}
		}, {
			"streams":	[{
					"socket":	6,
					"start":	20.000193,
					"end":	30.000128,
					"seconds":	9.9999351501464844,
					"bytes":	31890752,
					"bits_per_second":	25512767.049920596,
					"packets":	22024,
					"omitted":	false,
					"sender":	true
				}],
			"sum":	{
				"start":	20.000193,
				"end":	30.000128,
				"seconds":	9.9999351501464844,
				"bytes":	31890752,
				"bits_per_second":	25512767.049920596,
				"packets":	22024,
				"omitted":	false,
				"sender":	true
			}
		}],
	"end":	{
		"streams":	[{
				"udp":	{
					"socket":	6,
					"start":	0,
					"end":	30.000128,
					"seconds":	30.000128,
					"bytes":	99038856,
					"bits_per_second":	26410248.916271292,
					"jitter_ms":	0.46511272564092021,
					"lost_packets":	8742,
					"packets":	68397,
					"lost_percent":	12.781262336067371,
					"out_of_order":	0,
					"sender":	true
				}
			}],
		"sum":	{
			"start":	0,
			"end":	30.004334,
			"seconds":	30.004334,
			"bytes":	99038856,
			"bits_per_second":	26410248.916271292,
			"jitter_ms":	0.46511272564092021,
			"lost_packets":	8742,
			"packets":	68397,
			"lost_percent":	12.781262336067371,
			"sender":	true
		},
		"cpu_utilization_percent":	{
			"host_total":	17.041722410901851,
			"host_user":	1.3547381866870105,
			"host_system":	15.686980892222302,
			"remote_total":	9.7502014289715984,
			"remote_user":	0.9611634284260161,
			"remote_system":	8.7890380005455828
		}
	}
}
