{
	"start":	{
		"connected":	[{
				"socket":	6,
				"local_host":	"10.20.15.3",
				"local_port":	60019,
				"remote_host":	"10.20.15.2",
				"remote_port":	5201
			}],
		"version":	"iperf 3.7",
		"system_info":	"Linux node2 5.8.0-1006-raspi #9-Ubuntu SMP PREEMPT Fri Oct 16 12:55:30 UTC 2020 aarch64",
		"timestamp":	{
			"time":	"Sun, 08 Aug 2021 09:01:50 GMT",
			"timesecs":	1628413310
		},
		"connecting_to":	{
			"host":	"10.20.15.2",
			"port":	5201
		},
		"cookie":	"ar3ho6ukens7wgjt4yime3qii5amgathgtkk",
		"sock_bufsize":	0,
		"sndbuf_actual":	212992,
		"rcvbuf_actual":	212992,
		"test_start":	{
			"protocol":	"UDP",
			"num_streams":	1,
			"blksize":	1448,
			"omit":	0,
			"duration":	30,
			"bytes":	0,
			"blocks":	0,
			"reverse":	0,
			"tos":	0
		}
	},
	"intervals":	[{
			"streams":	[{
					"socket":	6,
					"start":	0,
					"end":	10.000059,
					"seconds":	10.000059127807617,
					"bytes":	50832040,
					"bits_per_second":	40665391.554455146,
					"packets":	35105,
					"omitted":	false,
					"sender":	true
				}],
			"sum":	{
				"start":	0,
				"end":	10.000059,
				"seconds":	10.000059127807617,
				"bytes":	50832040,
				"bits_per_second":	40665391.554455146,
				"packets":	35105,
				"omitted":	false,
				"sender":	true
			}
		}, {
			"streams":	[{
					"socket":	6,
					"start":	10.000059,
					"end":	20.000081,
					"seconds":	10.000021934509277,
					"bytes":	49385488,
					"bits_per_second":	39508303.740474507,
					"packets":	34106,
					"omitted":	false,
					"sender":	true
				}],
			"sum":	{
				"start":	10.000059,
				"end":	20.000081,
				"seconds":	10.000021934509277,
				"bytes":	49385488,
				"bits_per_second":	39508303.740474507,
				"packets":	34106,
				"omitted":	false,
				"sender":	true
			}
		}, {
			"streams":	[{
					"socket":	6,
					"start":	20.000081,
					"end":	30.000126,
					"seconds":	10.000044822692871,
					"bytes":	50564160,
					"bits_per_second":	40451146.687067576,
					"packets":	34920,
					"omitted":	false,
					"sender":	true
				}],
			"sum":	{
				"start":	20.000081,
				"end":	30.000126,
				"seconds":	10.000044822692871,
				"bytes":	50564160,
				"bits_per_second":	40451146.687067576,
				"packets":	34920,
				"omitted":	false,
				"sender":	true
			}
		}],
	"end":	{
		"streams":	[{
				"udp":	{
					"socket":	6,
					"start":	0,
					"end":	30.000126,
					"seconds":	30.000126,
					"bytes":	150781688,
					"bits_per_second":	40208281.258552045,
					"jitter_ms":	0.48731994002454176,
					"lost_packets":	3304,
					"packets":	104131,
					"lost_percent":	3.172926410002785,
					"out_of_order":	0,
					"sender":	true
				}
			}],
		"sum":	{
			"start":	0,
			"end":	30.001721,
			"seconds":	30.001721,
			"bytes":	150781688,
			"bits_per_second":	40208281.258552045,
			"jitter_ms":	0.48731994002454176,
			"lost_packets":	3304,
			"packets":	104131,
			"lost_percent":	3.172926410002785,
			"sender":	true
		},
		"cpu_utilization_percent":	{
			"host_total":	23.072297291622704,
			"host_user":	2.0481897515793324,
			"host_system":	21.024100874646685,
			"remote_total":	15.300266541932839,
			"remote_user":	1.2648056872495808,
			"remote_system":	14.03547084938107
		}
	}
}
