{
	"start":	{
		"connected":	[{
				"socket":	6,
				"local_host":	"10.20.15.3",
				"local_port":	48613,
				"remote_host":	"10.20.15.2",
				"remote_port":	5201
			}],
		"version":	"iperf 3.7",
		"system_info":	"Linux node2 5.8.0-1006-raspi #9-Ubuntu SMP PREEMPT Fri Oct 16 12:55:30 UTC 2020 aarch64",
		"timestamp":	{
			"time":	"Sun, 08 Aug 2021 09:17:48 GMT",
			"timesecs":	1628414268
		},
		"connecting_to":	{
			"host":	"10.20.15.2",
			"port":	5201
		},
		"cookie":	"kxtq2fksu5yrxmwzejtisq32kw6mjnh3htfh",
		"sock_bufsize":	0,
		"sndbuf_actual":	212992,
		"rcvbuf_actual":	212992,
		"test_start":	{
			"protocol":	"UDP",
			"num_streams":	1,
			"blksize":	1448,
			"omit":	0,
			"duration":	30,
			"bytes":	0,
			"blocks":	0,
			"reverse":	0,
			"tos":	0
		}
	},
	"intervals":	[{
			"streams":	[{
					"socket":	6,
					"start":	0,
					"end":	10.000081,
					"seconds":	10.000081062316895,
					"bytes":	44114768,
					"bits_per_second":	35291528.31869477,
					"packets":	30466,
					"omitted":	false,
					"sender":	true
				}],
			"sum":	{
				"start":	0,
				"end":	10.000081,
				"seconds":	10.000081062316895,
				"bytes":	44114768,
				"bits_per_second":	35291528.31869477,
				"packets":	30466,
				"omitted":	false,
				"sender":	true
			}
		}, {
			"streams":	[{
					"socket":	6,
					"start":	10.000081,
					"end":	20.000119,
					"seconds":	10.000038146972656,
					"bytes":	45115336,
					"bits_per_second":	36092131.119446106,
					"packets":	31157,
					"omitted":	false,
					"sender":	true
				}],
			"sum":	{
				"start":	10.000081,
				"end":	20.000119,
				"seconds":	10.000038146972656,
				"bytes":	45115336,
				"bits_per_second":	36092131.119446106,
				"packets":	31157,
				"omitted":	false,
				"sender":	true
			}
		}, {
			"streams":	[{
					"socket":	6,
					"start":	20.000119,
					"end":	30.0001,
					"seconds":	9.9999809265136719,
					"bytes":	42607400,
					"bits_per_second":	34085985.013856918,
					"packets":	29425,
					"omitted":	false,
					"sender":	true
				}],
			"sum":	{
				"start":	20.000119,
				"end":	30.0001,
				"seconds":	9.9999809265136719,
				"bytes":	42607400,
				"bits_per_second":	34085985.013856918,
				"packets":	29425,
				"omitted":	false,
				"sender":	true
			}
		}],
	"end":	{
		"streams":	[{
				"udp":	{
					"socket":	6,
					"start":	0,
					"end":	30.0001,
					"seconds":	30.0001,
					"bytes":	131837504,
					"bits_per_second":	35156550.544831514,
					"jitter_ms":	1.0262834720914764,
					"lost_packets":	7213,
					"packets":	91048,
					"lost_percent":	7.9221948862138651,
					"out_of_order":	0,
					"sender":	true
				}
			}],
		"sum":	{
			"start":	0,
			"end":	30.018979,
			"seconds":	30.018979,
			"bytes":	131837504,
			"bits_per_second":	35156550.544831514,
			"jitter_ms":	1.0262834720914764,
			"lost_packets":	7213,
			"packets":	91048,
			"lost_percent":	7.9221948862138651,
			"sender":	true
		},
		"cpu_utilization_percent":	{
			"host_total":	21.207376682284622,
			"host_user":	1.4932156389386375,
			"host_system":	19.714151045294606,
			"remote_total":	12.989497531710182,
			"remote_user":	1.1916648852892857,
			"remote_system":	11.797822657388854
		}
	}
}
