{
	"start":	{
		"connected":	[{
				"socket":	6,
				"local_host":	"10.20.15.3",
				"local_port":	46579,
				"remote_host":	"10.20.15.2",
				"remote_port":	5201
			}],
		"version":	"iperf 3.7",
		"system_info":	"Linux node2 5.8.0-1006-raspi #9-Ubuntu SMP PREEMPT Fri Oct 16 12:55:30 UTC 2020 aarch64",
		"timestamp":	{
			"time":	"Sun, 08 Aug 2021 09:11:34 GMT",
			"timesecs":	1628413894
		},
		"connecting_to":	{
			"host":	"10.20.15.2",
			"port":	5201
		},
		"cookie":	"sl7twobckzkjs6zgpuslbwbpa6cschqpfvuq",
		"sock_bufsize":	0,
		"sndbuf_actual":	212992,
		"rcvbuf_actual":	212992,
		"test_start":	{
			"protocol":	"UDP",
			"num_streams":	1,
			"blksize":	1448,
			"omit":	0,
			"duration":	30,
			"bytes":	0,
			"blocks":	0,
			"reverse":	0,
			"tos":	0
		}
	},
	"intervals":	[{
			"streams":	[{
					"socket":	6,
					"start":	0,
					"end":	10.000096,
					"seconds":	10.000096321105957,
					"bytes":	46679176,
					"bits_per_second":	37342981.108275995,
					"packets":	32237,
					"omitted":	false,
					"sender":	true
				}],
			"sum":	{
				"start":	0,
				"end":	10.000096,
				"seconds":	10.000096321105957,
				"bytes":	46679176,
				"bits_per_second":	37342981.108275995,
				"packets":	32237,
				"omitted":	false,
				"sender":	true
			}
		}, {
			"streams":	[{
					"socket":	6,
					"start":	10.000096,
					"end":	20.000085,
					"seconds":	9.9999885559082031,
					"bytes":	46744336,
					"bits_per_second":	37395511.595766753,
					"packets":	32282,
					"omitted":	false,
					"sender":	true
				}],
			"sum":	{
				"start":	10.000096,
				"end":	20.000085,
				"seconds":	9.9999885559082031,
				"bytes":	46744336,
				"bits_per_second":	37395511.595766753,
				"packets":	32282,
				"omitted":	false,
				"sender":	true
			}
		}, {
			"streams":	[{
					"socket":	6,
					"start":	20.000085,
					"end":	30.000097,
					"seconds":	10.000012397766113,
					"bytes":	45329640,
					"bits_per_second":	36263667.041153759,
					"packets":	31305,
					"omitted":	false,
					"sender":	true
				}],
			"sum":	{
				"start":	20.000085,
				"end":	30.000097,
				"seconds":	10.000012397766113,
				"bytes":	45329640,
				"bits_per_second":	36263667.041153759,
				"packets":	31305,
				"omitted":	false,
				"sender":	true
			}
		}],
	"end":	{
		"streams":	[{
				"udp":	{
					"socket":	6,
					"start":	0,
					"end":	30.000097,
					"seconds":	30.000097,
					"bytes":	138753152,
					"bits_per_second":	37000720.8976691,
					"jitter_ms":	0.20904079728912628,
					"lost_packets":	4223,
					"packets":	95824,
					"lost_percent":	4.40703790282184,
					"out_of_order":	0,
					"sender":	true
				}
			}],
		"sum":	{
			"start":	0,
			"end":	30.002686,
			"seconds":	30.002686,
			"bytes":	138753152,
			"bits_per_second":	37000720.8976691,
			"jitter_ms":	0.20904079728912628,
			"lost_packets":	4223,
			"packets":	95824,
			"lost_percent":	4.40703790282184,
			"sender":	true
		},
		"cpu_utilization_percent":	{
			"host_total":	21.963772700963009,
			"host_user":	2.8591782243642787,
			"host_system":	19.104584479239033,
			"remote_total":	13.941741696844634,
			"remote_user":	0.99651256081731754,
			"remote_system":	12.94522580475804
		}
	}
}
