{
	"start":	{
		"connected":	[{
				"socket":	6,
				"local_host":	"10.20.15.3",
				"local_port":	57746,
				"remote_host":	"10.20.15.2",
				"remote_port":	5201
			}],
		"version":	"iperf 3.7",
		"system_info":	"Linux node2 5.8.0-1006-raspi #9-Ubuntu SMP PREEMPT Fri Oct 16 12:55:30 UTC 2020 aarch64",
		"timestamp":	{
			"time":	"Sun, 08 Aug 2021 09:22:33 GMT",
			"timesecs":	1628414553
		},
		"connecting_to":	{
			"host":	"10.20.15.2",
			"port":	5201
		},
		"cookie":	"qioppbtfwdopuylba52m5ph46yeffmklepyu",
		"sock_bufsize":	0,
		"sndbuf_actual":	212992,
		"rcvbuf_actual":	212992,
		"test_start":	{
			"protocol":	"UDP",
			"num_streams":	1,
			"blksize":	1448,
			"omit":	0,
			"duration":	300,
			"bytes":	0,
			"blocks":	0,
			"reverse":	0,
			"tos":	0
		}
	},
	"intervals":	[{
			"streams":	[{
					"socket":	6,
					"start":	0,
					"end":	10.000075,
					"seconds":	10.000075340270996,
					"bytes":	57204688,
					"bits_per_second":	45763405.617261909,
					"packets":	39506,
					"omitted":	false,
					"sender":	true
				}],
			"sum":	{
				"start":	0,
				"end":	10.000075,
				"seconds":	10.000075340270996,
				"bytes":	57204688,
				"bits_per_second":	45763405.617261909,
				"packets":	39506,
				"omitted":	false,
				"sender":	true
			}
		}, {
			"streams":	[{
					"socket":	6,
					"start":	10.000075,
					"end":	20.000088,
					"seconds":	10.00001335144043,
					"bytes":	57873664,
					"bits_per_second":	46298869.384340346,
					"packets":	39968,
					"omitted":	false,
					"sender":	true
				}],
			"sum":	{
				"start":	10.000075,
				"end":	20.000088,
				"seconds":	10.00001335144043,
				"bytes":	57873664,
				"bits_per_second":	46298869.384340346,
				"packets":	39968,
				"omitted":	false,
				"sender":	true
			}
		}, {
			"streams":	[{
					"socket":	6,
					"start":	20.000088,
					"end":	30.000089,
					"seconds":	10.000000953674316,
					"bytes":	57620264,
					"bits_per_second":	46096206.803923152,
					"packets":	39793,
					"omitted":	false,
					"sender":	true
				}],
			"sum":	{
				"start":	20.000088,
				"end":	30.000089,
				"seconds":	10.000000953674316,
				"bytes":	57620264,
				"bits_per_second":	46096206.803923152,
				"packets":	39793,
				"omitted":	false,
				"sender":	true
			}
		}, {
			"streams":	[{
					"socket":	6,
					"start":	30.000089,
					"end":	40.000108,
					"seconds":	10.000019073486328,
					"bytes":	58257384,
					"bits_per_second":	46605818.306456171,
					"packets":	40233,
					"omitted":	false,
					"sender":	true
				}],
			"sum":	{
				"start":	30.000089,
				"end":	40.000108,
				"seconds":	10.000019073486328,
				"bytes":	58257384,
				"bits_per_second":	46605818.306456171,
				"packets":	40233,
				"omitted":	false,
				"sender":	true
			}
		}, {
			"streams":	[{
					"socket":	6,
					"start":	40.000108,
					"end":	50.000092,
					"seconds":	9.9999837875366211,
					"bytes":	29248152,
					"bits_per_second":	23398559.534828957,
					"packets":	20199,
					"omitted":	false,
					"sender":	true
				}],
			"sum":	{
				"start":	40.000108,
				"end":	50.000092,
				"seconds":	9.9999837875366211,
				"bytes":	29248152,
				"bits_per_second":	23398559.534828957,
				"packets":	20199,
				"omitted":	false,
				"sender":	true
			}
		}, {
			"streams":	[{
					"socket":	6,
					"start":	50.000092,
					"end":	60.000087,
					"seconds":	9.999995231628418,
					"bytes":	731240,
					"bits_per_second":	584992.27894605591,
					"packets":	505,
					"omitted":	false,
					"sender":	true
				}],
			"sum":	{
				"start":	50.000092,
				"end":	60.000087,
				"seconds":	9.999995231628418,
				"bytes":	731240,
				"bits_per_second":	584992.27894605591,
				"packets":	505,
				"omitted":	false,
				"sender":	true
			}
		}, {
			"streams":	[{
					"socket":	6,
					"start":	60.000087,
					"end":	70.000078,
					"seconds":	9.9999914169311523,
					"bytes":	9132536,
					"bits_per_second":	7306035.0708202012,
					"packets":	6307,
					"omitted":	false,
					"sender":	true
				}],
			"sum":	{
				"start":	60.000087,
				"end":	70.000078,
				"seconds":	9.9999914169311523,
				"bytes":	9132536,
				"bits_per_second":	7306035.0708202012,
				"packets":	6307,
				"omitted":	false,
				"sender":	true
			}
		}, {
			"streams":	[{
					"socket":	6,
					"start":	70.000078,
					"end":	80.000143,
					"seconds":	10.000064849853516,
					"bytes":	12730816,
					"bits_per_second":	10184586.753104094,
					"packets":	8792,
					"omitted":	false,
					"sender":	true
				}],
			"sum":	{
				"start":	70.000078,
				"end":	80.000143,
				"seconds":	10.000064849853516,
				"bytes":	12730816,
				"bits_per_second":	10184586.753104094,
				"packets":	8792,
				"omitted":	false,
				"sender":	true
			}
		}, {
			"streams":	[{
					"socket":	6,
					"start":	80.000143,
					"end":	90.000097,
					"seconds":	9.9999542236328125,
					"bytes":	763096,
					"bits_per_second":	610479.5945538081,
					"packets":	527,
					"omitted":	false,
					"sender":	true
				}],
			"sum":	{
				"start":	80.000143,
				"end":	90.000097,
				"seconds":	9.9999542236328125,
				"bytes":	763096,
				"bits_per_second":	610479.5945538081,
				"packets":	527,
				"omitted":	false,
				"sender":	true
			}
		}, {
			"streams":	[{
					"socket":	6,
					"start":	90.000097,
					"end":	100.00009,
					"seconds":	9.9999933242797852,
					"bytes":	26368080,
					"bits_per_second":	21094478.082083374,
					"packets":	18210,
					"omitted":	false,
					"sender":	true
				}],
			"sum":	{
				"start":	90.000097,
				"end":	100.00009,
				"seconds":	9.9999933242797852,
				"bytes":	26368080,
				"bits_per_second":	21094478.082083374,
				"packets":	18210,
				"omitted":	false,
				"sender":	true
			}
		}, {
			"streams":	[{
					"socket":	6,
					"start":	100.00009,
					"end":	110.000076,
					"seconds":	9.9999856948852539,
					"bytes":	52607288,
					"bits_per_second":	42085890.604349427,
					"packets":	36331,
					"omitted":	false,
					"sender":	true
				}],
			"sum":	{
				"start":	100.00009,
				"end":	110.000076,
				"seconds":	9.9999856948852539,
				"bytes":	52607288,
				"bits_per_second":	42085890.604349427,
				"packets":	36331,
				"omitted":	false,
				"sender":	true
			}
		}, {
			"streams":	[{
					"socket":	6,
					"start":	110.000076,
					"end":	120.000115,
					"seconds":	10.000039100646973,
					"bytes":	22778488,
					"bits_per_second":	18222719.147989172,
					"packets":	15731,
					"omitted":	false,
					"sender":	true
				}],
			"sum":	{
				"start":	110.000076,
				"end":	120.000115,
				"seconds":	10.000039100646973,
				"bytes":	22778488,
				"bits_per_second":	18222719.147989172,
				"packets":	15731,
				"omitted":	false,
				"sender":	true
			}
		}, {
			"streams":	[{
					"socket":	6,
					"start":	120.000115,
					"end":	130.000086,
					"seconds":	9.9999713897705078,
					"bytes":	2082224,
					"bits_per_second":	1665783.9658461548,
					"packets":	1438,
					"omitted":	false,
					"sender":	true
				}],
			"sum":	{
				"start":	120.000115,
				"end":	130.000086,
				"seconds":	9.9999713897705078,
				"bytes":	2082224,
				"bits_per_second":	1665783.9658461548,
				"packets":	1438,
				"omitted":	false,
				"sender":	true
			}
		}, {
			"streams":	[{
					"socket":	6,
					"start":	130.000086,
					"end":	140.000086,
					"seconds":	10,
					"bytes":	3787968,
					"bits_per_second":	3030374.4,
					"packets":	2616,
					"omitted":	false,
					"sender":	true
				}],
			"sum":	{
				"start":	130.000086,
				"end":	140.000086,
				"seconds":	10,
				"bytes":	3787968,
				"bits_per_second":	3030374.4,
				"packets":	2616,
				"omitted":	false,
				"sender":	true
			}
		}, {
			"streams":	[{
					"socket":	6,
					"start":	140.000086,
					"end":	150.000115,
					"seconds":	10.000028610229492,
					"bytes":	12080664,
					"bits_per_second":	9664503.5496335514,
					"packets":	8343,
					"omitted":	false,
					"sender":	true
				}],
			"sum":	{
				"start":	140.000086,
				"end":	150.000115,
				"seconds":	10.000028610229492,