{
	"start":	{
		"connected":	[{
				"socket":	6,
				"local_host":	"10.20.15.3",
				"local_port":	56808,
				"remote_host":	"10.20.15.2",
				"remote_port":	5201
			}],
		"version":	"iperf 3.7",
		"system_info":	"Linux node2 5.8.0-1006-raspi #9-Ubuntu SMP PREEMPT Fri Oct 16 12:55:30 UTC 2020 aarch64",
		"timestamp":	{
			"time":	"Sun, 08 Aug 2021 08:44:47 GMT",
			"timesecs":	1628412287
		},
		"connecting_to":	{
			"host":	"10.20.15.2",
			"port":	5201
		},
		"cookie":	"zs2el3zxkbcnsmzq6kabuc4rcwp3766db73r",
		"sock_bufsize":	0,
		"sndbuf_actual":	212992,
		"rcvbuf_actual":	212992,
		"test_start":	{
			"protocol":	"UDP",
			"num_streams":	1,
			"blksize":	1448,
			"omit":	0,
			"duration":	300,
			"bytes":	0,
			"blocks":	0,
			"reverse":	0,
			"tos":	0
		}
	},
	"intervals":	[{
			"streams":	[{
					"socket":	6,
					"start":	0,
					"end":	10.000101,
					"seconds":	10.000101089477539,
					"bytes":	56010088,
					"bits_per_second":	44807617.4421363,
					"packets":	38681,
					"omitted":	false,
					"sender":	true
				}],
			"sum":	{
				"start":	0,
				"end":	10.000101,
				"seconds":	10.000101089477539,
				"bytes":	56010088,
				"bits_per_second":	44807617.4421363,
				"packets":	38681,
				"omitted":	false,
				"sender":	true
			}
		}, {
			"streams":	[{
					"socket":	6,
					"start":	10.000101,
					"end":	20.000077,
					"seconds":	9.99997615814209,
					"bytes":	1041112,
					"bits_per_second":	832891.58576828428,
					"packets":	719,
					"omitted":	false,
					"sender":	true
				}],
			"sum":	{
				"start":	10.000101,
				"end":	20.000077,
				"seconds":	9.99997615814209,
				"bytes":	1041112,
				"bits_per_second":	832891.58576828428,
				"packets":	719,
				"omitted":	false,
				"sender":	true
			}
		}, {
			"streams":	[{
					"socket":	6,
					"start":	20.000077,
					"end":	30.000139,
					"seconds":	10.000061988830566,
					"bytes":	4992704,
					"bits_per_second":	3994138.4408028936,
					"packets":	3448,
					"omitted":	false,
					"sender":	true
				}],
			"sum":	{
				"start":	20.000077,
				"end":	30.000139,
				"seconds":	10.000061988830566,
				"bytes":	4992704,
				"bits_per_second":	3994138.4408028936,
				"packets":	3448,
				"omitted":	false,
				"sender":	true
			}
		}, {
			"streams":	[{
					"socket":	6,
					"start":	30.000139,
					"end":	40.000076,
					"seconds":	9.9999370574951172,
					"bytes":	39297272,
					"bits_per_second":	31438015.478744276,
					"packets":	27139,
					"omitted":	false,
					"sender":	true
				}],
			"sum":	{
				"start":	30.000139,
				"end":	40.000076,
				"seconds":	9.9999370574951172,
				"bytes":	39297272,
				"bits_per_second":	31438015.478744276,
				"packets":	27139,
				"omitted":	false,
				"sender":	true
			}
		}, {
			"streams":	[{
					"socket":	6,
					"start":	40.000076,
					"end":	50.000053,
					"seconds":	9.9999771118164062,
					"bytes":	53723696,
					"bits_per_second":	42979055.171250544,
					"packets":	37102,
					"omitted":	false,
					"sender":	true
				}],
			"sum":	{
				"start":	40.000076,
				"end":	50.000053,
				"seconds":	9.9999771118164062,
				"bytes":	53723696,
				"bits_per_second":	42979055.171250544,
				"packets":	37102,
				"omitted":	false,
				"sender":	true
			}
		}, {
			"streams":	[{
					"socket":	6,
					"start":	50.000053,
					"end":	60.000095,
					"seconds":	10.000041961669922,
					"bytes":	47320640,
					"bits_per_second":	37856353.148420475,
					"packets":	32680,
					"omitted":	false,
					"sender":	true
				}],
			"sum":	{
				"start":	50.000053,
				"end":	60.000095,
				"seconds":	10.000041961669922,
				"bytes":	47320640,
				"bits_per_second":	37856353.148420475,
				"packets":	32680,
				"omitted":	false,
				"sender":	true
			}
		}, {
			"streams":	[{
					"socket":	6,
					"start":	60.000095,
					"end":	70.00009,
					"seconds":	9.999995231628418,
					"bytes":	1655064,
					"bits_per_second":	1324051.8313571126,
					"packets":	1143,
					"omitted":	false,
					"sender":	true
				}],
			"sum":	{
				"start":	60.000095,
				"end":	70.00009,
				"seconds":	9.999995231628418,
				"bytes":	1655064,
				"bits_per_second":	1324051.8313571126,
				"packets":	1143,
				"omitted":	false,
				"sender":	true
			}
		}, {
			"streams":	[{
					"socket":	6,
					"start":	70.00009,
					"end":	80.000133,
					"seconds":	10.000042915344238,
					"bytes":	3363704,
					"bits_per_second":	2690951.6516883541,
					"packets":	2323,
					"omitted":	false,
					"sender":	true
				}],
			"sum":	{
				"start":	70.00009,
				"end":	80.000133,
				"seconds":	10.000042915344238,
				"bytes":	3363704,
				"bits_per_second":	2690951.6516883541,
				"packets":	2323,
				"omitted":	false,
				"sender":	true
			}
		}, {
			"streams":	[{
					"socket":	6,
					"start":	80.000133,
					"end":	90.000086,
					"seconds":	9.9999532699584961,
					"bytes":	12031432,
					"bits_per_second":	9625190.5785555225,
					"packets":	8309,
					"omitted":	false,
					"sender":	true
				}],
			"sum":	{
				"start":	80.000133,
				"end":	90.000086,
				"seconds":	9.9999532699584961,
				"bytes":	12031432,
				"bits_per_second":	9625190.5785555225,
				"packets":	8309,
				"omitted":	false,
				"sender":	true
			}
		}, {
			"streams":	[{
					"socket":	6,
					"start":	90.000086,
					"end":	100.00008,
					"seconds":	9.9999942779541016,
					"bytes":	28986064,
					"bits_per_second":	23188864.468774684,
					"packets":	20018,
					"omitted":	false,
					"sender":	true
				}],
			"sum":	{
				"start":	90.000086,
				"end":	100.00008,
				"seconds":	9.9999942779541016,
				"bytes":	28986064,
				"bits_per_second":	23188864.468774684,
				"packets":	20018,
				"omitted":	false,
				"sender":	true
			}
		}, {
			"streams":	[{
					"socket":	6,
					"start":	100.00008,
					"end":	110.000097,
					"seconds":	10.000017166137695,
					"bytes":	40906000,
					"bits_per_second":	32724743.824254148,
					"packets":	28250,
					"omitted":	false,
					"sender":	true
				}],
			"sum":	{
				"start":	100.00008,
				"end":	110.000097,
				"seconds":	10.000017166137695,
				"bytes":	40906000,
				"bits_per_second":	32724743.824254148,
				"packets":	28250,
				"omitted":	false,
				"sender":	true
			}
		}, {
			"streams":	[{
					"socket":	6,
					"start":	110.000097,
					"end":	120.000185,
					"seconds":	10.000087738037109,
					"bytes":	3465064,
					"bits_per_second":	2772026.878780284,
					"packets":	2393,
					"omitted":	false,
					"sender":	true
				}],
			"sum":	{
				"start":	110.000097,
				"end":	120.000185,
				"seconds":	10.000087738037109,
				"bytes":	3465064,
				"bits_per_second":	2772026.878780284,
				"packets":	2393,
				"omitted":	false,
				"sender":	true
			}
		}, {
			"streams":	[{
					"socket":	6,
					"start":	120.000185,
					"end":	130.00009,
					"seconds":	9.99990463256836,
					"bytes":	53283504,
					"bits_per_second":	42627209.724750943,
					"packets":	36798,
					"omitted":	false,
					"sender":	true
				}],
			"sum":	{
				"start":	120.000185,
				"end":	130.00009,
				"seconds":	9.99990463256836,
				"bytes":	53283504,
				"bits_per_second":	42627209.724750943,
				"packets":	36798,
				"omitted":	false,
				"sender":	true
			}
		}, {
			"streams":	[{
					"socket":	6,
					"start":	130.00009,
					"end":	140.000085,
					"seconds":	9.999995231628418,
					"bytes":	16055424,
					"bits_per_second":	12844345.324661124,
					"packets":	11088,
					"omitted":	false,
					"sender":	true
				}],
			"sum":	{
				"start":	130.00009,
				"end":	140.000085,
				"seconds":	9.999995231628418,
				"bytes":	16055424,
				"bits_per_second":	12844345.324661124,
				"packets":	11088,
				"omitted":	false,
				"sender":	true
			}
		}, {
			"streams":	[{
					"socket":	6,
					"start":	140.000085,
					"end":	150.000085,
					"seconds":	10,
					"bytes":	2816360,
					"bits_per_second":	2253088,
					"packets":	1945,
					"omitted":	false,
					"sender":	true
				}],
			"sum":	{
				"start":	140.000085,
				"end":	150.000085,
				"seconds":	10,