{
	"start":	{
		"connected":	[{
				"socket":	6,
				"local_host":	"10.20.15.3",
				"local_port":	53731,
				"remote_host":	"10.20.15.2",
				"remote_port":	5201
			}],
		"version":	"iperf 3.7",
		"system_info":	"Linux node2 5.8.0-1006-raspi #9-Ubuntu SMP PREEMPT Fri Oct 16 12:55:30 UTC 2020 aarch64",
		"timestamp":	{
			"time":	"Sun, 08 Aug 2021 09:47:40 GMT",
			"timesecs":	1628416060
		},
		"connecting_to":	{
			"host":	"10.20.15.2",
			"port":	5201
		},
		"cookie":	"4n7czjgfp2xe6itaffp7dusrfmpswhqhwxjf",
		"sock_bufsize":	0,
		"sndbuf_actual":	212992,
		"rcvbuf_actual":	212992,
		"test_start":	{
			"protocol":	"UDP",
			"num_streams":	1,
			"blksize":	1448,
			"omit":	0,
			"duration":	300,
			"bytes":	0,
			"blocks":	0,
			"reverse":	0,
			"tos":	0
		}
	},
	"intervals":	[{
			"streams":	[{
					"socket":	6,
					"start":	0,
					"end":	10.000107,
					"seconds":	10.000106811523438,
					"bytes":	1699952,
					"bits_per_second":	1359947.074198121,
					"packets":	1174,
					"omitted":	false,
					"sender":	true
				}],
			"sum":	{
				"start":	0,
				"end":	10.000107,
				"seconds":	10.000106811523438,
				"bytes":	1699952,
				"bits_per_second":	1359947.074198121,
				"packets":	1174,
				"omitted":	false,
				"sender":	true
			}
		}, {
			"streams":	[{
					"socket":	6,
					"start":	10.000107,
					"end":	20.000099,
					"seconds":	9.9999923706054688,
					"bytes":	33735504,
					"bits_per_second":	26988423.790533289,
					"packets":	23298,
					"omitted":	false,
					"sender":	true
				}],
			"sum":	{
				"start":	10.000107,
				"end":	20.000099,
				"seconds":	9.9999923706054688,
				"bytes":	33735504,
				"bits_per_second":	26988423.790533289,
				"packets":	23298,
				"omitted":	false,
				"sender":	true
			}
		}, {
			"streams":	[{
					"socket":	6,
					"start":	20.000099,
					"end":	30.00008,
					"seconds":	9.9999809265136719,
					"bytes":	53807680,
					"bits_per_second":	43046226.10416051,
					"packets":	37160,
					"omitted":	false,
					"sender":	true
				}],
			"sum":	{
				"start":	20.000099,
				"end":	30.00008,
				"seconds":	9.9999809265136719,
				"bytes":	53807680,
				"bits_per_second":	43046226.10416051,
				"packets":	37160,
				"omitted":	false,
				"sender":	true
			}
		}, {
			"streams":	[{
					"socket":	6,
					"start":	30.00008,
					"end":	40.000093,
					"seconds":	10.00001335144043,
					"bytes":	51676224,
					"bits_per_second":	41340924.003911585,
					"packets":	35688,
					"omitted":	false,
					"sender":	true
				}],
			"sum":	{
				"start":	30.00008,
				"end":	40.000093,
				"seconds":	10.00001335144043,
				"bytes":	51676224,
				"bits_per_second":	41340924.003911585,
				"packets":	35688,
				"omitted":	false,
				"sender":	true
			}
		}, {
			"streams":	[{
					"socket":	6,
					"start":	40.000093,
					"end":	50.000089,
					"seconds":	9.9999961853027344,
					"bytes":	52010712,
					"bits_per_second":	41608585.472415723,
					"packets":	35919,
					"omitted":	false,
					"sender":	true
				}],
			"sum":	{
				"start":	40.000093,
				"end":	50.000089,
				"seconds":	9.9999961853027344,
				"bytes":	52010712,
				"bits_per_second":	41608585.472415723,
				"packets":	35919,
				"omitted":	false,
				"sender":	true
			}
		}, {
			"streams":	[{
					"socket":	6,
					"start":	50.000089,
					"end":	60.000587,
					"seconds":	10.000497817993164,
					"bytes":	1594248,
					"bits_per_second":	1275334.9115333729,
					"packets":	1101,
					"omitted":	false,
					"sender":	true
				}],
			"sum":	{
				"start":	50.000089,
				"end":	60.000587,
				"seconds":	10.000497817993164,
				"bytes":	1594248,
				"bits_per_second":	1275334.9115333729,
				"packets":	1101,
				"omitted":	false,
				"sender":	true
			}
		}, {
			"streams":	[{
					"socket":	6,
					"start":	60.000587,
					"end":	70.000012,
					"seconds":	9.999424934387207,
					"bytes":	25835216,
					"bits_per_second":	20669361.423899326,
					"packets":	17842,
					"omitted":	false,
					"sender":	true
				}],
			"sum":	{
				"start":	60.000587,
				"end":	70.000012,
				"seconds":	9.999424934387207,
				"bytes":	25835216,
				"bits_per_second":	20669361.423899326,
				"packets":	17842,
				"omitted":	false,
				"sender":	true
			}
		}, {
			"streams":	[{
					"socket":	6,
					"start":	70.000012,
					"end":	80.000119,
					"seconds":	10.000106811523438,
					"bytes":	54550504,
					"bits_per_second":	43639937.075183831,
					"packets":	37673,
					"omitted":	false,
					"sender":	true
				}],
			"sum":	{
				"start":	70.000012,
				"end":	80.000119,
				"seconds":	10.000106811523438,
				"bytes":	54550504,
				"bits_per_second":	43639937.075183831,
				"packets":	37673,
				"omitted":	false,
				"sender":	true
			}
		}, {
			"streams":	[{
					"socket":	6,
					"start":	80.000119,
					"end":	90.000102,
					"seconds":	9.9999828338623047,
					"bytes":	51107160,
					"bits_per_second":	40885798.185124144,
					"packets":	35295,
					"omitted":	false,
					"sender":	true
				}],
			"sum":	{
				"start":	80.000119,
				"end":	90.000102,
				"seconds":	9.9999828338623047,
				"bytes":	51107160,
				"bits_per_second":	40885798.185124144,
				"packets":	35295,
				"omitted":	false,
				"sender":	true
			}
		}, {
			"streams":	[{
					"socket":	6,
					"start":	90.000102,
					"end":	100.000093,
					"seconds":	9.9999914169311523,
					"bytes":	52513168,
					"bits_per_second":	42010570.457961857,
					"packets":	36266,
					"omitted":	false,
					"sender":	true
				}],
			"sum":	{
				"start":	90.000102,
				"end":	100.000093,
				"seconds":	9.9999914169311523,
				"bytes":	52513168,
				"bits_per_second":	42010570.457961857,
				"packets":	36266,
				"omitted":	false,
				"sender":	true
			}
		}, {
			"streams":	[{
					"socket":	6,
					"start":	100.000093,
					"end":	110.000098,
					"seconds":	10.000004768371582,
					"bytes":	10209848,
					"bits_per_second":	8167874.5052539324,
					"packets":	7051,
					"omitted":	false,
					"sender":	true
				}],
			"sum":	{
				"start":	100.000093,
				"end":	110.000098,
				"seconds":	10.000004768371582,
				"bytes":	10209848,
				"bits_per_second":	8167874.5052539324,
				"packets":	7051,
				"omitted":	false,
				"sender":	true
			}
		}, {
			"streams":	[{
					"socket":	6,
					"start":	110.000098,
					"end":	120.000093,
					"seconds":	9.999995231628418,
					"bytes":	5597968,
					"bits_per_second":	4478376.5354563408,
					"packets":	3866,
					"omitted":	false,
					"sender":	true
				}],
			"sum":	{
				"start":	110.000098,
				"end":	120.000093,
				"seconds":	9.999995231628418,
				"bytes":	5597968,
				"bits_per_second":	4478376.5354563408,
				"packets":	3866,
				"omitted":	false,
				"sender":	true
			}
		}, {
			"streams":	[{
					"socket":	6,
					"start":	120.000093,
					"end":	130.000105,
					"seconds":	10.000012397766113,
					"bytes":	1555152,
					"bits_per_second":	1244120.0575690509,
					"packets":	1074,
					"omitted":	false,
					"sender":	true
				}],
			"sum":	{
				"start":	120.000093,
				"end":	130.000105,
				"seconds":	10.000012397766113,
				"bytes":	1555152,
				"bits_per_second":	1244120.0575690509,
				"packets":	1074,
				"omitted":	false,
				"sender":	true
			}
		}, {
			"streams":	[{
					"socket":	6,
					"start":	130.000105,
					"end":	140.000094,
					"seconds":	9.9999885559082031,
					"bytes":	30946656,
					"bits_per_second":	24757353.132542189,
					"packets":	21372,
					"omitted":	false,
					"sender":	true
				}],
			"sum":	{
				"start":	130.000105,
				"end":	140.000094,
				"seconds":	9.9999885559082031,
				"bytes":	30946656,
				"bits_per_second":	24757353.132542189,
				"packets":	21372,
				"omitted":	false,
				"sender":	true
			}
		}, {
			"streams":	[{
					"socket":	6,
					"start":	140.000094,
					"end":	150.000067,
					"seconds":	9.99997329711914,
					"bytes":	53277712,
					"bits_per_second":	42622283.413775593,
					"packets":	36794,
					"omitted":	false,
					"sender":	true
				}],
			"sum":	{
				"start":	140.000094,