{
	"start":	{
		"connected":	[{
				"socket":	6,
				"local_host":	"10.20.15.3",
				"local_port":	47234,
				"remote_host":	"10.20.15.2",
				"remote_port":	5201
			}],
		"version":	"iperf 3.7",
		"system_info":	"Linux node2 5.8.0-1006-raspi #9-Ubuntu SMP PREEMPT Fri Oct 16 12:55:30 UTC 2020 aarch64",
		"timestamp":	{
			"time":	"Sun, 08 Aug 2021 09:52:44 GMT",
			"timesecs":	1628416364
		},
		"connecting_to":	{
			"host":	"10.20.15.2",
			"port":	5201
		},
		"cookie":	"rssqeg4vg6h7jqojfzr4ga2x3nnsegxm4h42",
		"sock_bufsize":	0,
		"sndbuf_actual":	212992,
		"rcvbuf_actual":	212992,
		"test_start":	{
			"protocol":	"UDP",
			"num_streams":	1,
			"blksize":	1448,
			"omit":	0,
			"duration":	300,
			"bytes":	0,
			"blocks":	0,
			"reverse":	0,
			"tos":	0
		}
	},
	"intervals":	[{
			"streams":	[{
					"socket":	6,
					"start":	0,
					"end":	10.000093,
					"seconds":	10.000093460083008,
					"bytes":	13053720,
					"bits_per_second":	10442878.400771782,
					"packets":	9015,
					"omitted":	false,
					"sender":	true
				}],
			"sum":	{
				"start":	0,
				"end":	10.000093,
				"seconds":	10.000093460083008,
				"bytes":	13053720,
				"bits_per_second":	10442878.400771782,
				"packets":	9015,
				"omitted":	false,
				"sender":	true
			}
		}, {
			"streams":	[{
					"socket":	6,
					"start":	10.000093,
					"end":	20.000601,
					"seconds":	10.000508308410645,
					"bytes":	1779592,
					"bits_per_second":	1423601.2371517753,
					"packets":	1229,
					"omitted":	false,
					"sender":	true
				}],
			"sum":	{
				"start":	10.000093,
				"end":	20.000601,
				"seconds":	10.000508308410645,
				"bytes":	1779592,
				"bits_per_second":	1423601.2371517753,
				"packets":	1229,
				"omitted":	false,
				"sender":	true
			}
		}, {
			"streams":	[{
					"socket":	6,
					"start":	20.000601,
					"end":	30.000086,
					"seconds":	9.99948501586914,
					"bytes":	49560696,
					"bits_per_second":	39650598.742913164,
					"packets":	34227,
					"omitted":	false,
					"sender":	true
				}],
			"sum":	{
				"start":	20.000601,
				"end":	30.000086,
				"seconds":	9.99948501586914,
				"bytes":	49560696,
				"bits_per_second":	39650598.742913164,
				"packets":	34227,
				"omitted":	false,
				"sender":	true
			}
		}, {
			"streams":	[{
					"socket":	6,
					"start":	30.000086,
					"end":	40.001276,
					"seconds":	10.001190185546875,
					"bytes":	52657968,
					"bits_per_second":	42121361.176471308,
					"packets":	36366,
					"omitted":	false,
					"sender":	true
				}],
			"sum":	{
				"start":	30.000086,
				"end":	40.001276,
				"seconds":	10.001190185546875,
				"bytes":	52657968,
				"bits_per_second":	42121361.176471308,
				"packets":	36366,
				"omitted":	false,
				"sender":	true
			}
		}, {
			"streams":	[{
					"socket":	6,
					"start":	40.001276,
					"end":	50.000084,
					"seconds":	9.9988079071044922,
					"bytes":	50865344,
					"bits_per_second":	40697126.675557755,
					"packets":	35128,
					"omitted":	false,
					"sender":	true
				}],
			"sum":	{
				"start":	40.001276,
				"end":	50.000084,
				"seconds":	9.9988079071044922,
				"bytes":	50865344,
				"bits_per_second":	40697126.675557755,
				"packets":	35128,
				"omitted":	false,
				"sender":	true
			}
		}, {
			"streams":	[{
					"socket":	6,
					"start":	50.000084,
					"end":	60.000096,
					"seconds":	10.000012397766113,
					"bytes":	32041344,
					"bits_per_second":	25633043.420752291,
					"packets":	22128,
					"omitted":	false,
					"sender":	true
				}],
			"sum":	{
				"start":	50.000084,
				"end":	60.000096,
				"seconds":	10.000012397766113,
				"bytes":	32041344,
				"bits_per_second":	25633043.420752291,
				"packets":	22128,
				"omitted":	false,
				"sender":	true
			}
		}, {
			"streams":	[{
					"socket":	6,
					"start":	60.000096,
					"end":	70.000094,
					"seconds":	9.9999980926513672,
					"bytes":	1285824,
					"bits_per_second":	1028659.3962012093,
					"packets":	888,
					"omitted":	false,
					"sender":	true
				}],
			"sum":	{
				"start":	60.000096,
				"end":	70.000094,
				"seconds":	9.9999980926513672,
				"bytes":	1285824,
				"bits_per_second":	1028659.3962012093,
				"packets":	888,
				"omitted":	false,
				"sender":	true
			}
		}, {
			"streams":	[{
					"socket":	6,
					"start":	70.000094,
					"end":	80.000093,
					"seconds":	9.9999990463256836,
					"bytes":	10962808,
					"bits_per_second":	8770247.2363959532,
					"packets":	7571,
					"omitted":	false,
					"sender":	true
				}],
			"sum":	{
				"start":	70.000094,
				"end":	80.000093,
				"seconds":	9.9999990463256836,
				"bytes":	10962808,
				"bits_per_second":	8770247.2363959532,
				"packets":	7571,
				"omitted":	false,
				"sender":	true
			}
		}, {
			"streams":	[{
					"socket":	6,
					"start":	80.000093,
					"end":	90.00014,
					"seconds":	10.000046730041504,
					"bytes":	8701032,
					"bits_per_second":	6960793.0721850833,
					"packets":	6009,
					"omitted":	false,
					"sender":	true
				}],
			"sum":	{
				"start":	80.000093,
				"end":	90.00014,
				"seconds":	10.000046730041504,
				"bytes":	8701032,
				"bits_per_second":	6960793.0721850833,
				"packets":	6009,
				"omitted":	false,
				"sender":	true
			}
		}, {
			"streams":	[{
					"socket":	6,
					"start":	90.00014,
					"end":	100.000089,
					"seconds":	9.99994945526123,
					"bytes":	54412944,
					"bits_per_second":	43530575.224155322,
					"packets":	37578,
					"omitted":	false,
					"sender":	true
				}],
			"sum":	{
				"start":	90.00014,
				"end":	100.000089,
				"seconds":	9.99994945526123,
				"bytes":	54412944,
				"bits_per_second":	43530575.224155322,
				"packets":	37578,
				"omitted":	false,
				"sender":	true
			}
		}, {
			"streams":	[{
					"socket":	6,
					"start":	100.000089,
					"end":	110.000099,
					"seconds":	10.000009536743164,
					"bytes":	53696184,
					"bits_per_second":	42956906.233101815,
					"packets":	37083,
					"omitted":	false,
					"sender":	true
				}],
			"sum":	{
				"start":	100.000089,
				"end":	110.000099,
				"seconds":	10.000009536743164,
				"bytes":	53696184,
				"bits_per_second":	42956906.233101815,
				"packets":	37083,
				"omitted":	false,
				"sender":	true
			}
		}, {
			"streams":	[{
					"socket":	6,
					"start":	110.000099,
					"end":	120.000077,
					"seconds":	9.9999780654907227,
					"bytes":	49812648,
					"bits_per_second":	39850205.809470907,
					"packets":	34401,
					"omitted":	false,
					"sender":	true
				}],
			"sum":	{
				"start":	110.000099,
				"end":	120.000077,
				"seconds":	9.9999780654907227,
				"bytes":	49812648,
				"bits_per_second":	39850205.809470907,
				"packets":	34401,
				"omitted":	false,
				"sender":	true
			}
		}, {
			"streams":	[{
					"socket":	6,
					"start":	120.000077,
					"end":	130.000107,
					"seconds":	10.000029563903809,
					"bytes":	27917440,
					"bits_per_second":	22333885.972314343,
					"packets":	19280,
					"omitted":	false,
					"sender":	true
				}],
			"sum":	{
				"start":	120.000077,
				"end":	130.000107,
				"seconds":	10.000029563903809,
				"bytes":	27917440,
				"bits_per_second":	22333885.972314343,
				"packets":	19280,
				"omitted":	false,
				"sender":	true
			}
		}, {
			"streams":	[{
					"socket":	6,
					"start":	130.000107,
					"end":	140.000102,
					"seconds":	9.999995231628418,
					"bytes":	1348088,
					"bits_per_second":	1078470.914255006,
					"packets":	931,
					"omitted":	false,
					"sender":	true
				}],
			"sum":	{
				"start":	130.000107,
				"end":	140.000102,
				"seconds":	9.999995231628418,
				"bytes":	1348088,
				"bits_per_second":	1078470.914255006,
				"packets":	931,
				"omitted":	false,
				"sender":	true
			}
		}, {
			"streams":	[{
					"socket":	6,
					"start":	140.000102,
					"end":	150.000083,
					"seconds":	9.9999809265136719,
					"bytes":	50252840,
					"bits_per_second":	40202348.67989479,
					"packets":	34705,
					"omitted":	false,
					"sender":	true
				}],
			"sum":	{
				"start":	140.000102,