{
	"start":	{
		"connected":	[{
				"socket":	6,
				"local_host":	"10.20.15.3",
				"local_port":	54633,
				"remote_host":	"10.20.15.2",
				"remote_port":	5201
			}],
		"version":	"iperf 3.7",
		"system_info":	"Linux node2 5.8.0-1006-raspi #9-Ubuntu SMP PREEMPT Fri Oct 16 12:55:30 UTC 2020 aarch64",
		"timestamp":	{
			"time":	"Sun, 08 Aug 2021 08:48:39 GMT",
			"timesecs":	1628412519
		},
		"connecting_to":	{
			"host":	"10.20.15.2",
			"port":	5201
		},
		"cookie":	"d6gzdnrcktimx2g5gfahgg77rsohapl5o5yw",
		"sock_bufsize":	0,
		"sndbuf_actual":	212992,
		"rcvbuf_actual":	212992,
		"test_start":	{
			"protocol":	"UDP",
			"num_streams":	1,
			"blksize":	1448,
			"omit":	0,
			"duration":	300,
			"bytes":	0,
			"blocks":	0,
			"reverse":	0,
			"tos":	0
		}
	},
	"intervals":	[{
			"streams":	[{
					"socket":	6,
					"start":	0,
					"end":	10.000087,
					"seconds":	10.000086784362793,
					"bytes":	17011104,
					"bits_per_second":	13608765.097199265,
					"packets":	11748,
					"omitted":	false,
					"sender":	true
				}],
			"sum":	{
				"start":	0,
				"end":	10.000087,
				"seconds":	10.000086784362793,
				"bytes":	17011104,
				"bits_per_second":	13608765.097199265,
				"packets":	11748,
				"omitted":	false,
				"sender":	true
			}
		}, {
			"streams":	[{
					"socket":	6,
					"start":	10.000087,
					"end":	20.000099,
					"seconds":	10.000012397766113,
					"bytes":	13896456,
					"bits_per_second":	11117151.017216185,
					"packets":	9597,
					"omitted":	false,
					"sender":	true
				}],
			"sum":	{
				"start":	10.000087,
				"end":	20.000099,
				"seconds":	10.000012397766113,
				"bytes":	13896456,
				"bits_per_second":	11117151.017216185,
				"packets":	9597,
				"omitted":	false,
				"sender":	true
			}
		}, {
			"streams":	[{
					"socket":	6,
					"start":	20.000099,
					"end":	30.000095,
					"seconds":	9.9999961853027344,
					"bytes":	25279184,
					"bits_per_second":	20223354.914597668,
					"packets":	17458,
					"omitted":	false,
					"sender":	true
				}],
			"sum":	{
				"start":	20.000099,
				"end":	30.000095,
				"seconds":	9.9999961853027344,
				"bytes":	25279184,
				"bits_per_second":	20223354.914597668,
				"packets":	17458,
				"omitted":	false,
				"sender":	true
			}
		}, {
			"streams":	[{
					"socket":	6,
					"start":	30.000095,
					"end":	40.000081,
					"seconds":	9.9999856948852539,
					"bytes":	20054800,
					"bits_per_second":	16043862.950930048,
					"packets":	13850,
					"omitted":	false,
					"sender":	true
				}],
			"sum":	{
				"start":	30.000095,
				"end":	40.000081,
				"seconds":	9.9999856948852539,
				"bytes":	20054800,
				"bits_per_second":	16043862.950930048,
				"packets":	13850,
				"omitted":	false,
				"sender":	true
			}
		}, {
			"streams":	[{
					"socket":	6,
					"start":	40.000081,
					"end":	50.000077,
					"seconds":	9.9999961853027344,
					"bytes":	10938192,
					"bits_per_second":	8750556.9380725622,
					"packets":	7554,
					"omitted":	false,
					"sender":	true
				}],
			"sum":	{
				"start":	40.000081,
				"end":	50.000077,
				"seconds":	9.9999961853027344,
				"bytes":	10938192,
				"bits_per_second":	8750556.9380725622,
				"packets":	7554,
				"omitted":	false,
				"sender":	true
			}
		}, {
			"streams":	[{
					"socket":	6,
					"start":	50.000077,
					"end":	60.000083,
					"seconds":	10.000005722045898,
					"bytes":	20466032,
					"bits_per_second":	16372816.231399404,
					"packets":	14134,
					"omitted":	false,
					"sender":	true
				}],
			"sum":	{
				"start":	50.000077,
				"end":	60.000083,
				"seconds":	10.000005722045898,
				"bytes":	20466032,
				"bits_per_second":	16372816.231399404,
				"packets":	14134,
				"omitted":	false,
				"sender":	true
			}
		}, {
			"streams":	[{
					"socket":	6,
					"start":	60.000083,
					"end":	70.000084,
					"seconds":	10.000000953674316,
					"bytes":	21378272,
					"bits_per_second":	17102615.968967441,
					"packets":	14764,
					"omitted":	false,
					"sender":	true
				}],
			"sum":	{
				"start":	60.000083,
				"end":	70.000084,
				"seconds":	10.000000953674316,
				"bytes":	21378272,
				"bits_per_second":	17102615.968967441,
				"packets":	14764,
				"omitted":	false,
				"sender":	true
			}
		}, {
			"streams":	[{
					"socket":	6,
					"start":	70.000084,
					"end":	80.000332,
					"seconds":	10.000247955322266,
					"bytes":	12924848,
					"bits_per_second":	10339622.023568904,
					"packets":	8926,
					"omitted":	false,
					"sender":	true
				}],
			"sum":	{
				"start":	70.000084,
				"end":	80.000332,
				"seconds":	10.000247955322266,
				"bytes":	12924848,
				"bits_per_second":	10339622.023568904,
				"packets":	8926,
				"omitted":	false,
				"sender":	true
			}
		}, {
			"streams":	[{
					"socket":	6,
					"start":	80.000332,
					"end":	90.000015,
					"seconds":	9.9996833801269531,
					"bytes":	18771872,
					"bits_per_second":	15017973.098873599,
					"packets":	12964,
					"omitted":	false,
					"sender":	true
				}],
			"sum":	{
				"start":	80.000332,
				"end":	90.000015,
				"seconds":	9.9996833801269531,
				"bytes":	18771872,
				"bits_per_second":	15017973.098873599,
				"packets":	12964,
				"omitted":	false,
				"sender":	true
			}
		}, {
			"streams":	[{
					"socket":	6,
					"start":	90.000015,
					"end":	100.000086,
					"seconds":	10.000070571899414,
					"bytes":	17588856,
					"bits_per_second":	14070985.498382675,
					"packets":	12147,
					"omitted":	false,
					"sender":	true
				}],
			"sum":	{
				"start":	90.000015,
				"end":	100.000086,
				"seconds":	10.000070571899414,
				"bytes":	17588856,
				"bits_per_second":	14070985.498382675,
				"packets":	12147,
				"omitted":	false,
				"sender":	true
			}
		}, {
			"streams":	[{
					"socket":	6,
					"start":	100.000086,
					"end":	110.000101,
					"seconds":	10.000015258789062,
					"bytes":	13938448,
					"bits_per_second":	11150741.385318931,
					"packets":	9626,
					"omitted":	false,
					"sender":	true
				}],
			"sum":	{
				"start":	100.000086,
				"end":	110.000101,
				"seconds":	10.000015258789062,
				"bytes":	13938448,
				"bits_per_second":	11150741.385318931,
				"packets":	9626,
				"omitted":	false,
				"sender":	true
			}
		}, {
			"streams":	[{
					"socket":	6,
					"start":	110.000101,
					"end":	120.000099,
					"seconds":	9.9999980926513672,
					"bytes":	35044496,
					"bits_per_second":	28035602.147366744,
					"packets":	24202,
					"omitted":	false,
					"sender":	true
				}],
			"sum":	{
				"start":	110.000101,
				"end":	120.000099,
				"seconds":	9.9999980926513672,
				"bytes":	35044496,
				"bits_per_second":	28035602.147366744,
				"packets":	24202,
				"omitted":	false,
				"sender":	true
			}
		}, {
			"streams":	[{
					"socket":	6,
					"start":	120.000099,
					"end":	130.000079,
					"seconds":	9.9999799728393555,
					"bytes":	16534712,
					"bits_per_second":	13227796.09151973,
					"packets":	11419,
					"omitted":	false,
					"sender":	true
				}],
			"sum":	{
				"start":	120.000099,
				"end":	130.000079,
				"seconds":	9.9999799728393555,
				"bytes":	16534712,
				"bits_per_second":	13227796.09151973,
				"packets":	11419,
				"omitted":	false,
				"sender":	true
			}
		}, {
			"streams":	[{
					"socket":	6,
					"start":	130.000079,
					"end":	140.000089,
					"seconds":	10.000009536743164,
					"bytes":	21825704,
					"bits_per_second":	17460546.548325207,
					"packets":	15073,
					"omitted":	false,
					"sender":	true
				}],
			"sum":	{
				"start":	130.000079,
				"end":	140.000089,
				"seconds":	10.000009536743164,
				"bytes":	21825704,
				"bits_per_second":	17460546.548325207,
				"packets":	15073,
				"omitted":	false,
				"sender":	true
			}
		}, {
			"streams":	[{
					"socket":	6,
					"start":	140.000089,
					"end":	150.000088,
					"seconds":	9.9999990463256836,
					"bytes":	13683600,
					"bits_per_second":	10946881.043975929,
					"packets":	9450,
					"omitted":	false,
					"sender":	true
				}],