{
	"start":	{
		"connected":	[{
				"socket":	6,
				"local_host":	"10.20.15.3",
				"local_port":	55581,
				"remote_host":	"10.20.15.2",
				"remote_port":	5201
			}],
		"version":	"iperf 3.7",
		"system_info":	"Linux node2 5.8.0-1006-raspi #9-Ubuntu SMP PREEMPT Fri Oct 16 12:55:30 UTC 2020 aarch64",
		"timestamp":	{
			"time":	"Sun, 08 Aug 2021 12:18:46 GMT",
			"timesecs":	1628425126
		},
		"connecting_to":	{
			"host":	"10.20.15.2",
			"port":	5201
		},
		"cookie":	"uwyjc6tklh64x4p5is3qggz73rvs76uin5a4",
		"sock_bufsize":	0,
		"sndbuf_actual":	212992,
		"rcvbuf_actual":	212992,
		"test_start":	{
			"protocol":	"UDP",
			"num_streams":	1,
			"blksize":	1448,
			"omit":	0,
			"duration":	300,
			"bytes":	0,
			"blocks":	0,
			"reverse":	0,
			"tos":	0
		}
	},
	"intervals":	[{
			"streams":	[{
					"socket":	6,
					"start":	0,
					"end":	10.000086,
					"seconds":	10.000085830688477,
					"bytes":	61414024,
					"bits_per_second":	49130797.506982461,
					"packets":	42413,
					"omitted":	false,
					"sender":	true
				}],
			"sum":	{
				"start":	0,
				"end":	10.000086,
				"seconds":	10.000085830688477,
				"bytes":	61414024,
				"bits_per_second":	49130797.506982461,
				"packets":	42413,
				"omitted":	false,
				"sender":	true
			}
		}, {
			"streams":	[{
					"socket":	6,
					"start":	10.000086,
					"end":	20.000009,
					"seconds":	9.9999227523803711,
					"bytes":	61457464,
					"bits_per_second":	49166350.998358048,
					"packets":	42443,
					"omitted":	false,
					"sender":	true
				}],
			"sum":	{
				"start":	10.000086,
				"end":	20.000009,
				"seconds":	9.9999227523803711,
				"bytes":	61457464,
				"bits_per_second":	49166350.998358048,
				"packets":	42443,
				"omitted":	false,
				"sender":	true
			}
		}, {
			"streams":	[{
					"socket":	6,
					"start":	20.000009,
					"end":	30.000073,
					"seconds":	10.0000638961792,
					"bytes":	59688008,
					"bits_per_second":	47750101.29509709,
					"packets":	41221,
					"omitted":	false,
					"sender":	true
				}],
			"sum":	{
				"start":	20.000009,
				"end":	30.000073,
				"seconds":	10.0000638961792,
				"bytes":	59688008,
				"bits_per_second":	47750101.29509709,
				"packets":	41221,
				"omitted":	false,
				"sender":	true
			}
		}, {
			"streams":	[{
					"socket":	6,
					"start":	30.000073,
					"end":	40.000088,
					"seconds":	10.000015258789062,
					"bytes":	49724320,
					"bits_per_second":	39779395.301459804,
					"packets":	34340,
					"omitted":	false,
					"sender":	true
				}],
			"sum":	{
				"start":	30.000073,
				"end":	40.000088,
				"seconds":	10.000015258789062,
				"bytes":	49724320,
				"bits_per_second":	39779395.301459804,
				"packets":	34340,
				"omitted":	false,
				"sender":	true
			}
		}, {
			"streams":	[{
					"socket":	6,
					"start":	40.000088,
					"end":	50.000081,
					"seconds":	9.9999933242797852,
					"bytes":	8679312,
					"bits_per_second":	6943454.23525578,
					"packets":	5994,
					"omitted":	false,
					"sender":	true
				}],
			"sum":	{
				"start":	40.000088,
				"end":	50.000081,
				"seconds":	9.9999933242797852,
				"bytes":	8679312,
				"bits_per_second":	6943454.23525578,
				"packets":	5994,
				"omitted":	false,
				"sender":	true
			}
		}, {
			"streams":	[{
					"socket":	6,
					"start":	50.000081,
					"end":	60.000093,
					"seconds":	10.000012397766113,
					"bytes":	18126064,
					"bits_per_second":	14500833.222206127,
					"packets":	12518,
					"omitted":	false,
					"sender":	true
				}],
			"sum":	{
				"start":	50.000081,
				"end":	60.000093,
				"seconds":	10.000012397766113,
				"bytes":	18126064,
				"bits_per_second":	14500833.222206127,
				"packets":	12518,
				"omitted":	false,
				"sender":	true
			}
		}, {
			"streams":	[{
					"socket":	6,
					"start":	60.000093,
					"end":	70.000436,
					"seconds":	10.000343322753906,
					"bytes":	18656032,
					"bits_per_second":	14924313.214368708,
					"packets":	12884,
					"omitted":	false,
					"sender":	true
				}],
			"sum":	{
				"start":	60.000093,
				"end":	70.000436,
				"seconds":	10.000343322753906,
				"bytes":	18656032,
				"bits_per_second":	14924313.214368708,
				"packets":	12884,
				"omitted":	false,
				"sender":	true
			}
		}, {
			"streams":	[{
					"socket":	6,
					"start":	70.000436,
					"end":	80.000088,
					"seconds":	9.9996519088745117,
					"bytes":	793504,
					"bits_per_second":	634825.29770523671,
					"packets":	548,
					"omitted":	false,
					"sender":	true
				}],
			"sum":	{
				"start":	70.000436,
				"end":	80.000088,
				"seconds":	9.9996519088745117,
				"bytes":	793504,
				"bits_per_second":	634825.29770523671,
				"packets":	548,
				"omitted":	false,
				"sender":	true
			}
		}, {
			"streams":	[{
					"socket":	6,
					"start":	80.000088,
					"end":	90.000097,
					"seconds":	10.000008583068848,
					"bytes":	5809376,
					"bits_per_second":	4647496.81102149,
					"packets":	4012,
					"omitted":	false,
					"sender":	true
				}],
			"sum":	{
				"start":	80.000088,
				"end":	90.000097,
				"seconds":	10.000008583068848,
				"bytes":	5809376,
				"bits_per_second":	4647496.81102149,
				"packets":	4012,
				"omitted":	false,
				"sender":	true
			}
		}, {
			"streams":	[{
					"socket":	6,
					"start":	90.000097,
					"end":	100.000139,
					"seconds":	10.000041961669922,
					"bytes":	964368,
					"bits_per_second":	771491.16269424837,
					"packets":	666,
					"omitted":	false,
					"sender":	true
				}],
			"sum":	{
				"start":	90.000097,
				"end":	100.000139,
				"seconds":	10.000041961669922,
				"bytes":	964368,
				"bits_per_second":	771491.16269424837,
				"packets":	666,
				"omitted":	false,
				"sender":	true
			}
		}, {
			"streams":	[{
					"socket":	6,
					"start":	100.000139,
					"end":	110.000078,
					"seconds":	9.99993896484375,
					"bytes":	20205392,
					"bits_per_second":	16164412.259742796,
					"packets":	13954,
					"omitted":	false,
					"sender":	true
				}],
			"sum":	{
				"start":	100.000139,
				"end":	110.000078,
				"seconds":	9.99993896484375,
				"bytes":	20205392,
				"bits_per_second":	16164412.259742796,
				"packets":	13954,
				"omitted":	false,
				"sender":	true
			}
		}, {
			"streams":	[{
					"socket":	6,
					"start":	110.000078,
					"end":	120.000084,
					"seconds":	10.000005722045898,
					"bytes":	2153176,
					"bits_per_second":	1722539.814354812,
					"packets":	1487,
					"omitted":	false,
					"sender":	true
				}],
			"sum":	{
				"start":	110.000078,
				"end":	120.000084,
				"seconds":	10.000005722045898,
				"bytes":	2153176,
				"bits_per_second":	1722539.814354812,
				"packets":	1487,
				"omitted":	false,
				"sender":	true
			}
		}, {
			"streams":	[{
					"socket":	6,
					"start":	120.000084,
					"end":	130.000472,
					"seconds":	10.000388145446777,
					"bytes":	874592,
					"bits_per_second":	699646.44354185858,
					"packets":	604,
					"omitted":	false,
					"sender":	true
				}],
			"sum":	{
				"start":	120.000084,
				"end":	130.000472,
				"seconds":	10.000388145446777,
				"bytes":	874592,
				"bits_per_second":	699646.44354185858,
				"packets":	604,
				"omitted":	false,
				"sender":	true
			}
		}, {
			"streams":	[{
					"socket":	6,
					"start":	130.000472,
					"end":	140.000379,
					"seconds":	9.9999065399169922,
					"bytes":	9734904,
					"bits_per_second":	7787995.9866751377,
					"packets":	6723,
					"omitted":	false,
					"sender":	true
				}],
			"sum":	{
				"start":	130.000472,
				"end":	140.000379,
				"seconds":	9.9999065399169922,
				"bytes":	9734904,
				"bits_per_second":	7787995.9866751377,
				"packets":	6723,
				"omitted":	false,
				"sender":	true
			}
		}, {
			"streams":	[{
					"socket":	6,
					"start":	140.000379,
					"end":	150.00009,
					"seconds":	9.9997110366821289,
					"bytes":	839840,
					"bits_per_second":	671891.41519725847,
					"packets":	580,
					"omitted":	false,
					"sender":	true
				}],
			"sum":	{
				"start":	140.000379,
				"end":	150.00009,