{
	"start":	{
		"connected":	[{
				"socket":	6,
				"local_host":	"10.20.15.3",
				"local_port":	43522,
				"remote_host":	"10.20.15.2",
				"remote_port":	5201
			}],
		"version":	"iperf 3.7",
		"system_info":	"Linux node2 5.8.0-1006-raspi #9-Ubuntu SMP PREEMPT Fri Oct 16 12:55:30 UTC 2020 aarch64",
		"timestamp":	{
			"time":	"Sun, 08 Aug 2021 10:06:00 GMT",
			"timesecs":	1628417160
		},
		"connecting_to":	{
			"host":	"10.20.15.2",
			"port":	5201
		},
		"cookie":	"nkgxhquyl22a3ltaxgctwycpuxmb6qwayspk",
		"sock_bufsize":	0,
		"sndbuf_actual":	212992,
		"rcvbuf_actual":	212992,
		"test_start":	{
			"protocol":	"UDP",
			"num_streams":	1,
			"blksize":	1448,
			"omit":	0,
			"duration":	300,
			"bytes":	0,
			"blocks":	0,
			"reverse":	0,
			"tos":	0
		}
	},
	"intervals":	[{
			"streams":	[{
					"socket":	6,
					"start":	0,
					"end":	10.000078,
					"seconds":	10.000078201293945,
					"bytes":	51891976,
					"bits_per_second":	41513256.160965234,
					"packets":	35837,
					"omitted":	false,
					"sender":	true
				}],
			"sum":	{
				"start":	0,
				"end":	10.000078,
				"seconds":	10.000078201293945,
				"bytes":	51891976,
				"bits_per_second":	41513256.160965234,
				"packets":	35837,
				"omitted":	false,
				"sender":	true
			}
		}, {
			"streams":	[{
					"socket":	6,
					"start":	10.000078,
					"end":	20.000071,
					"seconds":	9.9999933242797852,
					"bytes":	31123312,
					"bits_per_second":	24898666.221652944,
					"packets":	21494,
					"omitted":	false,
					"sender":	true
				}],
			"sum":	{
				"start":	10.000078,
				"end":	20.000071,
				"seconds":	9.9999933242797852,
				"bytes":	31123312,
				"bits_per_second":	24898666.221652944,
				"packets":	21494,
				"omitted":	false,
				"sender":	true
			}
		}, {
			"streams":	[{
					"socket":	6,
					"start":	20.000071,
					"end":	30.000099,
					"seconds":	10.000027656555176,
					"bytes":	27640872,
					"bits_per_second":	22112636.444065012,
					"packets":	19089,
					"omitted":	false,
					"sender":	true
				}],
			"sum":	{
				"start":	20.000071,
				"end":	30.000099,
				"seconds":	10.000027656555176,
				"bytes":	27640872,
				"bits_per_second":	22112636.444065012,
				"packets":	19089,
				"omitted":	false,
				"sender":	true
			}
		}, {
			"streams":	[{
					"socket":	6,
					"start":	30.000099,
					"end":	40.000071,
					"seconds":	9.9999723434448242,
					"bytes":	16879336,
					"bits_per_second":	13503506.146046279,
					"packets":	11657,
					"omitted":	false,
					"sender":	true
				}],
			"sum":	{
				"start":	30.000099,
				"end":	40.000071,
				"seconds":	9.9999723434448242,
				"bytes":	16879336,
				"bits_per_second":	13503506.146046279,
				"packets":	11657,
				"omitted":	false,
				"sender":	true
			}
		}, {
			"streams":	[{
					"socket":	6,
					"start":	40.000071,
					"end":	50.000098,
					"seconds":	10.000026702880859,
					"bytes":	20402320,
					"bits_per_second":	16321812.416058764,
					"packets":	14090,
					"omitted":	false,
					"sender":	true
				}],
			"sum":	{
				"start":	40.000071,
				"end":	50.000098,
				"seconds":	10.000026702880859,
				"bytes":	20402320,
				"bits_per_second":	16321812.416058764,
				"packets":	14090,
				"omitted":	false,
				"sender":	true
			}
		}, {
			"streams":	[{
					"socket":	6,
					"start":	50.000098,
					"end":	60.000092,
					"seconds":	9.9999942779541016,
					"bytes":	21284152,
					"bits_per_second":	17027331.343117148,
					"packets":	14699,
					"omitted":	false,
					"sender":	true
				}],
			"sum":	{
				"start":	50.000098,
				"end":	60.000092,
				"seconds":	9.9999942779541016,
				"bytes":	21284152,
				"bits_per_second":	17027331.343117148,
				"packets":	14699,
				"omitted":	false,
				"sender":	true
			}
		}, {
			"streams":	[{
					"socket":	6,
					"start":	60.000092,
					"end":	70.000101,
					"seconds":	10.000008583068848,
					"bytes":	13741520,
					"bits_per_second":	10993206.56445512,
					"packets":	9490,
					"omitted":	false,
					"sender":	true
				}],
			"sum":	{
				"start":	60.000092,
				"end":	70.000101,
				"seconds":	10.000008583068848,
				"bytes":	13741520,
				"bits_per_second":	10993206.56445512,
				"packets":	9490,
				"omitted":	false,
				"sender":	true
			}
		}, {
			"streams":	[{
					"socket":	6,
					"start":	70.000101,
					"end":	80.000091,
					"seconds":	9.9999904632568359,
					"bytes":	13269472,
					"bits_per_second":	10615587.723813366,
					"packets":	9164,
					"omitted":	false,
					"sender":	true
				}],
			"sum":	{
				"start":	70.000101,
				"end":	80.000091,
				"seconds":	9.9999904632568359,
				"bytes":	13269472,
				"bits_per_second":	10615587.723813366,
				"packets":	9164,
				"omitted":	false,
				"sender":	true
			}
		}, {
			"streams":	[{
					"socket":	6,
					"start":	80.000091,
					"end":	90.000099,
					"seconds":	10.000007629394531,
					"bytes":	23499592,
					"bits_per_second":	18799659.256998248,
					"packets":	16229,
					"omitted":	false,
					"sender":	true
				}],
			"sum":	{
				"start":	80.000091,
				"end":	90.000099,
				"seconds":	10.000007629394531,
				"bytes":	23499592,
				"bits_per_second":	18799659.256998248,
				"packets":	16229,
				"omitted":	false,
				"sender":	true
			}
		}, {
			"streams":	[{
					"socket":	6,
					"start":	90.000099,
					"end":	100.000099,
					"seconds":	10,
					"bytes":	14161440,
					"bits_per_second":	11329152,
					"packets":	9780,
					"omitted":	false,
					"sender":	true
				}],
			"sum":	{
				"start":	90.000099,
				"end":	100.000099,
				"seconds":	10,
				"bytes":	14161440,
				"bits_per_second":	11329152,
				"packets":	9780,
				"omitted":	false,
				"sender":	true
			}
		}, {
			"streams":	[{
					"socket":	6,
					"start":	100.000099,
					"end":	110.00009,
					"seconds":	9.9999914169311523,
					"bytes":	11429064,
					"bits_per_second":	9143259.04772219,
					"packets":	7893,
					"omitted":	false,
					"sender":	true
				}],
			"sum":	{
				"start":	100.000099,
				"end":	110.00009,
				"seconds":	9.9999914169311523,
				"bytes":	11429064,
				"bits_per_second":	9143259.04772219,
				"packets":	7893,
				"omitted":	false,
				"sender":	true
			}
		}, {
			"streams":	[{
					"socket":	6,
					"start":	110.00009,
					"end":	120.000285,
					"seconds":	10.000194549560547,
					"bytes":	23399680,
					"bits_per_second":	18719379.815288324,
					"packets":	16160,
					"omitted":	false,
					"sender":	true
				}],
			"sum":	{
				"start":	110.00009,
				"end":	120.000285,
				"seconds":	10.000194549560547,
				"bytes":	23399680,
				"bits_per_second":	18719379.815288324,
				"packets":	16160,
				"omitted":	false,
				"sender":	true
			}
		}, {
			"streams":	[{
					"socket":	6,
					"start":	120.000285,
					"end":	130.00009,
					"seconds":	9.9998054504394531,
					"bytes":	21746064,
					"bits_per_second":	17397189.661560342,
					"packets":	15018,
					"omitted":	false,
					"sender":	true
				}],
			"sum":	{
				"start":	120.000285,
				"end":	130.00009,
				"seconds":	9.9998054504394531,
				"bytes":	21746064,
				"bits_per_second":	17397189.661560342,
				"packets":	15018,
				"omitted":	false,
				"sender":	true
			}
		}, {
			"streams":	[{
					"socket":	6,
					"start":	130.00009,
					"end":	140.000078,
					"seconds":	9.9999876022338867,
					"bytes":	16793904,
					"bits_per_second":	13435139.856572164,
					"packets":	11598,
					"omitted":	false,
					"sender":	true
				}],
			"sum":	{
				"start":	130.00009,
				"end":	140.000078,
				"seconds":	9.9999876022338867,
				"bytes":	16793904,
				"bits_per_second":	13435139.856572164,
				"packets":	11598,
				"omitted":	false,
				"sender":	true
			}
		}, {
			"streams":	[{
					"socket":	6,
					"start":	140.000078,
					"end":	150.000051,
					"seconds":	9.99997329711914,
					"bytes":	14737744,
					"bits_per_second":	11790226.683301844,
					"packets":	10178,
					"omitted":	false,
					"sender":	true
				}],
			"sum":	{
				"start":	140.000078,
				"end":	150.000051,