{
	"start":	{
		"connected":	[{
				"socket":	6,
				"local_host":	"10.20.15.3",
				"local_port":	35322,
				"remote_host":	"10.20.15.2",
				"remote_port":	5201
			}],
		"version":	"iperf 3.7",
		"system_info":	"Linux node2 5.8.0-1006-raspi #9-Ubuntu SMP PREEMPT Fri Oct 16 12:55:30 UTC 2020 aarch64",
		"timestamp":	{
			"time":	"Sun, 08 Aug 2021 12:44:40 GMT",
			"timesecs":	1628426680
		},
		"connecting_to":	{
			"host":	"10.20.15.2",
			"port":	5201
		},
		"cookie":	"xfgq2i2bhpwy2krjxenvif4725go6abuv3ai",
		"sock_bufsize":	0,
		"sndbuf_actual":	212992,
		"rcvbuf_actual":	212992,
		"test_start":	{
			"protocol":	"UDP",
			"num_streams":	1,
			"blksize":	1448,
			"omit":	0,
			"duration":	300,
			"bytes":	0,
			"blocks":	0,
			"reverse":	0,
			"tos":	0
		}
	},
	"intervals":	[{
			"streams":	[{
					"socket":	6,
					"start":	0,
					"end":	10.000091,
					"seconds":	10.000090599060059,
					"bytes":	5065104,
					"bits_per_second":	4052046.48883968,
					"packets":	3498,
					"omitted":	false,
					"sender":	true
				}],
			"sum":	{
				"start":	0,
				"end":	10.000091,
				"seconds":	10.000090599060059,
				"bytes":	5065104,
				"bits_per_second":	4052046.48883968,
				"packets":	3498,
				"omitted":	false,
				"sender":	true
			}
		}, {
			"streams":	[{
					"socket":	6,
					"start":	10.000091,
					"end":	20.000098,
					"seconds":	10.000006675720215,
					"bytes":	822464,
					"bits_per_second":	657970.76075712917,
					"packets":	568,
					"omitted":	false,
					"sender":	true
				}],
			"sum":	{
				"start":	10.000091,
				"end":	20.000098,
				"seconds":	10.000006675720215,
				"bytes":	822464,
				"bits_per_second":	657970.76075712917,
				"packets":	568,
				"omitted":	false,
				"sender":	true
			}
		}, {
			"streams":	[{
					"socket":	6,
					"start":	20.000098,
					"end":	30.000087,
					"seconds":	9.9999885559082031,
					"bytes":	27501864,
					"bits_per_second":	22001516.378737312,
					"packets":	18993,
					"omitted":	false,
					"sender":	true
				}],
			"sum":	{
				"start":	20.000098,
				"end":	30.000087,
				"seconds":	9.9999885559082031,
				"bytes":	27501864,
				"bits_per_second":	22001516.378737312,
				"packets":	18993,
				"omitted":	false,
				"sender":	true
			}
		}, {
			"streams":	[{
					"socket":	6,
					"start":	30.000087,
					"end":	40.000088,
					"seconds":	10.000000953674316,
					"bytes":	6688312,
					"bits_per_second":	5350649.0897223391,
					"packets":	4619,
					"omitted":	false,
					"sender":	true
				}],
			"sum":	{
				"start":	30.000087,
				"end":	40.000088,
				"seconds":	10.000000953674316,
				"bytes":	6688312,
				"bits_per_second":	5350649.0897223391,
				"packets":	4619,
				"omitted":	false,
				"sender":	true
			}
		}, {
			"streams":	[{
					"socket":	6,
					"start":	40.000088,
					"end":	50.000081,
					"seconds":	9.9999933242797852,
					"bytes":	22342640,
					"bits_per_second":	17874123.932265047,
					"packets":	15430,
					"omitted":	false,
					"sender":	true
				}],
			"sum":	{
				"start":	40.000088,
				"end":	50.000081,
				"seconds":	9.9999933242797852,
				"bytes":	22342640,
				"bits_per_second":	17874123.932265047,
				"packets":	15430,
				"omitted":	false,
				"sender":	true
			}
		}, {
			"streams":	[{
					"socket":	6,
					"start":	50.000081,
					"end":	60.000099,
					"seconds":	10.000018119812012,
					"bytes":	6097528,
					"bits_per_second":	4878013.5611311281,
					"packets":	4211,
					"omitted":	false,
					"sender":	true
				}],
			"sum":	{
				"start":	50.000081,
				"end":	60.000099,
				"seconds":	10.000018119812012,
				"bytes":	6097528,
				"bits_per_second":	4878013.5611311281,
				"packets":	4211,
				"omitted":	false,
				"sender":	true
			}
		}, {
			"streams":	[{
					"socket":	6,
					"start":	60.000099,
					"end":	70.000088,
					"seconds":	9.9999885559082031,
					"bytes":	7241448,
					"bits_per_second":	5793165.0297512393,
					"packets":	5001,
					"omitted":	false,
					"sender":	true
				}],
			"sum":	{
				"start":	60.000099,
				"end":	70.000088,
				"seconds":	9.9999885559082031,
				"bytes":	7241448,
				"bits_per_second":	5793165.0297512393,
				"packets":	5001,
				"omitted":	false,
				"sender":	true
			}
		}, {
			"streams":	[{
					"socket":	6,
					"start":	70.000088,
					"end":	80.000098,
					"seconds":	10.000009536743164,
					"bytes":	25667248,
					"bits_per_second":	20533778.817462523,
					"packets":	17726,
					"omitted":	false,
					"sender":	true
				}],
			"sum":	{
				"start":	70.000088,
				"end":	80.000098,
				"seconds":	10.000009536743164,
				"bytes":	25667248,
				"bits_per_second":	20533778.817462523,
				"packets":	17726,
				"omitted":	false,
				"sender":	true
			}
		}, {
			"streams":	[{
					"socket":	6,
					"start":	80.000098,
					"end":	90.002213,
					"seconds":	10.002115249633789,
					"bytes":	7205248,
					"bits_per_second":	5762979.3859964237,
					"packets":	4976,
					"omitted":	false,
					"sender":	true
				}],
			"sum":	{
				"start":	80.000098,
				"end":	90.002213,
				"seconds":	10.002115249633789,
				"bytes":	7205248,
				"bits_per_second":	5762979.3859964237,
				"packets":	4976,
				"omitted":	false,
				"sender":	true
			}
		}, {
			"streams":	[{
					"socket":	6,
					"start":	90.002213,
					"end":	100.000087,
					"seconds":	9.99787425994873,
					"bytes":	40076296,
					"bits_per_second":	32067853.592073891,
					"packets":	27677,
					"omitted":	false,
					"sender":	true
				}],
			"sum":	{
				"start":	90.002213,
				"end":	100.000087,
				"seconds":	9.99787425994873,
				"bytes":	40076296,
				"bits_per_second":	32067853.592073891,
				"packets":	27677,
				"omitted":	false,
				"sender":	true
			}
		}, {
			"streams":	[{
					"socket":	6,
					"start":	100.000087,
					"end":	110.000109,
					"seconds":	10.000021934509277,
					"bytes":	54160992,
					"bits_per_second":	43328698.560625948,
					"packets":	37404,
					"omitted":	false,
					"sender":	true
				}],
			"sum":	{
				"start":	100.000087,
				"end":	110.000109,
				"seconds":	10.000021934509277,
				"bytes":	54160992,
				"bits_per_second":	43328698.560625948,
				"packets":	37404,
				"omitted":	false,
				"sender":	true
			}
		}, {
			"streams":	[{
					"socket":	6,
					"start":	110.000109,
					"end":	120.000088,
					"seconds":	9.9999790191650391,
					"bytes":	51291056,
					"bits_per_second":	41032930.8905151,
					"packets":	35422,
					"omitted":	false,
					"sender":	true
				}],
			"sum":	{
				"start":	110.000109,
				"end":	120.000088,
				"seconds":	9.9999790191650391,
				"bytes":	51291056,
				"bits_per_second":	41032930.8905151,
				"packets":	35422,
				"omitted":	false,
				"sender":	true
			}
		}, {
			"streams":	[{
					"socket":	6,
					"start":	120.000088,
					"end":	130.00134,
					"seconds":	10.001252174377441,
					"bytes":	54573672,
					"bits_per_second":	43653471.424159631,
					"packets":	37689,
					"omitted":	false,
					"sender":	true
				}],
			"sum":	{
				"start":	120.000088,
				"end":	130.00134,
				"seconds":	10.001252174377441,
				"bytes":	54573672,
				"bits_per_second":	43653471.424159631,
				"packets":	37689,
				"omitted":	false,
				"sender":	true
			}
		}, {
			"streams":	[{
					"socket":	6,
					"start":	130.00134,
					"end":	140.000114,
					"seconds":	9.9987735748291016,
					"bytes":	59226096,
					"bits_per_second":	47386688.422744721,
					"packets":	40902,
					"omitted":	false,
					"sender":	true
				}],
			"sum":	{
				"start":	130.00134,
				"end":	140.000114,
				"seconds":	9.9987735748291016,
				"bytes":	59226096,
				"bits_per_second":	47386688.422744721,
				"packets":	40902,
				"omitted":	false,
				"sender":	true
			}
		}, {
			"streams":	[{
					"socket":	6,
					"start":	140.000114,
					"end":	150.000079,
					"seconds":	9.999964714050293,
					"bytes":	11333496,
					"bits_per_second":	9066828.79316648,
					"packets":	7827,
					"omitted":	false,
					"sender":	true
				}],
			"sum":	{
				"start":	140.000114,
				"end":	150.000079,