{
	"start":	{
		"connected":	[{
				"socket":	6,
				"local_host":	"10.20.15.3",
				"local_port":	36315,
				"remote_host":	"10.20.15.2",
				"remote_port":	5201
			}],
		"version":	"iperf 3.7",
		"system_info":	"Linux node2 5.8.0-1006-raspi #9-Ubuntu SMP PREEMPT Fri Oct 16 12:55:30 UTC 2020 aarch64",
		"timestamp":	{
			"time":	"Sun, 08 Aug 2021 09:19:21 GMT",
			"timesecs":	1628414361
		},
		"connecting_to":	{
			"host":	"10.20.15.2",
			"port":	5201
		},
		"cookie":	"k63urhc4o33acti2w2xqji33roeh4gz2nwuu",
		"sock_bufsize":	0,
		"sndbuf_actual":	212992,
		"rcvbuf_actual":	212992,
		"test_start":	{
			"protocol":	"UDP",
			"num_streams":	1,
			"blksize":	1448,
			"omit":	0,
			"duration":	300,
			"bytes":	0,
			"blocks":	0,
			"reverse":	0,
			"tos":	0
		}
	},
	"intervals":	[{
			"streams":	[{
					"socket":	6,
					"start":	0,
					"end":	10.000091,
					"seconds":	10.000090599060059,
					"bytes":	26404280,
					"bits_per_second":	21123232.625497874,
					"packets":	18235,
					"omitted":	false,
					"sender":	true
				}],
			"sum":	{
				"start":	0,
				"end":	10.000091,
				"seconds":	10.000090599060059,
				"bytes":	26404280,
				"bits_per_second":	21123232.625497874,
				"packets":	18235,
				"omitted":	false,
				"sender":	true
			}
		}, {
			"streams":	[{
					"socket":	6,
					"start":	10.000091,
					"end":	20.000358,
					"seconds":	10.000267028808594,
					"bytes":	19109256,
					"bits_per_second":	15286996.593151275,
					"packets":	13197,
					"omitted":	false,
					"sender":	true
				}],
			"sum":	{
				"start":	10.000091,
				"end":	20.000358,
				"seconds":	10.000267028808594,
				"bytes":	19109256,
				"bits_per_second":	15286996.593151275,
				"packets":	13197,
				"omitted":	false,
				"sender":	true
			}
		}, {
			"streams":	[{
					"socket":	6,
					"start":	20.000358,
					"end":	30.000084,
					"seconds":	9.9997262954711914,
					"bytes":	3832856,
					"bits_per_second":	3066368.7279007821,
					"packets":	2647,
					"omitted":	false,
					"sender":	true
				}],
			"sum":	{
				"start":	20.000358,
				"end":	30.000084,
				"seconds":	9.9997262954711914,
				"bytes":	3832856,
				"bits_per_second":	3066368.7279007821,
				"packets":	2647,
				"omitted":	false,
				"sender":	true
			}
		}, {
			"streams":	[{
					"socket":	6,
					"start":	30.000084,
					"end":	40.0001,
					"seconds":	10.000016212463379,
					"bytes":	13893560,
					"bits_per_second":	11114829.980122598,
					"packets":	9595,
					"omitted":	false,
					"sender":	true
				}],
			"sum":	{
				"start":	30.000084,
				"end":	40.0001,
				"seconds":	10.000016212463379,
				"bytes":	13893560,
				"bits_per_second":	11114829.980122598,
				"packets":	9595,
				"omitted":	false,
				"sender":	true
			}
		}, {
			"streams":	[{
					"socket":	6,
					"start":	40.0001,
					"end":	50.000083,
					"seconds":	9.9999828338623047,
					"bytes":	18137648,
					"bits_per_second":	14510143.308311801,
					"packets":	12526,
					"omitted":	false,
					"sender":	true
				}],
			"sum":	{
				"start":	40.0001,
				"end":	50.000083,
				"seconds":	9.9999828338623047,
				"bytes":	18137648,
				"bits_per_second":	14510143.308311801,
				"packets":	12526,
				"omitted":	false,
				"sender":	true
			}
		}, {
			"streams":	[{
					"socket":	6,
					"start":	50.000083,
					"end":	60.000094,
					"seconds":	10.000011444091797,
					"bytes":	17290568,
					"bits_per_second":	13832438.570030322,
					"packets":	11941,
					"omitted":	false,
					"sender":	true
				}],
			"sum":	{
				"start":	50.000083,
				"end":	60.000094,
				"seconds":	10.000011444091797,
				"bytes":	17290568,
				"bits_per_second":	13832438.570030322,
				"packets":	11941,
				"omitted":	false,
				"sender":	true
			}
		}, {
			"streams":	[{
					"socket":	6,
					"start":	60.000094,
					"end":	70.000064,
					"seconds":	9.9999704360961914,
					"bytes":	1239488,
					"bits_per_second":	991593.3315369871,
					"packets":	856,
					"omitted":	false,
					"sender":	true
				}],
			"sum":	{
				"start":	60.000094,
				"end":	70.000064,
				"seconds":	9.9999704360961914,
				"bytes":	1239488,
				"bits_per_second":	991593.3315369871,
				"packets":	856,
				"omitted":	false,
				"sender":	true
			}
		}, {
			"streams":	[{
					"socket":	6,
					"start":	70.000064,
					"end":	80.000082,
					"seconds":	10.000018119812012,
					"bytes":	15495048,
					"bits_per_second":	12396015.93865215,
					"packets":	10701,
					"omitted":	false,
					"sender":	true
				}],
			"sum":	{
				"start":	70.000064,
				"end":	80.000082,
				"seconds":	10.000018119812012,
				"bytes":	15495048,
				"bits_per_second":	12396015.93865215,
				"packets":	10701,
				"omitted":	false,
				"sender":	true
			}
		}, {
			"streams":	[{
					"socket":	6,
					"start":	80.000082,
					"end":	90.00013,
					"seconds":	10.00004768371582,
					"bytes":	18460552,
					"bits_per_second":	14768371.178918557,
					"packets":	12749,
					"omitted":	false,
					"sender":	true
				}],
			"sum":	{
				"start":	80.000082,
				"end":	90.00013,
				"seconds":	10.00004768371582,
				"bytes":	18460552,
				"bits_per_second":	14768371.178918557,
				"packets":	12749,
				"omitted":	false,
				"sender":	true
			}
		}, {
			"streams":	[{
					"socket":	6,
					"start":	90.00013,
					"end":	100.000095,
					"seconds":	9.999964714050293,
					"bytes":	12651176,
					"bits_per_second":	10120976.512826821,
					"packets":	8737,
					"omitted":	false,
					"sender":	true
				}],
			"sum":	{
				"start":	90.00013,
				"end":	100.000095,
				"seconds":	9.999964714050293,
				"bytes":	12651176,
				"bits_per_second":	10120976.512826821,
				"packets":	8737,
				"omitted":	false,
				"sender":	true
			}
		}, {
			"streams":	[{
					"socket":	6,
					"start":	100.000095,
					"end":	110.000086,
					"seconds":	9.9999914169311523,
					"bytes":	2474632,
					"bits_per_second":	1979707.2991964046,
					"packets":	1709,
					"omitted":	false,
					"sender":	true
				}],
			"sum":	{
				"start":	100.000095,
				"end":	110.000086,
				"seconds":	9.9999914169311523,
				"bytes":	2474632,
				"bits_per_second":	1979707.2991964046,
				"packets":	1709,
				"omitted":	false,
				"sender":	true
			}
		}, {
			"streams":	[{
					"socket":	6,
					"start":	110.000086,
					"end":	120.000109,
					"seconds":	10.000022888183594,
					"bytes":	12696064,
					"bits_per_second":	10156827.952865709,
					"packets":	8768,
					"omitted":	false,
					"sender":	true
				}],
			"sum":	{
				"start":	110.000086,
				"end":	120.000109,
				"seconds":	10.000022888183594,
				"bytes":	12696064,
				"bits_per_second":	10156827.952865709,
				"packets":	8768,
				"omitted":	false,
				"sender":	true
			}
		}, {
			"streams":	[{
					"socket":	6,
					"start":	120.000109,
					"end":	130.000106,
					"seconds":	9.99999713897705,
					"bytes":	17772752,
					"bits_per_second":	14218205.667861272,
					"packets":	12274,
					"omitted":	false,
					"sender":	true
				}],
			"sum":	{
				"start":	120.000109,
				"end":	130.000106,
				"seconds":	9.99999713897705,
				"bytes":	17772752,
				"bits_per_second":	14218205.667861272,
				"packets":	12274,
				"omitted":	false,
				"sender":	true
			}
		}, {
			"streams":	[{
					"socket":	6,
					"start":	130.000106,
					"end":	140.000046,
					"seconds":	9.9999399185180664,
					"bytes":	7348600,
					"bits_per_second":	5878915.3213944668,
					"packets":	5075,
					"omitted":	false,
					"sender":	true
				}],
			"sum":	{
				"start":	130.000106,
				"end":	140.000046,
				"seconds":	9.9999399185180664,
				"bytes":	7348600,
				"bits_per_second":	5878915.3213944668,
				"packets":	5075,
				"omitted":	false,
				"sender":	true
			}
		}, {
			"streams":	[{
					"socket":	6,
					"start":	140.000046,
					"end":	150.000114,
					"seconds":	10.000067710876465,
					"bytes":	7167600,
					"bits_per_second":	5734041.17430464,
					"packets":	4950,
					"omitted":	false,
					"sender":	true
				}],
			"sum":	{
				"start":	140.000046,
				"end":	150.000114,