{
	"start":	{
		"connected":	[{
				"socket":	6,
				"local_host":	"10.20.15.3",
				"local_port":	53661,
				"remote_host":	"10.20.15.2",
				"remote_port":	5201
			}],
		"version":	"iperf 3.7",
		"system_info":	"Linux node2 5.8.0-1006-raspi #9-Ubuntu SMP PREEMPT Fri Oct 16 12:55:30 UTC 2020 aarch64",
		"timestamp":	{
			"time":	"Sun, 08 Aug 2021 11:01:32 GMT",
			"timesecs":	1628420492
		},
		"connecting_to":	{
			"host":	"10.20.15.2",
			"port":	5201
		},
		"cookie":	"3ioxstz2v4jszxwak2llmw52k5zmbsbawir2",
		"sock_bufsize":	0,
		"sndbuf_actual":	212992,
		"rcvbuf_actual":	212992,
		"test_start":	{
			"protocol":	"UDP",
			"num_streams":	1,
			"blksize":	1448,
			"omit":	0,
			"duration":	300,
			"bytes":	0,
			"blocks":	0,
			"reverse":	0,
			"tos":	0
		}
	},
	"intervals":	[{
			"streams":	[{
					"socket":	6,
					"start":	0,
					"end":	10.000131,
					"seconds":	10.000130653381348,
					"bytes":	24902704,
					"bits_per_second":	19921902.913602147,
					"packets":	17198,
					"omitted":	false,
					"sender":	true
				}],
			"sum":	{
				"start":	0,
				"end":	10.000131,
				"seconds":	10.000130653381348,
				"bytes":	24902704,
				"bits_per_second":	19921902.913602147,
				"packets":	17198,
				"omitted":	false,
				"sender":	true
			}
		}, {
			"streams":	[{
					"socket":	6,
					"start":	10.000131,
					"end":	20.000092,
					"seconds":	9.9999608993530273,
					"bytes":	15797680,
					"bits_per_second":	12638193.416153913,
					"packets":	10910,
					"omitted":	false,
					"sender":	true
				}],
			"sum":	{
				"start":	10.000131,
				"end":	20.000092,
				"seconds":	9.9999608993530273,
				"bytes":	15797680,
				"bits_per_second":	12638193.416153913,
				"packets":	10910,
				"omitted":	false,
				"sender":	true
			}
		}, {
			"streams":	[{
					"socket":	6,
					"start":	20.000092,
					"end":	30.000093,
					"seconds":	10.000000953674316,
					"bytes":	34756344,
					"bits_per_second":	27805072.548301645,
					"packets":	24003,
					"omitted":	false,
					"sender":	true
				}],
			"sum":	{
				"start":	20.000092,
				"end":	30.000093,
				"seconds":	10.000000953674316,
				"bytes":	34756344,
				"bits_per_second":	27805072.548301645,
				"packets":	24003,
				"omitted":	false,
				"sender":	true
			}
		}, {
			"streams":	[{
					"socket":	6,
					"start":	30.000093,
					"end":	40.000098,
					"seconds":	10.000004768371582,
					"bytes":	9328016,
					"bits_per_second":	7462409.2416459834,
					"packets":	6442,
					"omitted":	false,
					"sender":	true
				}],
			"sum":	{
				"start":	30.000093,
				"end":	40.000098,
				"seconds":	10.000004768371582,
				"bytes":	9328016,
				"bits_per_second":	7462409.2416459834,
				"packets":	6442,
				"omitted":	false,
				"sender":	true
			}
		}, {
			"streams":	[{
					"socket":	6,
					"start":	40.000098,
					"end":	50.000114,
					"seconds":	10.000016212463379,
					"bytes":	42133904,
					"bits_per_second":	33707068.552538551,
					"packets":	29098,
					"omitted":	false,
					"sender":	true
				}],
			"sum":	{
				"start":	40.000098,
				"end":	50.000114,
				"seconds":	10.000016212463379,
				"bytes":	42133904,
				"bits_per_second":	33707068.552538551,
				"packets":	29098,
				"omitted":	false,
				"sender":	true
			}
		}, {
			"streams":	[{
					"socket":	6,
					"start":	50.000114,
					"end":	60.000143,
					"seconds":	10.000028610229492,
					"bytes":	14507512,
					"bits_per_second":	11605976.395035185,
					"packets":	10019,
					"omitted":	false,
					"sender":	true
				}],
			"sum":	{
				"start":	50.000114,
				"end":	60.000143,
				"seconds":	10.000028610229492,
				"bytes":	14507512,
				"bits_per_second":	11605976.395035185,
				"packets":	10019,
				"omitted":	false,
				"sender":	true
			}
		}, {
			"streams":	[{
					"socket":	6,
					"start":	60.000143,
					"end":	70.000111,
					"seconds":	9.9999675750732422,
					"bytes":	23002928,
					"bits_per_second":	18402402.069653928,
					"packets":	15886,
					"omitted":	false,
					"sender":	true
				}],
			"sum":	{
				"start":	60.000143,
				"end":	70.000111,
				"seconds":	9.9999675750732422,
				"bytes":	23002928,
				"bits_per_second":	18402402.069653928,
				"packets":	15886,
				"omitted":	false,
				"sender":	true
			}
		}, {
			"streams":	[{
					"socket":	6,
					"start":	70.000111,
					"end":	80.000092,
					"seconds":	9.9999809265136719,
					"bytes":	31912472,
					"bits_per_second":	25530026.294660747,
					"packets":	22039,
					"omitted":	false,
					"sender":	true
				}],
			"sum":	{
				"start":	70.000111,
				"end":	80.000092,
				"seconds":	9.9999809265136719,
				"bytes":	31912472,
				"bits_per_second":	25530026.294660747,
				"packets":	22039,
				"omitted":	false,
				"sender":	true
			}
		}, {
			"streams":	[{
					"socket":	6,
					"start":	80.000092,
					"end":	90.000089,
					"seconds":	9.99999713897705,
					"bytes":	7894496,
					"bits_per_second":	6315598.606907255,
					"packets":	5452,
					"omitted":	false,
					"sender":	true
				}],
			"sum":	{
				"start":	80.000092,
				"end":	90.000089,
				"seconds":	9.99999713897705,
				"bytes":	7894496,
				"bits_per_second":	6315598.606907255,
				"packets":	5452,
				"omitted":	false,
				"sender":	true
			}
		}, {
			"streams":	[{
					"socket":	6,
					"start":	90.000089,
					"end":	100.000091,
					"seconds":	10.000001907348633,
					"bytes":	23916616,
					"bits_per_second":	19133289.150614709,
					"packets":	16517,
					"omitted":	false,
					"sender":	true
				}],
			"sum":	{
				"start":	90.000089,
				"end":	100.000091,
				"seconds":	10.000001907348633,
				"bytes":	23916616,
				"bits_per_second":	19133289.150614709,
				"packets":	16517,
				"omitted":	false,
				"sender":	true
			}
		}, {
			"streams":	[{
					"socket":	6,
					"start":	100.000091,
					"end":	110.000089,
					"seconds":	9.9999980926513672,
					"bytes":	13906592,
					"bits_per_second":	11125275.721977944,
					"packets":	9604,
					"omitted":	false,
					"sender":	true
				}],
			"sum":	{
				"start":	100.000091,
				"end":	110.000089,
				"seconds":	9.9999980926513672,
				"bytes":	13906592,
				"bits_per_second":	11125275.721977944,
				"packets":	9604,
				"omitted":	false,
				"sender":	true
			}
		}, {
			"streams":	[{
					"socket":	6,
					"start":	110.000089,
					"end":	120.000148,
					"seconds":	10.000059127807617,
					"bytes":	22572872,
					"bits_per_second":	18058190.825876694,
					"packets":	15589,
					"omitted":	false,
					"sender":	true
				}],
			"sum":	{
				"start":	110.000089,
				"end":	120.000148,
				"seconds":	10.000059127807617,
				"bytes":	22572872,
				"bits_per_second":	18058190.825876694,
				"packets":	15589,
				"omitted":	false,
				"sender":	true
			}
		}, {
			"streams":	[{
					"socket":	6,
					"start":	120.000148,
					"end":	130.000081,
					"seconds":	9.9999332427978516,
					"bytes":	20088104,
					"bits_per_second":	16070590.482765751,
					"packets":	13873,
					"omitted":	false,
					"sender":	true
				}],
			"sum":	{
				"start":	120.000148,
				"end":	130.000081,
				"seconds":	9.9999332427978516,
				"bytes":	20088104,
				"bits_per_second":	16070590.482765751,
				"packets":	13873,
				"omitted":	false,
				"sender":	true
			}
		}, {
			"streams":	[{
					"socket":	6,
					"start":	130.000081,
					"end":	140.000088,
					"seconds":	10.000006675720215,
					"bytes":	18444624,
					"bits_per_second":	14755689.349514633,
					"packets":	12738,
					"omitted":	false,
					"sender":	true
				}],
			"sum":	{
				"start":	130.000081,
				"end":	140.000088,
				"seconds":	10.000006675720215,
				"bytes":	18444624,
				"bits_per_second":	14755689.349514633,
				"packets":	12738,
				"omitted":	false,
				"sender":	true
			}
		}, {
			"streams":	[{
					"socket":	6,
					"start":	140.000088,
					"end":	150.000102,
					"seconds":	10.000014305114746,
					"bytes":	18841376,
					"bits_per_second":	15073079.237787193,
					"packets":	13012,
					"omitted":	false,
					"sender":	true
				}],