{
	"start":	{
		"connected":	[{
				"socket":	6,
				"local_host":	"10.20.15.3",
				"local_port":	37335,
				"remote_host":	"10.20.15.2",
				"remote_port":	5201
			}],
		"version":	"iperf 3.7",
		"system_info":	"Linux node2 5.8.0-1006-raspi #9-Ubuntu SMP PREEMPT Fri Oct 16 12:55:30 UTC 2020 aarch64",
		"timestamp":	{
			"time":	"Sun, 08 Aug 2021 10:39:04 GMT",
			"timesecs":	1628419144
		},
		"connecting_to":	{
			"host":	"10.20.15.2",
			"port":	5201
		},
		"cookie":	"tk6jlkq2beszg2mz5o2g7hwq2jgxkgxlvyx2",
		"sock_bufsize":	0,
		"sndbuf_actual":	212992,
		"rcvbuf_actual":	212992,
		"test_start":	{
			"protocol":	"UDP",
			"num_streams":	1,
			"blksize":	1448,
			"omit":	0,
			"duration":	300,
			"bytes":	0,
			"blocks":	0,
			"reverse":	0,
			"tos":	0
		}
	},
	"intervals":	[{
			"streams":	[{
					"socket":	6,
					"start":	0,
					"end":	10.000104,
					"seconds":	10.000103950500488,
					"bytes":	63410816,
					"bits_per_second":	50728125.478596769,
					"packets":	43792,
					"omitted":	false,
					"sender":	true
				}],
			"sum":	{
				"start":	0,
				"end":	10.000104,
				"seconds":	10.000103950500488,
				"bytes":	63410816,
				"bits_per_second":	50728125.478596769,
				"packets":	43792,
				"omitted":	false,
				"sender":	true
			}
		}, {
			"streams":	[{
					"socket":	6,
					"start":	10.000104,
					"end":	20.000103,
					"seconds":	9.9999990463256836,
					"bytes":	39670856,
					"bits_per_second":	31736687.826646406,
					"packets":	27397,
					"omitted":	false,
					"sender":	true
				}],
			"sum":	{
				"start":	10.000104,
				"end":	20.000103,
				"seconds":	9.9999990463256836,
				"bytes":	39670856,
				"bits_per_second":	31736687.826646406,
				"packets":	27397,
				"omitted":	false,
				"sender":	true
			}
		}, {
			"streams":	[{
					"socket":	6,
					"start":	20.000103,
					"end":	30.00018,
					"seconds":	10.000077247619629,
					"bytes":	83435208,
					"bits_per_second":	66747650.790286064,
					"packets":	57621,
					"omitted":	false,
					"sender":	true
				}],
			"sum":	{
				"start":	20.000103,
				"end":	30.00018,
				"seconds":	10.000077247619629,
				"bytes":	83435208,
				"bits_per_second":	66747650.790286064,
				"packets":	57621,
				"omitted":	false,
				"sender":	true
			}
		}, {
			"streams":	[{
					"socket":	6,
					"start":	30.00018,
					"end":	40.000096,
					"seconds":	9.9999160766601562,
					"bytes":	35322512,
					"bits_per_second":	28258246.752644561,
					"packets":	24394,
					"omitted":	false,
					"sender":	true
				}],
			"sum":	{
				"start":	30.00018,
				"end":	40.000096,
				"seconds":	9.9999160766601562,
				"bytes":	35322512,
				"bits_per_second":	28258246.752644561,
				"packets":	24394,
				"omitted":	false,
				"sender":	true
			}
		}, {
			"streams":	[{
					"socket":	6,
					"start":	40.000096,
					"end":	50.00005,
					"seconds":	9.9999542236328125,
					"bytes":	24566768,
					"bits_per_second":	19653504.36660324,
					"packets":	16966,
					"omitted":	false,
					"sender":	true
				}],
			"sum":	{
				"start":	40.000096,
				"end":	50.00005,
				"seconds":	9.9999542236328125,
				"bytes":	24566768,
				"bits_per_second":	19653504.36660324,
				"packets":	16966,
				"omitted":	false,
				"sender":	true
			}
		}, {
			"streams":	[{
					"socket":	6,
					"start":	50.00005,
					"end":	60.000063,
					"seconds":	10.00001335144043,
					"bytes":	39633208,
					"bits_per_second":	31706524.067223269,
					"packets":	27371,
					"omitted":	false,
					"sender":	true
				}],
			"sum":	{
				"start":	50.00005,
				"end":	60.000063,
				"seconds":	10.00001335144043,
				"bytes":	39633208,
				"bits_per_second":	31706524.067223269,
				"packets":	27371,
				"omitted":	false,
				"sender":	true
			}
		}, {
			"streams":	[{
					"socket":	6,
					"start":	60.000063,
					"end":	70.000125,
					"seconds":	10.000061988830566,
					"bytes":	40813328,
					"bits_per_second":	32650460.003616691,
					"packets":	28186,
					"omitted":	false,
					"sender":	true
				}],
			"sum":	{
				"start":	60.000063,
				"end":	70.000125,
				"seconds":	10.000061988830566,
				"bytes":	40813328,
				"bits_per_second":	32650460.003616691,
				"packets":	28186,
				"omitted":	false,
				"sender":	true
			}
		}, {
			"streams":	[{
					"socket":	6,
					"start":	70.000125,
					"end":	80.000086,
					"seconds":	9.9999608993530273,
					"bytes":	40279016,
					"bits_per_second":	32223338.79533945,
					"packets":	27817,
					"omitted":	false,
					"sender":	true
				}],
			"sum":	{
				"start":	70.000125,
				"end":	80.000086,
				"seconds":	9.9999608993530273,
				"bytes":	40279016,
				"bits_per_second":	32223338.79533945,
				"packets":	27817,
				"omitted":	false,
				"sender":	true
			}
		}, {
			"streams":	[{
					"socket":	6,
					"start":	80.000086,
					"end":	90.000093,
					"seconds":	10.000006675720215,
					"bytes":	83758112,
					"bits_per_second":	67006444.86837215,
					"packets":	57844,
					"omitted":	false,
					"sender":	true
				}],
			"sum":	{
				"start":	80.000086,
				"end":	90.000093,
				"seconds":	10.000006675720215,
				"bytes":	83758112,
				"bits_per_second":	67006444.86837215,
				"packets":	57844,
				"omitted":	false,
				"sender":	true
			}
		}, {
			"streams":	[{
					"socket":	6,
					"start":	90.000093,
					"end":	100.000081,
					"seconds":	9.9999876022338867,
					"bytes":	36013208,
					"bits_per_second":	28810602.118710667,
					"packets":	24871,
					"omitted":	false,
					"sender":	true
				}],
			"sum":	{
				"start":	90.000093,
				"end":	100.000081,
				"seconds":	9.9999876022338867,
				"bytes":	36013208,
				"bits_per_second":	28810602.118710667,
				"packets":	24871,
				"omitted":	false,
				"sender":	true
			}
		}, {
			"streams":	[{
					"socket":	6,
					"start":	100.000081,
					"end":	110.000109,
					"seconds":	10.000027656555176,
					"bytes":	24620344,
					"bits_per_second":	19696220.727038469,
					"packets":	17003,
					"omitted":	false,
					"sender":	true
				}],
			"sum":	{
				"start":	100.000081,
				"end":	110.000109,
				"seconds":	10.000027656555176,
				"bytes":	24620344,
				"bits_per_second":	19696220.727038469,
				"packets":	17003,
				"omitted":	false,
				"sender":	true
			}
		}, {
			"streams":	[{
					"socket":	6,
					"start":	110.000109,
					"end":	120.000114,
					"seconds":	10.000004768371582,
					"bytes":	40293496,
					"bits_per_second":	32234781.429258429,
					"packets":	27827,
					"omitted":	false,
					"sender":	true
				}],
			"sum":	{
				"start":	110.000109,
				"end":	120.000114,
				"seconds":	10.000004768371582,
				"bytes":	40293496,
				"bits_per_second":	32234781.429258429,
				"packets":	27827,
				"omitted":	false,
				"sender":	true
			}
		}, {
			"streams":	[{
					"socket":	6,
					"start":	120.000114,
					"end":	130.000115,
					"seconds":	10.000000953674316,
					"bytes":	18605352,
					"bits_per_second":	14884280.180524427,
					"packets":	12849,
					"omitted":	false,
					"sender":	true
				}],
			"sum":	{
				"start":	120.000114,
				"end":	130.000115,
				"seconds":	10.000000953674316,
				"bytes":	18605352,
				"bits_per_second":	14884280.180524427,
				"packets":	12849,
				"omitted":	false,
				"sender":	true
			}
		}, {
			"streams":	[{
					"socket":	6,
					"start":	130.000115,
					"end":	140.000061,
					"seconds":	9.9999456405639648,
					"bytes":	64018976,
					"bits_per_second":	51215459.204347864,
					"packets":	44212,
					"omitted":	false,
					"sender":	true
				}],
			"sum":	{
				"start":	130.000115,
				"end":	140.000061,
				"seconds":	9.9999456405639648,
				"bytes":	64018976,
				"bits_per_second":	51215459.204347864,
				"packets":	44212,
				"omitted":	false,
				"sender":	true
			}
		}, {
			"streams":	[{
					"socket":	6,
					"start":	140.000061,
					"end":	150.00399,
					"seconds":	10.003929138183594,
					"bytes":	39789592,
					"bits_per_second":	31819171.407865103,
					"packets":	27479,
					"omitted":	false,
					"sender":	true
				}],