{
	"start":	{
		"connected":	[{
				"socket":	6,
				"local_host":	"10.20.15.3",
				"local_port":	42414,
				"remote_host":	"10.20.15.2",
				"remote_port":	5201
			}],
		"version":	"iperf 3.7",
		"system_info":	"Linux node2 5.8.0-1006-raspi #9-Ubuntu SMP PREEMPT Fri Oct 16 12:55:30 UTC 2020 aarch64",
		"timestamp":	{
			"time":	"Sun, 08 Aug 2021 09:57:04 GMT",
			"timesecs":	1628416624
		},
		"connecting_to":	{
			"host":	"10.20.15.2",
			"port":	5201
		},
		"cookie":	"5srvee2tesvtqmjq4vz5sbbzj2ybftbhfbf6",
		"sock_bufsize":	0,
		"sndbuf_actual":	212992,
		"rcvbuf_actual":	212992,
		"test_start":	{
			"protocol":	"UDP",
			"num_streams":	1,
			"blksize":	1448,
			"omit":	0,
			"duration":	300,
			"bytes":	0,
			"blocks":	0,
			"reverse":	0,
			"tos":	0
		}
	},
	"intervals":	[{
			"streams":	[{
					"socket":	6,
					"start":	0,
					"end":	10.000102,
					"seconds":	10.000102043151855,
					"bytes":	20667304,
					"bits_per_second":	16533674.485174378,
					"packets":	14273,
					"omitted":	false,
					"sender":	true
				}],
			"sum":	{
				"start":	0,
				"end":	10.000102,
				"seconds":	10.000102043151855,
				"bytes":	20667304,
				"bits_per_second":	16533674.485174378,
				"packets":	14273,
				"omitted":	false,
				"sender":	true
			}
		}, {
			"streams":	[{
					"socket":	6,
					"start":	10.000102,
					"end":	20.000091,
					"seconds":	9.9999885559082031,
					"bytes":	27333896,
					"bits_per_second":	21867141.824957836,
					"packets":	18877,
					"omitted":	false,
					"sender":	true
				}],
			"sum":	{
				"start":	10.000102,
				"end":	20.000091,
				"seconds":	9.9999885559082031,
				"bytes":	27333896,
				"bits_per_second":	21867141.824957836,
				"packets":	18877,
				"omitted":	false,
				"sender":	true
			}
		}, {
			"streams":	[{
					"socket":	6,
					"start":	20.000091,
					"end":	30.000102,
					"seconds":	10.000011444091797,
					"bytes":	13228928,
					"bits_per_second":	10583130.288568549,
					"packets":	9136,
					"omitted":	false,
					"sender":	true
				}],
			"sum":	{
				"start":	20.000091,
				"end":	30.000102,
				"seconds":	10.000011444091797,
				"bytes":	13228928,
				"bits_per_second":	10583130.288568549,
				"packets":	9136,
				"omitted":	false,
				"sender":	true
			}
		}, {
			"streams":	[{
					"socket":	6,
					"start":	30.000102,
					"end":	40.000087,
					"seconds":	9.9999847412109375,
					"bytes":	25271944,
					"bits_per_second":	20217586.049588088,
					"packets":	17453,
					"omitted":	false,
					"sender":	true
				}],
			"sum":	{
				"start":	30.000102,
				"end":	40.000087,
				"seconds":	9.9999847412109375,
				"bytes":	25271944,
				"bits_per_second":	20217586.049588088,
				"packets":	17453,
				"omitted":	false,
				"sender":	true
			}
		}, {
			"streams":	[{
					"socket":	6,
					"start":	40.000087,
					"end":	50.000079,
					"seconds":	9.9999923706054688,
					"bytes":	23288184,
					"bits_per_second":	18630561.413990337,
					"packets":	16083,
					"omitted":	false,
					"sender":	true
				}],
			"sum":	{
				"start":	40.000087,
				"end":	50.000079,
				"seconds":	9.9999923706054688,
				"bytes":	23288184,
				"bits_per_second":	18630561.413990337,
				"packets":	16083,
				"omitted":	false,
				"sender":	true
			}
		}, {
			"streams":	[{
					"socket":	6,
					"start":	50.000079,
					"end":	60.000416,
					"seconds":	10.000336647033691,
					"bytes":	18322992,
					"bits_per_second":	14657900.146139566,
					"packets":	12654,
					"omitted":	false,
					"sender":	true
				}],
			"sum":	{
				"start":	50.000079,
				"end":	60.000416,
				"seconds":	10.000336647033691,
				"bytes":	18322992,
				"bits_per_second":	14657900.146139566,
				"packets":	12654,
				"omitted":	false,
				"sender":	true
			}
		}, {
			"streams":	[{
					"socket":	6,
					"start":	60.000416,
					"end":	70.000089,
					"seconds":	9.9996728897094727,
					"bytes":	22261552,
					"bits_per_second":	17809824.1776761,
					"packets":	15374,
					"omitted":	false,
					"sender":	true
				}],
			"sum":	{
				"start":	60.000416,
				"end":	70.000089,
				"seconds":	9.9996728897094727,
				"bytes":	22261552,
				"bits_per_second":	17809824.1776761,
				"packets":	15374,
				"omitted":	false,
				"sender":	true
			}
		}, {
			"streams":	[{
					"socket":	6,
					"start":	70.000089,
					"end":	80.000088,
					"seconds":	9.9999990463256836,
					"bytes":	31761880,
					"bits_per_second":	25409506.423239365,
					"packets":	21935,
					"omitted":	false,
					"sender":	true
				}],
			"sum":	{
				"start":	70.000089,
				"end":	80.000088,
				"seconds":	9.9999990463256836,
				"bytes":	31761880,
				"bits_per_second":	25409506.423239365,
				"packets":	21935,
				"omitted":	false,
				"sender":	true
			}
		}, {
			"streams":	[{
					"socket":	6,
					"start":	80.000088,
					"end":	90.000032,
					"seconds":	9.999943733215332,
					"bytes":	11879392,
					"bits_per_second":	9503567.07351621,
					"packets":	8204,
					"omitted":	false,
					"sender":	true
				}],
			"sum":	{
				"start":	80.000088,
				"end":	90.000032,
				"seconds":	9.999943733215332,
				"bytes":	11879392,
				"bits_per_second":	9503567.07351621,
				"packets":	8204,
				"omitted":	false,
				"sender":	true
			}
		}, {
			"streams":	[{
					"socket":	6,
					"start":	90.000032,
					"end":	100.000082,
					"seconds":	10.000049591064453,
					"bytes":	24307576,
					"bits_per_second":	19445964.365392782,
					"packets":	16787,
					"omitted":	false,
					"sender":	true
				}],
			"sum":	{
				"start":	90.000032,
				"end":	100.000082,
				"seconds":	10.000049591064453,
				"bytes":	24307576,
				"bits_per_second":	19445964.365392782,
				"packets":	16787,
				"omitted":	false,
				"sender":	true
			}
		}, {
			"streams":	[{
					"socket":	6,
					"start":	100.000082,
					"end":	110.000016,
					"seconds":	9.999934196472168,
					"bytes":	26796688,
					"bits_per_second":	21437491.466256633,
					"packets":	18506,
					"omitted":	false,
					"sender":	true
				}],
			"sum":	{
				"start":	100.000082,
				"end":	110.000016,
				"seconds":	9.999934196472168,
				"bytes":	26796688,
				"bits_per_second":	21437491.466256633,
				"packets":	18506,
				"omitted":	false,
				"sender":	true
			}
		}, {
			"streams":	[{
					"socket":	6,
					"start":	110.000016,
					"end":	120.000088,
					"seconds":	10.00007152557373,
					"bytes":	15619576,
					"bits_per_second":	12495571.424708476,
					"packets":	10787,
					"omitted":	false,
					"sender":	true
				}],
			"sum":	{
				"start":	110.000016,
				"end":	120.000088,
				"seconds":	10.00007152557373,
				"bytes":	15619576,
				"bits_per_second":	12495571.424708476,
				"packets":	10787,
				"omitted":	false,
				"sender":	true
			}
		}, {
			"streams":	[{
					"socket":	6,
					"start":	120.000088,
					"end":	130.000089,
					"seconds":	10.000000953674316,
					"bytes":	24432104,
					"bits_per_second":	19545681.335978571,
					"packets":	16873,
					"omitted":	false,
					"sender":	true
				}],
			"sum":	{
				"start":	120.000088,
				"end":	130.000089,
				"seconds":	10.000000953674316,
				"bytes":	24432104,
				"bits_per_second":	19545681.335978571,
				"packets":	16873,
				"omitted":	false,
				"sender":	true
			}
		}, {
			"streams":	[{
					"socket":	6,
					"start":	130.000089,
					"end":	140.000092,
					"seconds":	10.000002861022949,
					"bytes":	22995688,
					"bits_per_second":	18396545.136706218,
					"packets":	15881,
					"omitted":	false,
					"sender":	true
				}],
			"sum":	{
				"start":	130.000089,
				"end":	140.000092,
				"seconds":	10.000002861022949,
				"bytes":	22995688,
				"bits_per_second":	18396545.136706218,
				"packets":	15881,
				"omitted":	false,
				"sender":	true
			}
		}, {
			"streams":	[{
					"socket":	6,
					"start":	140.000092,
					"end":	150.000074,
					"seconds":	9.9999818801879883,
					"bytes":	18182536,
					"bits_per_second":	14546055.157178497,
					"packets":	12557,
					"omitted":	false,
					"sender":	true
				}],