{
	"start":	{
		"connected":	[{
				"socket":	6,
				"local_host":	"10.20.15.3",
				"local_port":	49014,
				"remote_host":	"10.20.15.2",
				"remote_port":	5201
			}],
		"version":	"iperf 3.7",
		"system_info":	"Linux node2 5.8.0-1006-raspi #9-Ubuntu SMP PREEMPT Fri Oct 16 12:55:30 UTC 2020 aarch64",
		"timestamp":	{
			"time":	"Sun, 08 Aug 2021 14:44:28 GMT",
			"timesecs":	1628433868
		},
		"connecting_to":	{
			"host":	"10.20.15.2",
			"port":	5201
		},
		"cookie":	"yph7vlxsauntv63pm6auvoyycel4rovdhzob",
		"sock_bufsize":	0,
		"sndbuf_actual":	212992,
		"rcvbuf_actual":	212992,
		"test_start":	{
			"protocol":	"UDP",
			"num_streams":	1,
			"blksize":	1448,
			"omit":	0,
			"duration":	300,
			"bytes":	0,
			"blocks":	0,
			"reverse":	0,
			"tos":	0
		}
	},
	"intervals":	[{
			"streams":	[{
					"socket":	6,
					"start":	0,
					"end":	10.00008,
					"seconds":	10.000080108642578,
					"bytes":	30461576,
					"bits_per_second":	24369065.582723528,
					"packets":	21037,
					"omitted":	false,
					"sender":	true
				}],
			"sum":	{
				"start":	0,
				"end":	10.00008,
				"seconds":	10.000080108642578,
				"bytes":	30461576,
				"bits_per_second":	24369065.582723528,
				"packets":	21037,
				"omitted":	false,
				"sender":	true
			}
		}, {
			"streams":	[{
					"socket":	6,
					"start":	10.00008,
					"end":	20.000079,
					"seconds":	9.9999990463256836,
					"bytes":	1682576,
					"bits_per_second":	1346060.9283703736,
					"packets":	1162,
					"omitted":	false,
					"sender":	true
				}],
			"sum":	{
				"start":	10.00008,
				"end":	20.000079,
				"seconds":	9.9999990463256836,
				"bytes":	1682576,
				"bits_per_second":	1346060.9283703736,
				"packets":	1162,
				"omitted":	false,
				"sender":	true
			}
		}, {
			"streams":	[{
					"socket":	6,
					"start":	20.000079,
					"end":	30.000109,
					"seconds":	10.000029563903809,
					"bytes":	25435568,
					"bits_per_second":	20348394.242202997,
					"packets":	17566,
					"omitted":	false,
					"sender":	true
				}],
			"sum":	{
				"start":	20.000079,
				"end":	30.000109,
				"seconds":	10.000029563903809,
				"bytes":	25435568,
				"bits_per_second":	20348394.242202997,
				"packets":	17566,
				"omitted":	false,
				"sender":	true
			}
		}, {
			"streams":	[{
					"socket":	6,
					"start":	30.000109,
					"end":	40.000092,
					"seconds":	9.9999828338623047,
					"bytes":	4556856,
					"bits_per_second":	3645491.0579001466,
					"packets":	3147,
					"omitted":	false,
					"sender":	true
				}],
			"sum":	{
				"start":	30.000109,
				"end":	40.000092,
				"seconds":	9.9999828338623047,
				"bytes":	4556856,
				"bits_per_second":	3645491.0579001466,
				"packets":	3147,
				"omitted":	false,
				"sender":	true
			}
		}, {
			"streams":	[{
					"socket":	6,
					"start":	40.000092,
					"end":	50.000101,
					"seconds":	10.000008583068848,
					"bytes":	19973712,
					"bits_per_second":	15978955.885152152,
					"packets":	13794,
					"omitted":	false,
					"sender":	true
				}],
			"sum":	{
				"start":	40.000092,
				"end":	50.000101,
				"seconds":	10.000008583068848,
				"bytes":	19973712,
				"bits_per_second":	15978955.885152152,
				"packets":	13794,
				"omitted":	false,
				"sender":	true
			}
		}, {
			"streams":	[{
					"socket":	6,
					"start":	50.000101,
					"end":	60.00008,
					"seconds":	9.9999790191650391,
					"bytes":	33298208,
					"bits_per_second":	26638622.290053785,
					"packets":	22996,
					"omitted":	false,
					"sender":	true
				}],
			"sum":	{
				"start":	50.000101,
				"end":	60.00008,
				"seconds":	9.9999790191650391,
				"bytes":	33298208,
				"bits_per_second":	26638622.290053785,
				"packets":	22996,
				"omitted":	false,
				"sender":	true
			}
		}, {
			"streams":	[{
					"socket":	6,
					"start":	60.00008,
					"end":	70.000148,
					"seconds":	10.000067710876465,
					"bytes":	1964936,
					"bits_per_second":	1571938.1562689689,
					"packets":	1357,
					"omitted":	false,
					"sender":	true
				}],
			"sum":	{
				"start":	60.00008,
				"end":	70.000148,
				"seconds":	10.000067710876465,
				"bytes":	1964936,
				"bits_per_second":	1571938.1562689689,
				"packets":	1357,
				"omitted":	false,
				"sender":	true
			}
		}, {
			"streams":	[{
					"socket":	6,
					"start":	70.000148,
					"end":	80.000074,
					"seconds":	9.99992561340332,
					"bytes":	49324672,
					"bits_per_second":	39460031.129742064,
					"packets":	34064,
					"omitted":	false,
					"sender":	true
				}],
			"sum":	{
				"start":	70.000148,
				"end":	80.000074,
				"seconds":	9.99992561340332,
				"bytes":	49324672,
				"bits_per_second":	39460031.129742064,
				"packets":	34064,
				"omitted":	false,
				"sender":	true
			}
		}, {
			"streams":	[{
					"socket":	6,
					"start":	80.000074,
					"end":	90.000088,
					"seconds":	10.000014305114746,
					"bytes":	25266152,
					"bits_per_second":	20212892.685225077,
					"packets":	17449,
					"omitted":	false,
					"sender":	true
				}],
			"sum":	{
				"start":	80.000074,
				"end":	90.000088,
				"seconds":	10.000014305114746,
				"bytes":	25266152,
				"bits_per_second":	20212892.685225077,
				"packets":	17449,
				"omitted":	false,
				"sender":	true
			}
		}, {
			"streams":	[{
					"socket":	6,
					"start":	90.000088,
					"end":	100.000089,
					"seconds":	10.000000953674316,
					"bytes":	4529344,
					"bits_per_second":	3623474.8544385093,
					"packets":	3128,
					"omitted":	false,
					"sender":	true
				}],
			"sum":	{
				"start":	90.000088,
				"end":	100.000089,
				"seconds":	10.000000953674316,
				"bytes":	4529344,
				"bits_per_second":	3623474.8544385093,
				"packets":	3128,
				"omitted":	false,
				"sender":	true
			}
		}, {
			"streams":	[{
					"socket":	6,
					"start":	100.000089,
					"end":	110.00013,
					"seconds":	10.000041007995605,
					"bytes":	61347416,
					"bits_per_second":	49077731.542060062,
					"packets":	42367,
					"omitted":	false,
					"sender":	true
				}],
			"sum":	{
				"start":	100.000089,
				"end":	110.00013,
				"seconds":	10.000041007995605,
				"bytes":	61347416,
				"bits_per_second":	49077731.542060062,
				"packets":	42367,
				"omitted":	false,
				"sender":	true
			}
		}, {
			"streams":	[{
					"socket":	6,
					"start":	110.00013,
					"end":	120.000101,
					"seconds":	9.9999713897705078,
					"bytes":	5521224,
					"bits_per_second":	4416991.8371150121,
					"packets":	3813,
					"omitted":	false,
					"sender":	true
				}],
			"sum":	{
				"start":	110.00013,
				"end":	120.000101,
				"seconds":	9.9999713897705078,
				"bytes":	5521224,
				"bits_per_second":	4416991.8371150121,
				"packets":	3813,
				"omitted":	false,
				"sender":	true
			}
		}, {
			"streams":	[{
					"socket":	6,
					"start":	120.000101,
					"end":	130.000091,
					"seconds":	9.9999904632568359,
					"bytes":	4010960,
					"bits_per_second":	3208771.0601225472,
					"packets":	2770,
					"omitted":	false,
					"sender":	true
				}],
			"sum":	{
				"start":	120.000101,
				"end":	130.000091,
				"seconds":	9.9999904632568359,
				"bytes":	4010960,
				"bits_per_second":	3208771.0601225472,
				"packets":	2770,
				"omitted":	false,
				"sender":	true
			}
		}, {
			"streams":	[{
					"socket":	6,
					"start":	130.000091,
					"end":	140.000085,
					"seconds":	9.9999942779541016,
					"bytes":	49152360,
					"bits_per_second":	39321910.500177667,
					"packets":	33945,
					"omitted":	false,
					"sender":	true
				}],
			"sum":	{
				"start":	130.000091,
				"end":	140.000085,
				"seconds":	9.9999942779541016,
				"bytes":	49152360,
				"bits_per_second":	39321910.500177667,
				"packets":	33945,
				"omitted":	false,
				"sender":	true
			}
		}, {
			"streams":	[{
					"socket":	6,
					"start":	140.000085,
					"end":	150.000084,
					"seconds":	9.9999990463256836,
					"bytes":	1773800,
					"bits_per_second":	1419040.135330213,
					"packets":	1225,
					"omitted":	false,
					"sender":	true
				}],
			"sum":	{
				"start":	140.000085,