{
	"start":	{
		"connected":	[{
				"socket":	6,
				"local_host":	"10.20.15.3",
				"local_port":	38784,
				"remote_host":	"10.20.15.2",
				"remote_port":	5201
			}],
		"version":	"iperf 3.7",
		"system_info":	"Linux node2 5.8.0-1006-raspi #9-Ubuntu SMP PREEMPT Fri Oct 16 12:55:30 UTC 2020 aarch64",
		"timestamp":	{
			"time":	"Sun, 08 Aug 2021 09:34:30 GMT",
			"timesecs":	1628415270
		},
		"connecting_to":	{
			"host":	"10.20.15.2",
			"port":	5201
		},
		"cookie":	"pyd7j5dqpeywo6nl2jihvmhfrd3hvdsd6hcf",
		"sock_bufsize":	0,
		"sndbuf_actual":	212992,
		"rcvbuf_actual":	212992,
		"test_start":	{
			"protocol":	"UDP",
			"num_streams":	1,
			"blksize":	1448,
			"omit":	0,
			"duration":	300,
			"bytes":	0,
			"blocks":	0,
			"reverse":	0,
			"tos":	0
		}
	},
	"intervals":	[{
			"streams":	[{
					"socket":	6,
					"start":	0,
					"end":	10.00009,
					"seconds":	10.000089645385742,
					"bytes":	49552008,
					"bits_per_second":	39641251.034475975,
					"packets":	34221,
					"omitted":	false,
					"sender":	true
				}],
			"sum":	{
				"start":	0,
				"end":	10.00009,
				"seconds":	10.000089645385742,
				"bytes":	49552008,
				"bits_per_second":	39641251.034475975,
				"packets":	34221,
				"omitted":	false,
				"sender":	true
			}
		}, {
			"streams":	[{
					"socket":	6,
					"start":	10.00009,
					"end":	20.000046,
					"seconds":	9.9999561309814453,
					"bytes":	21905344,
					"bits_per_second":	17524352.077612646,
					"packets":	15128,
					"omitted":	false,
					"sender":	true
				}],
			"sum":	{
				"start":	10.00009,
				"end":	20.000046,
				"seconds":	9.9999561309814453,
				"bytes":	21905344,
				"bits_per_second":	17524352.077612646,
				"packets":	15128,
				"omitted":	false,
				"sender":	true
			}
		}, {
			"streams":	[{
					"socket":	6,
					"start":	20.000046,
					"end":	30.000129,
					"seconds":	10.000082969665527,
					"bytes":	39098896,
					"bits_per_second":	31278857.280367337,
					"packets":	27002,
					"omitted":	false,
					"sender":	true
				}],
			"sum":	{
				"start":	20.000046,
				"end":	30.000129,
				"seconds":	10.000082969665527,
				"bytes":	39098896,
				"bits_per_second":	31278857.280367337,
				"packets":	27002,
				"omitted":	false,
				"sender":	true
			}
		}, {
			"streams":	[{
					"socket":	6,
					"start":	30.000129,
					"end":	40.000079,
					"seconds":	9.9999504089355469,
					"bytes":	42511832,
					"bits_per_second":	34009634.257396452,
					"packets":	29359,
					"omitted":	false,
					"sender":	true
				}],
			"sum":	{
				"start":	30.000129,
				"end":	40.000079,
				"seconds":	9.9999504089355469,
				"bytes":	42511832,
				"bits_per_second":	34009634.257396452,
				"packets":	29359,
				"omitted":	false,
				"sender":	true
			}
		}, {
			"streams":	[{
					"socket":	6,
					"start":	40.000079,
					"end":	50.000091,
					"seconds":	10.000012397766113,
					"bytes":	42852112,
					"bits_per_second":	34281647.098415732,
					"packets":	29594,
					"omitted":	false,
					"sender":	true
				}],
			"sum":	{
				"start":	40.000079,
				"end":	50.000091,
				"seconds":	10.000012397766113,
				"bytes":	42852112,
				"bits_per_second":	34281647.098415732,
				"packets":	29594,
				"omitted":	false,
				"sender":	true
			}
		}, {
			"streams":	[{
					"socket":	6,
					"start":	50.000091,
					"end":	60.000082,
					"seconds":	9.9999914169311523,
					"bytes":	36821192,
					"bits_per_second":	29456978.883127779,
					"packets":	25429,
					"omitted":	false,
					"sender":	true
				}],
			"sum":	{
				"start":	50.000091,
				"end":	60.000082,
				"seconds":	9.9999914169311523,
				"bytes":	36821192,
				"bits_per_second":	29456978.883127779,
				"packets":	25429,
				"omitted":	false,
				"sender":	true
			}
		}, {
			"streams":	[{
					"socket":	6,
					"start":	60.000082,
					"end":	70.000007,
					"seconds":	9.9999246597290039,
					"bytes":	39437728,
					"bits_per_second":	31550420.10172005,
					"packets":	27236,
					"omitted":	false,
					"sender":	true
				}],
			"sum":	{
				"start":	60.000082,
				"end":	70.000007,
				"seconds":	9.9999246597290039,
				"bytes":	39437728,
				"bits_per_second":	31550420.10172005,
				"packets":	27236,
				"omitted":	false,
				"sender":	true
			}
		}, {
			"streams":	[{
					"socket":	6,
					"start":	70.000007,
					"end":	80.000114,
					"seconds":	10.000106811523438,
					"bytes":	20647032,
					"bits_per_second":	16517449.174609035,
					"packets":	14259,
					"omitted":	false,
					"sender":	true
				}],
			"sum":	{
				"start":	70.000007,
				"end":	80.000114,
				"seconds":	10.000106811523438,
				"bytes":	20647032,
				"bits_per_second":	16517449.174609035,
				"packets":	14259,
				"omitted":	false,
				"sender":	true
			}
		}, {
			"streams":	[{
					"socket":	6,
					"start":	80.000114,
					"end":	90.000105,
					"seconds":	9.9999914169311523,
					"bytes":	41527192,
					"bits_per_second":	33221782.114484314,
					"packets":	28679,
					"omitted":	false,
					"sender":	true
				}],
			"sum":	{
				"start":	80.000114,
				"end":	90.000105,
				"seconds":	9.9999914169311523,
				"bytes":	41527192,
				"bits_per_second":	33221782.114484314,
				"packets":	28679,
				"omitted":	false,
				"sender":	true
			}
		}, {
			"streams":	[{
					"socket":	6,
					"start":	90.000105,
					"end":	100.000752,
					"seconds":	10.000646591186523,
					"bytes":	20109824,
					"bits_per_second":	16086819.040458925,
					"packets":	13888,
					"omitted":	false,
					"sender":	true
				}],
			"sum":	{
				"start":	90.000105,
				"end":	100.000752,
				"seconds":	10.000646591186523,
				"bytes":	20109824,
				"bits_per_second":	16086819.040458925,
				"packets":	13888,
				"omitted":	false,
				"sender":	true
			}
		}, {
			"streams":	[{
					"socket":	6,
					"start":	100.000752,
					"end":	110.00025,
					"seconds":	9.99949836730957,
					"bytes":	40836496,
					"bits_per_second":	32670835.675919868,
					"packets":	28202,
					"omitted":	false,
					"sender":	true
				}],
			"sum":	{
				"start":	100.000752,
				"end":	110.00025,
				"seconds":	9.99949836730957,
				"bytes":	40836496,
				"bits_per_second":	32670835.675919868,
				"packets":	28202,
				"omitted":	false,
				"sender":	true
			}
		}, {
			"streams":	[{
					"socket":	6,
					"start":	110.00025,
					"end":	120.000578,
					"seconds":	10.000328063964844,
					"bytes":	76499288,
					"bits_per_second":	61197422.733086,
					"packets":	52831,
					"omitted":	false,
					"sender":	true
				}],
			"sum":	{
				"start":	110.00025,
				"end":	120.000578,
				"seconds":	10.000328063964844,
				"bytes":	76499288,
				"bits_per_second":	61197422.733086,
				"packets":	52831,
				"omitted":	false,
				"sender":	true
			}
		}, {
			"streams":	[{
					"socket":	6,
					"start":	120.000578,
					"end":	130.001362,
					"seconds":	10.000783920288086,
					"bytes":	35464416,
					"bits_per_second":	28369308.872321602,
					"packets":	24492,
					"omitted":	false,
					"sender":	true
				}],
			"sum":	{
				"start":	120.000578,
				"end":	130.001362,
				"seconds":	10.000783920288086,
				"bytes":	35464416,
				"bits_per_second":	28369308.872321602,
				"packets":	24492,
				"omitted":	false,
				"sender":	true
			}
		}, {
			"streams":	[{
					"socket":	6,
					"start":	130.001362,
					"end":	140.000078,
					"seconds":	9.9987163543701172,
					"bytes":	39831584,
					"bits_per_second":	31869358.09622474,
					"packets":	27508,
					"omitted":	false,
					"sender":	true
				}],
			"sum":	{
				"start":	130.001362,
				"end":	140.000078,
				"seconds":	9.9987163543701172,
				"bytes":	39831584,
				"bits_per_second":	31869358.09622474,
				"packets":	27508,
				"omitted":	false,
				"sender":	true
			}
		}, {
			"streams":	[{
					"socket":	6,
					"start":	140.000078,
					"end":	150.000017,
					"seconds":	9.99993896484375,
					"bytes":	42901344,
					"bits_per_second":	34321284.680497319,
					"packets":	29628,
					"omitted":	false,
					"sender":	true
				}],
			"sum":	{
				"start":	140.000078,