{
	"start":	{
		"connected":	[{
				"socket":	6,
				"local_host":	"10.20.15.3",
				"local_port":	39893,
				"remote_host":	"10.20.15.2",
				"remote_port":	5201
			}],
		"version":	"iperf 3.7",
		"system_info":	"Linux node2 5.8.0-1006-raspi #9-Ubuntu SMP PREEMPT Fri Oct 16 12:55:30 UTC 2020 aarch64",
		"timestamp":	{
			"time":	"Sun, 08 Aug 2021 12:23:54 GMT",
			"timesecs":	1628425434
		},
		"connecting_to":	{
			"host":	"10.20.15.2",
			"port":	5201
		},
		"cookie":	"ygnhyh6g543uodqyobj4nvwehqfqlvsrfaca",
		"sock_bufsize":	0,
		"sndbuf_actual":	212992,
		"rcvbuf_actual":	212992,
		"test_start":	{
			"protocol":	"UDP",
			"num_streams":	1,
			"blksize":	1448,
			"omit":	0,
			"duration":	300,
			"bytes":	0,
			"blocks":	0,
			"reverse":	0,
			"tos":	0
		}
	},
	"intervals":	[{
			"streams":	[{
					"socket":	6,
					"start":	0,
					"end":	10.0001,
					"seconds":	10.000100135803223,
					"bytes":	3682264,
					"bits_per_second":	2945781.7021783134,
					"packets":	2543,
					"omitted":	false,
					"sender":	true
				}],
			"sum":	{
				"start":	0,
				"end":	10.0001,
				"seconds":	10.000100135803223,
				"bytes":	3682264,
				"bits_per_second":	2945781.7021783134,
				"packets":	2543,
				"omitted":	false,
				"sender":	true
			}
		}, {
			"streams":	[{
					"socket":	6,
					"start":	10.0001,
					"end":	20.000087,
					"seconds":	9.99998664855957,
					"bytes":	45719152,
					"bits_per_second":	36575370.43338795,
					"packets":	31574,
					"omitted":	false,
					"sender":	true
				}],
			"sum":	{
				"start":	10.0001,
				"end":	20.000087,
				"seconds":	9.99998664855957,
				"bytes":	45719152,
				"bits_per_second":	36575370.43338795,
				"packets":	31574,
				"omitted":	false,
				"sender":	true
			}
		}, {
			"streams":	[{
					"socket":	6,
					"start":	20.000087,
					"end":	30.000105,
					"seconds":	10.000018119812012,
					"bytes":	25558648,
					"bits_per_second":	20446881.350635368,
					"packets":	17651,
					"omitted":	false,
					"sender":	true
				}],
			"sum":	{
				"start":	20.000087,
				"end":	30.000105,
				"seconds":	10.000018119812012,
				"bytes":	25558648,
				"bits_per_second":	20446881.350635368,
				"packets":	17651,
				"omitted":	false,
				"sender":	true
			}
		}, {
			"streams":	[{
					"socket":	6,
					"start":	30.000105,
					"end":	40.000119,
					"seconds":	10.000014305114746,
					"bytes":	4622016,
					"bits_per_second":	3697607.5105300276,
					"packets":	3192,
					"omitted":	false,
					"sender":	true
				}],
			"sum":	{
				"start":	30.000105,
				"end":	40.000119,
				"seconds":	10.000014305114746,
				"bytes":	4622016,
				"bits_per_second":	3697607.5105300276,
				"packets":	3192,
				"omitted":	false,
				"sender":	true
			}
		}, {
			"streams":	[{
					"socket":	6,
					"start":	40.000119,
					"end":	50.000115,
					"seconds":	9.9999961853027344,
					"bytes":	48166272,
					"bits_per_second":	38533032.2991853,
					"packets":	33264,
					"omitted":	false,
					"sender":	true
				}],
			"sum":	{
				"start":	40.000119,
				"end":	50.000115,
				"seconds":	9.9999961853027344,
				"bytes":	48166272,
				"bits_per_second":	38533032.2991853,
				"packets":	33264,
				"omitted":	false,
				"sender":	true
			}
		}, {
			"streams":	[{
					"socket":	6,
					"start":	50.000115,
					"end":	60.000087,
					"seconds":	9.9999723434448242,
					"bytes":	18896400,
					"bits_per_second":	15117161.808861967,
					"packets":	13050,
					"omitted":	false,
					"sender":	true
				}],
			"sum":	{
				"start":	50.000115,
				"end":	60.000087,
				"seconds":	9.9999723434448242,
				"bytes":	18896400,
				"bits_per_second":	15117161.808861967,
				"packets":	13050,
				"omitted":	false,
				"sender":	true
			}
		}, {
			"streams":	[{
					"socket":	6,
					"start":	60.000087,
					"end":	70.000043,
					"seconds":	9.9999561309814453,
					"bytes":	3111752,
					"bits_per_second":	2489412.5208084066,
					"packets":	2149,
					"omitted":	false,
					"sender":	true
				}],
			"sum":	{
				"start":	60.000087,
				"end":	70.000043,
				"seconds":	9.9999561309814453,
				"bytes":	3111752,
				"bits_per_second":	2489412.5208084066,
				"packets":	2149,
				"omitted":	false,
				"sender":	true
			}
		}, {
			"streams":	[{
					"socket":	6,
					"start":	70.000043,
					"end":	80.000085,
					"seconds":	10.000041961669922,
					"bytes":	55590168,
					"bits_per_second":	44471947.788280614,
					"packets":	38391,
					"omitted":	false,
					"sender":	true
				}],
			"sum":	{
				"start":	70.000043,
				"end":	80.000085,
				"seconds":	10.000041961669922,
				"bytes":	55590168,
				"bits_per_second":	44471947.788280614,
				"packets":	38391,
				"omitted":	false,
				"sender":	true
			}
		}, {
			"streams":	[{
					"socket":	6,
					"start":	80.000085,
					"end":	90.000029,
					"seconds":	9.999943733215332,
					"bytes":	17422336,
					"bits_per_second":	13937947.224347519,
					"packets":	12032,
					"omitted":	false,
					"sender":	true
				}],
			"sum":	{
				"start":	80.000085,
				"end":	90.000029,
				"seconds":	9.999943733215332,
				"bytes":	17422336,
				"bits_per_second":	13937947.224347519,
				"packets":	12032,
				"omitted":	false,
				"sender":	true
			}
		}, {
			"streams":	[{
					"socket":	6,
					"start":	90.000029,
					"end":	100.000087,
					"seconds":	10.0000581741333,
					"bytes":	75313376,
					"bits_per_second":	60250350.298809029,
					"packets":	52012,
					"omitted":	false,
					"sender":	true
				}],
			"sum":	{
				"start":	90.000029,
				"end":	100.000087,
				"seconds":	10.0000581741333,
				"bytes":	75313376,
				"bits_per_second":	60250350.298809029,
				"packets":	52012,
				"omitted":	false,
				"sender":	true
			}
		}, {
			"streams":	[{
					"socket":	6,
					"start":	100.000087,
					"end":	110.000008,
					"seconds":	9.9999208450317383,
					"bytes":	3621448,
					"bits_per_second":	2897181.3326296434,
					"packets":	2501,
					"omitted":	false,
					"sender":	true
				}],
			"sum":	{
				"start":	100.000087,
				"end":	110.000008,
				"seconds":	9.9999208450317383,
				"bytes":	3621448,
				"bits_per_second":	2897181.3326296434,
				"packets":	2501,
				"omitted":	false,
				"sender":	true
			}
		}, {
			"streams":	[{
					"socket":	6,
					"start":	110.000008,
					"end":	120.000089,
					"seconds":	10.000081062316895,
					"bytes":	22652512,
					"bits_per_second":	18121862.699982308,
					"packets":	15644,
					"omitted":	false,
					"sender":	true
				}],
			"sum":	{
				"start":	110.000008,
				"end":	120.000089,
				"seconds":	10.000081062316895,
				"bytes":	22652512,
				"bits_per_second":	18121862.699982308,
				"packets":	15644,
				"omitted":	false,
				"sender":	true
			}
		}, {
			"streams":	[{
					"socket":	6,
					"start":	120.000089,
					"end":	130.000092,
					"seconds":	10.000002861022949,
					"bytes":	59606920,
					"bits_per_second":	47685522.357062615,
					"packets":	41165,
					"omitted":	false,
					"sender":	true
				}],
			"sum":	{
				"start":	120.000089,
				"end":	130.000092,
				"seconds":	10.000002861022949,
				"bytes":	59606920,
				"bits_per_second":	47685522.357062615,
				"packets":	41165,
				"omitted":	false,
				"sender":	true
			}
		}, {
			"streams":	[{
					"socket":	6,
					"start":	130.000092,
					"end":	140.000083,
					"seconds":	9.9999914169311523,
					"bytes":	35561432,
					"bits_per_second":	28449170.018118493,
					"packets":	24559,
					"omitted":	false,
					"sender":	true
				}],
			"sum":	{
				"start":	130.000092,
				"end":	140.000083,
				"seconds":	9.9999914169311523,
				"bytes":	35561432,
				"bits_per_second":	28449170.018118493,
				"packets":	24559,
				"omitted":	false,
				"sender":	true
			}
		}, {
			"streams":	[{
					"socket":	6,
					"start":	140.000083,
					"end":	150.000087,
					"seconds":	10.000003814697266,
					"bytes":	24688400,
					"bits_per_second":	19750712.465701118,
					"packets":	17050,
					"omitted":	false,
					"sender":	true
				}],
			"sum":	{
				"start":	140.000083,