{
	"start":	{
		"connected":	[{
				"socket":	6,
				"local_host":	"10.20.15.3",
				"local_port":	49035,
				"remote_host":	"10.20.15.2",
				"remote_port":	5201
			}],
		"version":	"iperf 3.7",
		"system_info":	"Linux node2 5.8.0-1006-raspi #9-Ubuntu SMP PREEMPT Fri Oct 16 12:55:30 UTC 2020 aarch64",
		"timestamp":	{
			"time":	"Sun, 08 Aug 2021 13:56:47 GMT",
			"timesecs":	1628431007
		},
		"connecting_to":	{
			"host":	"10.20.15.2",
			"port":	5201
		},
		"cookie":	"dosffm5ufxv2onmka3iakmql6a4rt4gngs26",
		"sock_bufsize":	0,
		"sndbuf_actual":	212992,
		"rcvbuf_actual":	212992,
		"test_start":	{
			"protocol":	"UDP",
			"num_streams":	1,
			"blksize":	1448,
			"omit":	0,
			"duration":	300,
			"bytes":	0,
			"blocks":	0,
			"reverse":	0,
			"tos":	0
		}
	},
	"intervals":	[{
			"streams":	[{
					"socket":	6,
					"start":	0,
					"end":	10.000092,
					"seconds":	10.000091552734375,
					"bytes":	25311040,
					"bits_per_second":	20248646.618103471,
					"packets":	17480,
					"omitted":	false,
					"sender":	true
				}],
			"sum":	{
				"start":	0,
				"end":	10.000092,
				"seconds":	10.000091552734375,
				"bytes":	25311040,
				"bits_per_second":	20248646.618103471,
				"packets":	17480,
				"omitted":	false,
				"sender":	true
			}
		}, {
			"streams":	[{
					"socket":	6,
					"start":	10.000092,
					"end":	20.000058,
					"seconds":	9.99996566772461,
					"bytes":	16995176,
					"bits_per_second":	13596187.478805279,
					"packets":	11737,
					"omitted":	false,
					"sender":	true
				}],
			"sum":	{
				"start":	10.000092,
				"end":	20.000058,
				"seconds":	9.99996566772461,
				"bytes":	16995176,
				"bits_per_second":	13596187.478805279,
				"packets":	11737,
				"omitted":	false,
				"sender":	true
			}
		}, {
			"streams":	[{
					"socket":	6,
					"start":	20.000058,
					"end":	30.000103,
					"seconds":	10.000044822692871,
					"bytes":	45946488,
					"bits_per_second":	36757025.645112865,
					"packets":	31731,
					"omitted":	false,
					"sender":	true
				}],
			"sum":	{
				"start":	20.000058,
				"end":	30.000103,
				"seconds":	10.000044822692871,
				"bytes":	45946488,
				"bits_per_second":	36757025.645112865,
				"packets":	31731,
				"omitted":	false,
				"sender":	true
			}
		}, {
			"streams":	[{
					"socket":	6,
					"start":	30.000103,
					"end":	40.000089,
					"seconds":	9.9999856948852539,
					"bytes":	1697056,
					"bits_per_second":	1357646.742129243,
					"packets":	1172,
					"omitted":	false,
					"sender":	true
				}],
			"sum":	{
				"start":	30.000103,
				"end":	40.000089,
				"seconds":	9.9999856948852539,
				"bytes":	1697056,
				"bits_per_second":	1357646.742129243,
				"packets":	1172,
				"omitted":	false,
				"sender":	true
			}
		}, {
			"streams":	[{
					"socket":	6,
					"start":	40.000089,
					"end":	50.000088,
					"seconds":	9.9999990463256836,
					"bytes":	52841864,
					"bits_per_second":	42273495.23151467,
					"packets":	36493,
					"omitted":	false,
					"sender":	true
				}],
			"sum":	{
				"start":	40.000089,
				"end":	50.000088,
				"seconds":	9.9999990463256836,
				"bytes":	52841864,
				"bits_per_second":	42273495.23151467,
				"packets":	36493,
				"omitted":	false,
				"sender":	true
			}
		}, {
			"streams":	[{
					"socket":	6,
					"start":	50.000088,
					"end":	60.000131,
					"seconds":	10.000042915344238,
					"bytes":	1752080,
					"bits_per_second":	1401657.984736508,
					"packets":	1210,
					"omitted":	false,
					"sender":	true
				}],
			"sum":	{
				"start":	50.000088,
				"end":	60.000131,
				"seconds":	10.000042915344238,
				"bytes":	1752080,
				"bits_per_second":	1401657.984736508,
				"packets":	1210,
				"omitted":	false,
				"sender":	true
			}
		}, {
			"streams":	[{
					"socket":	6,
					"start":	60.000131,
					"end":	70.000088,
					"seconds":	9.9999570846557617,
					"bytes":	53306672,
					"bits_per_second":	42645520.614719741,
					"packets":	36814,
					"omitted":	false,
					"sender":	true
				}],
			"sum":	{
				"start":	60.000131,
				"end":	70.000088,
				"seconds":	9.9999570846557617,
				"bytes":	53306672,
				"bits_per_second":	42645520.614719741,
				"packets":	36814,
				"omitted":	false,
				"sender":	true
			}
		}, {
			"streams":	[{
					"socket":	6,
					"start":	70.000088,
					"end":	80.000101,
					"seconds":	10.00001335144043,
					"bytes":	60724776,
					"bits_per_second":	48579755.939028248,
					"packets":	41937,
					"omitted":	false,
					"sender":	true
				}],
			"sum":	{
				"start":	70.000088,
				"end":	80.000101,
				"seconds":	10.00001335144043,
				"bytes":	60724776,
				"bits_per_second":	48579755.939028248,
				"packets":	41937,
				"omitted":	false,
				"sender":	true
			}
		}, {
			"streams":	[{
					"socket":	6,
					"start":	80.000101,
					"end":	90.000099,
					"seconds":	9.9999980926513672,
					"bytes":	3753216,
					"bits_per_second":	3002573.3726954218,
					"packets":	2592,
					"omitted":	false,
					"sender":	true
				}],
			"sum":	{
				"start":	80.000101,
				"end":	90.000099,
				"seconds":	9.9999980926513672,
				"bytes":	3753216,
				"bits_per_second":	3002573.3726954218,
				"packets":	2592,
				"omitted":	false,
				"sender":	true
			}
		}, {
			"streams":	[{
					"socket":	6,
					"start":	90.000099,
					"end":	100.000097,
					"seconds":	9.9999980926513672,
					"bytes":	57046856,
					"bits_per_second":	45637493.504661083,
					"packets":	39397,
					"omitted":	false,
					"sender":	true
				}],
			"sum":	{
				"start":	90.000099,
				"end":	100.000097,
				"seconds":	9.9999980926513672,
				"bytes":	57046856,
				"bits_per_second":	45637493.504661083,
				"packets":	39397,
				"omitted":	false,
				"sender":	true
			}
		}, {
			"streams":	[{
					"socket":	6,
					"start":	100.000097,
					"end":	110.000094,
					"seconds":	9.99999713897705,
					"bytes":	3666336,
					"bits_per_second":	2933069.6391579551,
					"packets":	2532,
					"omitted":	false,
					"sender":	true
				}],
			"sum":	{
				"start":	100.000097,
				"end":	110.000094,
				"seconds":	9.99999713897705,
				"bytes":	3666336,
				"bits_per_second":	2933069.6391579551,
				"packets":	2532,
				"omitted":	false,
				"sender":	true
			}
		}, {
			"streams":	[{
					"socket":	6,
					"start":	110.000094,
					"end":	120.00005,
					"seconds":	9.9999561309814453,
					"bytes":	39042424,
					"bits_per_second":	31234076.220826928,
					"packets":	26963,
					"omitted":	false,
					"sender":	true
				}],
			"sum":	{
				"start":	110.000094,
				"end":	120.00005,
				"seconds":	9.9999561309814453,
				"bytes":	39042424,
				"bits_per_second":	31234076.220826928,
				"packets":	26963,
				"omitted":	false,
				"sender":	true
			}
		}, {
			"streams":	[{
					"socket":	6,
					"start":	120.00005,
					"end":	130.000093,
					"seconds":	10.000042915344238,
					"bytes":	10107040,
					"bits_per_second":	8085597.3003808483,
					"packets":	6980,
					"omitted":	false,
					"sender":	true
				}],
			"sum":	{
				"start":	120.00005,
				"end":	130.000093,
				"seconds":	10.000042915344238,
				"bytes":	10107040,
				"bits_per_second":	8085597.3003808483,
				"packets":	6980,
				"omitted":	false,
				"sender":	true
			}
		}, {
			"streams":	[{
					"socket":	6,
					"start":	130.000093,
					"end":	140.000095,
					"seconds":	10.000001907348633,
					"bytes":	22900120,
					"bits_per_second":	18320092.505719662,
					"packets":	15815,
					"omitted":	false,
					"sender":	true
				}],
			"sum":	{
				"start":	130.000093,
				"end":	140.000095,
				"seconds":	10.000001907348633,
				"bytes":	22900120,
				"bits_per_second":	18320092.505719662,
				"packets":	15815,
				"omitted":	false,
				"sender":	true
			}
		}, {
			"streams":	[{
					"socket":	6,
					"start":	140.000095,
					"end":	150.000103,
					"seconds":	10.000007629394531,
					"bytes":	4034128,
					"bits_per_second":	3227299.9377655503,
					"packets":	2786,
					"omitted":	false,
					"sender":	true
				}],
			"sum":	{
				"start":	140.000095,