{
	"start":	{
		"connected":	[{
				"socket":	6,
				"local_host":	"10.20.15.3",
				"local_port":	41731,
				"remote_host":	"10.20.15.2",
				"remote_port":	5201
			}],
		"version":	"iperf 3.7",
		"system_info":	"Linux node2 5.8.0-1006-raspi #9-Ubuntu SMP PREEMPT Fri Oct 16 12:55:30 UTC 2020 aarch64",
		"timestamp":	{
			"time":	"Sun, 08 Aug 2021 11:43:48 GMT",
			"timesecs":	1628423028
		},
		"connecting_to":	{
			"host":	"10.20.15.2",
			"port":	5201
		},
		"cookie":	"d2wo6s4vln7iis7zj67noludc2gkoa3wmxew",
		"sock_bufsize":	0,
		"sndbuf_actual":	212992,
		"rcvbuf_actual":	212992,
		"test_start":	{
			"protocol":	"UDP",
			"num_streams":	1,
			"blksize":	1448,
			"omit":	0,
			"duration":	300,
			"bytes":	0,
			"blocks":	0,
			"reverse":	0,
			"tos":	0
		}
	},
	"intervals":	[{
			"streams":	[{
					"socket":	6,
					"start":	0,
					"end":	10.000087,
					"seconds":	10.000086784362793,
					"bytes":	53345768,
					"bits_per_second":	42676244.036935486,
					"packets":	36841,
					"omitted":	false,
					"sender":	true
				}],
			"sum":	{
				"start":	0,
				"end":	10.000087,
				"seconds":	10.000086784362793,
				"bytes":	53345768,
				"bits_per_second":	42676244.036935486,
				"packets":	36841,
				"omitted":	false,
				"sender":	true
			}
		}, {
			"streams":	[{
					"socket":	6,
					"start":	10.000087,
					"end":	20.000081,
					"seconds":	9.9999942779541016,
					"bytes":	24992480,
					"bits_per_second":	19993995.440655962,
					"packets":	17260,
					"omitted":	false,
					"sender":	true
				}],
			"sum":	{
				"start":	10.000087,
				"end":	20.000081,
				"seconds":	9.9999942779541016,
				"bytes":	24992480,
				"bits_per_second":	19993995.440655962,
				"packets":	17260,
				"omitted":	false,
				"sender":	true
			}
		}, {
			"streams":	[{
					"socket":	6,
					"start":	20.000081,
					"end":	30.00009,
					"seconds":	10.000008583068848,
					"bytes":	3960280,
					"bits_per_second":	3168221.2806938621,
					"packets":	2735,
					"omitted":	false,
					"sender":	true
				}],
			"sum":	{
				"start":	20.000081,
				"end":	30.00009,
				"seconds":	10.000008583068848,
				"bytes":	3960280,
				"bits_per_second":	3168221.2806938621,
				"packets":	2735,
				"omitted":	false,
				"sender":	true
			}
		}, {
			"streams":	[{
					"socket":	6,
					"start":	30.00009,
					"end":	40.000606,
					"seconds":	10.000515937805176,
					"bytes":	60035528,
					"bits_per_second":	48025944.559957221,
					"packets":	41461,
					"omitted":	false,
					"sender":	true
				}],
			"sum":	{
				"start":	30.00009,
				"end":	40.000606,
				"seconds":	10.000515937805176,
				"bytes":	60035528,
				"bits_per_second":	48025944.559957221,
				"packets":	41461,
				"omitted":	false,
				"sender":	true
			}
		}, {
			"streams":	[{
					"socket":	6,
					"start":	40.000606,
					"end":	50.0001,
					"seconds":	9.9994935989379883,
					"bytes":	16969112,
					"bits_per_second":	13575977.088921567,
					"packets":	11719,
					"omitted":	false,
					"sender":	true
				}],
			"sum":	{
				"start":	40.000606,
				"end":	50.0001,
				"seconds":	9.9994935989379883,
				"bytes":	16969112,
				"bits_per_second":	13575977.088921567,
				"packets":	11719,
				"omitted":	false,
				"sender":	true
			}
		}, {
			"streams":	[{
					"socket":	6,
					"start":	50.0001,
					"end":	60.000082,
					"seconds":	9.9999818801879883,
					"bytes":	44688176,
					"bits_per_second":	35750605.579425238,
					"packets":	30862,
					"omitted":	false,
					"sender":	true
				}],
			"sum":	{
				"start":	50.0001,
				"end":	60.000082,
				"seconds":	9.9999818801879883,
				"bytes":	44688176,
				"bits_per_second":	35750605.579425238,
				"packets":	30862,
				"omitted":	false,
				"sender":	true
			}
		}, {
			"streams":	[{
					"socket":	6,
					"start":	60.000082,
					"end":	70.000022,
					"seconds":	9.9999399185180664,
					"bytes":	39514472,
					"bits_per_second":	31611767.528183963,
					"packets":	27289,
					"omitted":	false,
					"sender":	true
				}],
			"sum":	{
				"start":	60.000082,
				"end":	70.000022,
				"seconds":	9.9999399185180664,
				"bytes":	39514472,
				"bits_per_second":	31611767.528183963,
				"packets":	27289,
				"omitted":	false,
				"sender":	true
			}
		}, {
			"streams":	[{
					"socket":	6,
					"start":	70.000022,
					"end":	80.000243,
					"seconds":	10.000221252441406,
					"bytes":	13202864,
					"bits_per_second":	10562057.511898922,
					"packets":	9118,
					"omitted":	false,
					"sender":	true
				}],
			"sum":	{
				"start":	70.000022,
				"end":	80.000243,
				"seconds":	10.000221252441406,
				"bytes":	13202864,
				"bits_per_second":	10562057.511898922,
				"packets":	9118,
				"omitted":	false,
				"sender":	true
			}
		}, {
			"streams":	[{
					"socket":	6,
					"start":	80.000243,
					"end":	90.000089,
					"seconds":	9.9998464584350586,
					"bytes":	57015000,
					"bits_per_second":	45612700.34453921,
					"packets":	39375,
					"omitted":	false,
					"sender":	true
				}],
			"sum":	{
				"start":	80.000243,
				"end":	90.000089,
				"seconds":	9.9998464584350586,
				"bytes":	57015000,
				"bits_per_second":	45612700.34453921,
				"packets":	39375,
				"omitted":	false,
				"sender":	true
			}
		}, {
			"streams":	[{
					"socket":	6,
					"start":	90.000089,
					"end":	100.000097,
					"seconds":	10.000007629394531,
					"bytes":	9766760,
					"bits_per_second":	7813402.0388473216,
					"packets":	6745,
					"omitted":	false,
					"sender":	true
				}],
			"sum":	{
				"start":	90.000089,
				"end":	100.000097,
				"seconds":	10.000007629394531,
				"bytes":	9766760,
				"bits_per_second":	7813402.0388473216,
				"packets":	6745,
				"omitted":	false,
				"sender":	true
			}
		}, {
			"streams":	[{
					"socket":	6,
					"start":	100.000097,
					"end":	110.000096,
					"seconds":	9.9999990463256836,
					"bytes":	55202104,
					"bits_per_second":	44161687.4115867,
					"packets":	38123,
					"omitted":	false,
					"sender":	true
				}],
			"sum":	{
				"start":	100.000097,
				"end":	110.000096,
				"seconds":	9.9999990463256836,
				"bytes":	55202104,
				"bits_per_second":	44161687.4115867,
				"packets":	38123,
				"omitted":	false,
				"sender":	true
			}
		}, {
			"streams":	[{
					"socket":	6,
					"start":	110.000096,
					"end":	120.000081,
					"seconds":	9.9999847412109375,
					"bytes":	12232704,
					"bits_per_second":	9786178.132522786,
					"packets":	8448,
					"omitted":	false,
					"sender":	true
				}],
			"sum":	{
				"start":	110.000096,
				"end":	120.000081,
				"seconds":	9.9999847412109375,
				"bytes":	12232704,
				"bits_per_second":	9786178.132522786,
				"packets":	8448,
				"omitted":	false,
				"sender":	true
			}
		}, {
			"streams":	[{
					"socket":	6,
					"start":	120.000081,
					"end":	130.000095,
					"seconds":	10.000014305114746,
					"bytes":	35399256,
					"bits_per_second":	28319364.288824432,
					"packets":	24447,
					"omitted":	false,
					"sender":	true
				}],
			"sum":	{
				"start":	120.000081,
				"end":	130.000095,
				"seconds":	10.000014305114746,
				"bytes":	35399256,
				"bits_per_second":	28319364.288824432,
				"packets":	24447,
				"omitted":	false,
				"sender":	true
			}
		}, {
			"streams":	[{
					"socket":	6,
					"start":	130.000095,
					"end":	140.000088,
					"seconds":	9.9999933242797852,
					"bytes":	15857048,
					"bits_per_second":	12685646.868582925,
					"packets":	10951,
					"omitted":	false,
					"sender":	true
				}],
			"sum":	{
				"start":	130.000095,
				"end":	140.000088,
				"seconds":	9.9999933242797852,
				"bytes":	15857048,
				"bits_per_second":	12685646.868582925,
				"packets":	10951,
				"omitted":	false,
				"sender":	true
			}
		}, {
			"streams":	[{
					"socket":	6,
					"start":	140.000088,
					"end":	150.000081,
					"seconds":	9.9999933242797852,
					"bytes":	21010480,
					"bits_per_second":	16808395.220814377,
					"packets":	14510,
					"omitted":	false,
					"sender":	true
				}],
			"sum":	{
				"start":	140.000088,