{
	"start":	{
		"connected":	[{
				"socket":	6,
				"local_host":	"10.20.15.3",
				"local_port":	41948,
				"remote_host":	"10.20.15.2",
				"remote_port":	5201
			}],
		"version":	"iperf 3.7",
		"system_info":	"Linux node2 5.8.0-1006-raspi #9-Ubuntu SMP PREEMPT Fri Oct 16 12:55:30 UTC 2020 aarch64",
		"timestamp":	{
			"time":	"Sun, 08 Aug 2021 13:06:47 GMT",
			"timesecs":	1628428007
		},
		"connecting_to":	{
			"host":	"10.20.15.2",
			"port":	5201
		},
		"cookie":	"susklbfsnpbnygzj422y324mme7i2dexn6lq",
		"sock_bufsize":	0,
		"sndbuf_actual":	212992,
		"rcvbuf_actual":	212992,
		"test_start":	{
			"protocol":	"UDP",
			"num_streams":	1,
			"blksize":	1448,
			"omit":	0,
			"duration":	300,
			"bytes":	0,
			"blocks":	0,
			"reverse":	0,
			"tos":	0
		}
	},
	"intervals":	[{
			"streams":	[{
					"socket":	6,
					"start":	0,
					"end":	10.000159,
					"seconds":	10.00015926361084,
					"bytes":	23102840,
					"bits_per_second":	18481977.649350408,
					"packets":	15955,
					"omitted":	false,
					"sender":	true
				}],
			"sum":	{
				"start":	0,
				"end":	10.000159,
				"seconds":	10.00015926361084,
				"bytes":	23102840,
				"bits_per_second":	18481977.649350408,
				"packets":	15955,
				"omitted":	false,
				"sender":	true
			}
		}, {
			"streams":	[{
					"socket":	6,
					"start":	10.000159,
					"end":	20.000095,
					"seconds":	9.9999361038208,
					"bytes":	22222456,
					"bits_per_second":	17778078.395128295,
					"packets":	15347,
					"omitted":	false,
					"sender":	true
				}],
			"sum":	{
				"start":	10.000159,
				"end":	20.000095,
				"seconds":	9.9999361038208,
				"bytes":	22222456,
				"bits_per_second":	17778078.395128295,
				"packets":	15347,
				"omitted":	false,
				"sender":	true
			}
		}, {
			"streams":	[{
					"socket":	6,
					"start":	20.000095,
					"end":	30.000087,
					"seconds":	9.9999923706054688,
					"bytes":	43568872,
					"bits_per_second":	34855124.192349389,
					"packets":	30089,
					"omitted":	false,
					"sender":	true
				}],
			"sum":	{
				"start":	20.000095,
				"end":	30.000087,
				"seconds":	9.9999923706054688,
				"bytes":	43568872,
				"bits_per_second":	34855124.192349389,
				"packets":	30089,
				"omitted":	false,
				"sender":	true
			}
		}, {
			"streams":	[{
					"socket":	6,
					"start":	30.000087,
					"end":	40.000027,
					"seconds":	9.9999399185180664,
					"bytes":	4752336,
					"bits_per_second":	3801891.642328402,
					"packets":	3282,
					"omitted":	false,
					"sender":	true
				}],
			"sum":	{
				"start":	30.000087,
				"end":	40.000027,
				"seconds":	9.9999399185180664,
				"bytes":	4752336,
				"bits_per_second":	3801891.642328402,
				"packets":	3282,
				"omitted":	false,
				"sender":	true
			}
		}, {
			"streams":	[{
					"socket":	6,
					"start":	40.000027,
					"end":	50.000086,
					"seconds":	10.000059127807617,
					"bytes":	78826224,
					"bits_per_second":	63060606.336460032,
					"packets":	54438,
					"omitted":	false,
					"sender":	true
				}],
			"sum":	{
				"start":	40.000027,
				"end":	50.000086,
				"seconds":	10.000059127807617,
				"bytes":	78826224,
				"bits_per_second":	63060606.336460032,
				"packets":	54438,
				"omitted":	false,
				"sender":	true
			}
		}, {
			"streams":	[{
					"socket":	6,
					"start":	50.000086,
					"end":	60.000126,
					"seconds":	10.000040054321289,
					"bytes":	13363592,
					"bits_per_second":	10690830.778602915,
					"packets":	9229,
					"omitted":	false,
					"sender":	true
				}],
			"sum":	{
				"start":	50.000086,
				"end":	60.000126,
				"seconds":	10.000040054321289,
				"bytes":	13363592,
				"bits_per_second":	10690830.778602915,
				"packets":	9229,
				"omitted":	false,
				"sender":	true
			}
		}, {
			"streams":	[{
					"socket":	6,
					"start":	60.000126,
					"end":	70.00009,
					"seconds":	9.9999637603759766,
					"bytes":	26669264,
					"bits_per_second":	21335488.519008227,
					"packets":	18418,
					"omitted":	false,
					"sender":	true
				}],
			"sum":	{
				"start":	60.000126,
				"end":	70.00009,
				"seconds":	9.9999637603759766,
				"bytes":	26669264,
				"bits_per_second":	21335488.519008227,
				"packets":	18418,
				"omitted":	false,
				"sender":	true
			}
		}, {
			"streams":	[{
					"socket":	6,
					"start":	70.00009,
					"end":	80.000089,
					"seconds":	9.9999990463256836,
					"bytes":	34627472,
					"bits_per_second":	27701980.241866708,
					"packets":	23914,
					"omitted":	false,
					"sender":	true
				}],
			"sum":	{
				"start":	70.00009,
				"end":	80.000089,
				"seconds":	9.9999990463256836,
				"bytes":	34627472,
				"bits_per_second":	27701980.241866708,
				"packets":	23914,
				"omitted":	false,
				"sender":	true
			}
		}, {
			"streams":	[{
					"socket":	6,
					"start":	80.000089,
					"end":	90.000079,
					"seconds":	9.9999904632568359,
					"bytes":	5861504,
					"bits_per_second":	4689207.6719769211,
					"packets":	4048,
					"omitted":	false,
					"sender":	true
				}],
			"sum":	{
				"start":	80.000089,
				"end":	90.000079,
				"seconds":	9.9999904632568359,
				"bytes":	5861504,
				"bits_per_second":	4689207.6719769211,
				"packets":	4048,
				"omitted":	false,
				"sender":	true
			}
		}, {
			"streams":	[{
					"socket":	6,
					"start":	90.000079,
					"end":	100.000089,
					"seconds":	10.000009536743164,
					"bytes":	66162016,
					"bits_per_second":	52929562.322435834,
					"packets":	45692,
					"omitted":	false,
					"sender":	true
				}],
			"sum":	{
				"start":	90.000079,
				"end":	100.000089,
				"seconds":	10.000009536743164,
				"bytes":	66162016,
				"bits_per_second":	52929562.322435834,
				"packets":	45692,
				"omitted":	false,
				"sender":	true
			}
		}, {
			"streams":	[{
					"socket":	6,
					"start":	100.000089,
					"end":	110.000092,
					"seconds":	10.000002861022949,
					"bytes":	3512848,
					"bits_per_second":	2810277.5959731303,
					"packets":	2426,
					"omitted":	false,
					"sender":	true
				}],
			"sum":	{
				"start":	100.000089,
				"end":	110.000092,
				"seconds":	10.000002861022949,
				"bytes":	3512848,
				"bits_per_second":	2810277.5959731303,
				"packets":	2426,
				"omitted":	false,
				"sender":	true
			}
		}, {
			"streams":	[{
					"socket":	6,
					"start":	110.000092,
					"end":	120.000098,
					"seconds":	10.000005722045898,
					"bytes":	48563024,
					"bits_per_second":	38850396.969624534,
					"packets":	33538,
					"omitted":	false,
					"sender":	true
				}],
			"sum":	{
				"start":	110.000092,
				"end":	120.000098,
				"seconds":	10.000005722045898,
				"bytes":	48563024,
				"bits_per_second":	38850396.969624534,
				"packets":	33538,
				"omitted":	false,
				"sender":	true
			}
		}, {
			"streams":	[{
					"socket":	6,
					"start":	120.000098,
					"end":	130.0001,
					"seconds":	10.000001907348633,
					"bytes":	2072088,
					"bits_per_second":	1657670.0838245233,
					"packets":	1431,
					"omitted":	false,
					"sender":	true
				}],
			"sum":	{
				"start":	120.000098,
				"end":	130.0001,
				"seconds":	10.000001907348633,
				"bytes":	2072088,
				"bits_per_second":	1657670.0838245233,
				"packets":	1431,
				"omitted":	false,
				"sender":	true
			}
		}, {
			"streams":	[{
					"socket":	6,
					"start":	130.0001,
					"end":	140.00008,
					"seconds":	9.9999799728393555,
					"bytes":	26627272,
					"bits_per_second":	21301860.261577748,
					"packets":	18389,
					"omitted":	false,
					"sender":	true
				}],
			"sum":	{
				"start":	130.0001,
				"end":	140.00008,
				"seconds":	9.9999799728393555,
				"bytes":	26627272,
				"bits_per_second":	21301860.261577748,
				"packets":	18389,
				"omitted":	false,
				"sender":	true
			}
		}, {
			"streams":	[{
					"socket":	6,
					"start":	140.00008,
					"end":	150.000099,
					"seconds":	10.000019073486328,
					"bytes":	4947816,
					"bits_per_second":	3958245.2502463334,
					"packets":	3417,
					"omitted":	false,
					"sender":	true
				}],
			"sum":	{
				"start":	140.00008,
				"end":	150.000099,