{
	"start":	{
		"connected":	[{
				"socket":	6,
				"local_host":	"10.20.15.3",
				"local_port":	41656,
				"remote_host":	"10.20.15.2",
				"remote_port":	5201
			}],
		"version":	"iperf 3.7",
		"system_info":	"Linux node2 5.8.0-1006-raspi #9-Ubuntu SMP PREEMPT Fri Oct 16 12:55:30 UTC 2020 aarch64",
		"timestamp":	{
			"time":	"Sun, 08 Aug 2021 15:15:42 GMT",
			"timesecs":	1628435742
		},
		"connecting_to":	{
			"host":	"10.20.15.2",
			"port":	5201
		},
		"cookie":	"x26cv3macfq2rzkendwlvlriokehown4gekt",
		"sock_bufsize":	0,
		"sndbuf_actual":	212992,
		"rcvbuf_actual":	212992,
		"test_start":	{
			"protocol":	"UDP",
			"num_streams":	1,
			"blksize":	1448,
			"omit":	0,
			"duration":	300,
			"bytes":	0,
			"blocks":	0,
			"reverse":	0,
			"tos":	0
		}
	},
	"intervals":	[{
			"streams":	[{
					"socket":	6,
					"start":	0,
					"end":	10.00008,
					"seconds":	10.000080108642578,
					"bytes":	10102696,
					"bits_per_second":	8082092.0554576246,
					"packets":	6977,
					"omitted":	false,
					"sender":	true
				}],
			"sum":	{
				"start":	0,
				"end":	10.00008,
				"seconds":	10.000080108642578,
				"bytes":	10102696,
				"bits_per_second":	8082092.0554576246,
				"packets":	6977,
				"omitted":	false,
				"sender":	true
			}
		}, {
			"streams":	[{
					"socket":	6,
					"start":	10.00008,
					"end":	20.000085,
					"seconds":	10.000004768371582,
					"bytes":	5803584,
					"bits_per_second":	4642864.9861094542,
					"packets":	4008,
					"omitted":	false,
					"sender":	true
				}],
			"sum":	{
				"start":	10.00008,
				"end":	20.000085,
				"seconds":	10.000004768371582,
				"bytes":	5803584,
				"bits_per_second":	4642864.9861094542,
				"packets":	4008,
				"omitted":	false,
				"sender":	true
			}
		}, {
			"streams":	[{
					"socket":	6,
					"start":	20.000085,
					"end":	30.001468,
					"seconds":	10.001382827758789,
					"bytes":	60536536,
					"bits_per_second":	48422532.797749639,
					"packets":	41807,
					"omitted":	false,
					"sender":	true
				}],
			"sum":	{
				"start":	20.000085,
				"end":	30.001468,
				"seconds":	10.001382827758789,
				"bytes":	60536536,
				"bits_per_second":	48422532.797749639,
				"packets":	41807,
				"omitted":	false,
				"sender":	true
			}
		}, {
			"streams":	[{
					"socket":	6,
					"start":	30.001468,
					"end":	40.000088,
					"seconds":	9.99862003326416,
					"bytes":	4025440,
					"bits_per_second":	3220796.4591976604,
					"packets":	2780,
					"omitted":	false,
					"sender":	true
				}],
			"sum":	{
				"start":	30.001468,
				"end":	40.000088,
				"seconds":	9.99862003326416,
				"bytes":	4025440,
				"bits_per_second":	3220796.4591976604,
				"packets":	2780,
				"omitted":	false,
				"sender":	true
			}
		}, {
			"streams":	[{
					"socket":	6,
					"start":	40.000088,
					"end":	50.00001,
					"seconds":	9.9999217987060547,
					"bytes":	12053152,
					"bits_per_second":	9642597.00635629,
					"packets":	8324,
					"omitted":	false,
					"sender":	true
				}],
			"sum":	{
				"start":	40.000088,
				"end":	50.00001,
				"seconds":	9.9999217987060547,
				"bytes":	12053152,
				"bits_per_second":	9642597.00635629,
				"packets":	8324,
				"omitted":	false,
				"sender":	true
			}
		}, {
			"streams":	[{
					"socket":	6,
					"start":	50.00001,
					"end":	60.001508,
					"seconds":	10.001498222351074,
					"bytes":	38272088,
					"bits_per_second":	30613083.879349664,
					"packets":	26431,
					"omitted":	false,
					"sender":	true
				}],
			"sum":	{
				"start":	50.00001,
				"end":	60.001508,
				"seconds":	10.001498222351074,
				"bytes":	38272088,
				"bits_per_second":	30613083.879349664,
				"packets":	26431,
				"omitted":	false,
				"sender":	true
			}
		}, {
			"streams":	[{
					"socket":	6,
					"start":	60.001508,
					"end":	70.000099,
					"seconds":	9.998591423034668,
					"bytes":	1419040,
					"bits_per_second":	1135391.9286917378,
					"packets":	980,
					"omitted":	false,
					"sender":	true
				}],
			"sum":	{
				"start":	60.001508,
				"end":	70.000099,
				"seconds":	9.998591423034668,
				"bytes":	1419040,
				"bits_per_second":	1135391.9286917378,
				"packets":	980,
				"omitted":	false,
				"sender":	true
			}
		}, {
			"streams":	[{
					"socket":	6,
					"start":	70.000099,
					"end":	80.000051,
					"seconds":	9.99995231628418,
					"bytes":	44294320,
					"bits_per_second":	35435624.9702271,
					"packets":	30590,
					"omitted":	false,
					"sender":	true
				}],
			"sum":	{
				"start":	70.000099,
				"end":	80.000051,
				"seconds":	9.99995231628418,
				"bytes":	44294320,
				"bits_per_second":	35435624.9702271,
				"packets":	30590,
				"omitted":	false,
				"sender":	true
			}
		}, {
			"streams":	[{
					"socket":	6,
					"start":	80.000051,
					"end":	90.0001,
					"seconds":	10.000048637390137,
					"bytes":	30300848,
					"bits_per_second":	24240560.500240181,
					"packets":	20926,
					"omitted":	false,
					"sender":	true
				}],
			"sum":	{
				"start":	80.000051,
				"end":	90.0001,
				"seconds":	10.000048637390137,
				"bytes":	30300848,
				"bits_per_second":	24240560.500240181,
				"packets":	20926,
				"omitted":	false,
				"sender":	true
			}
		}, {
			"streams":	[{
					"socket":	6,
					"start":	90.0001,
					"end":	100.000088,
					"seconds":	9.9999876022338867,
					"bytes":	4467080,
					"bits_per_second":	3573668.4305505366,
					"packets":	3085,
					"omitted":	false,
					"sender":	true
				}],
			"sum":	{
				"start":	90.0001,
				"end":	100.000088,
				"seconds":	9.9999876022338867,
				"bytes":	4467080,
				"bits_per_second":	3573668.4305505366,
				"packets":	3085,
				"omitted":	false,
				"sender":	true
			}
		}, {
			"streams":	[{
					"socket":	6,
					"start":	100.000088,
					"end":	110.000283,
					"seconds":	10.000194549560547,
					"bytes":	51223000,
					"bits_per_second":	40977602.782538638,
					"packets":	35375,
					"omitted":	false,
					"sender":	true
				}],
			"sum":	{
				"start":	100.000088,
				"end":	110.000283,
				"seconds":	10.000194549560547,
				"bytes":	51223000,
				"bits_per_second":	40977602.782538638,
				"packets":	35375,
				"omitted":	false,
				"sender":	true
			}
		}, {
			"streams":	[{
					"socket":	6,
					"start":	110.000283,
					"end":	120.000127,
					"seconds":	9.99984359741211,
					"bytes":	1670992,
					"bits_per_second":	1336814.50812486,
					"packets":	1154,
					"omitted":	false,
					"sender":	true
				}],
			"sum":	{
				"start":	110.000283,
				"end":	120.000127,
				"seconds":	9.99984359741211,
				"bytes":	1670992,
				"bits_per_second":	1336814.50812486,
				"packets":	1154,
				"omitted":	false,
				"sender":	true
			}
		}, {
			"streams":	[{
					"socket":	6,
					"start":	120.000127,
					"end":	130.000086,
					"seconds":	9.9999589920043945,
					"bytes":	1838960,
					"bits_per_second":	1471174.0329898279,
					"packets":	1270,
					"omitted":	false,
					"sender":	true
				}],
			"sum":	{
				"start":	120.000127,
				"end":	130.000086,
				"seconds":	9.9999589920043945,
				"bytes":	1838960,
				"bits_per_second":	1471174.0329898279,
				"packets":	1270,
				"omitted":	false,
				"sender":	true
			}
		}, {
			"streams":	[{
					"socket":	6,
					"start":	130.000086,
					"end":	140.000098,
					"seconds":	10.000012397766113,
					"bytes":	18918120,
					"bits_per_second":	15134477.236629097,
					"packets":	13065,
					"omitted":	false,
					"sender":	true
				}],
			"sum":	{
				"start":	130.000086,
				"end":	140.000098,
				"seconds":	10.000012397766113,
				"bytes":	18918120,
				"bits_per_second":	15134477.236629097,
				"packets":	13065,
				"omitted":	false,
				"sender":	true
			}
		}, {
			"streams":	[{
					"socket":	6,
					"start":	140.000098,
					"end":	150.000082,
					"seconds":	9.9999837875366211,
					"bytes":	4141280,
					"bits_per_second":	3313029.3712367355,
					"packets":	2860,
					"omitted":	false,
					"sender":	true
				}],
			"sum":	{
				"start":	140.000098,
				"end":	150.000082,