{
	"start":	{
		"connected":	[{
				"socket":	6,
				"local_host":	"10.20.15.3",
				"local_port":	49138,
				"remote_host":	"10.20.15.2",
				"remote_port":	5201
			}],
		"version":	"iperf 3.7",
		"system_info":	"Linux node2 5.8.0-1006-raspi #9-Ubuntu SMP PREEMPT Fri Oct 16 12:55:30 UTC 2020 aarch64",
		"timestamp":	{
			"time":	"Sun, 08 Aug 2021 11:16:18 GMT",
			"timesecs":	1628421378
		},
		"connecting_to":	{
			"host":	"10.20.15.2",
			"port":	5201
		},
		"cookie":	"46rwehmlb5yzjugiautnups77t7t7b3epopy",
		"sock_bufsize":	0,
		"sndbuf_actual":	212992,
		"rcvbuf_actual":	212992,
		"test_start":	{
			"protocol":	"UDP",
			"num_streams":	1,
			"blksize":	1448,
			"omit":	0,
			"duration":	300,
			"bytes":	0,
			"blocks":	0,
			"reverse":	0,
			"tos":	0
		}
	},
	"intervals":	[{
			"streams":	[{
					"socket":	6,
					"start":	0,
					"end":	10.000127,
					"seconds":	10.000126838684082,
					"bytes":	62469616,
					"bits_per_second":	49975058.922928929,
					"packets":	43142,
					"omitted":	false,
					"sender":	true
				}],
			"sum":	{
				"start":	0,
				"end":	10.000127,
				"seconds":	10.000126838684082,
				"bytes":	62469616,
				"bits_per_second":	49975058.922928929,
				"packets":	43142,
				"omitted":	false,
				"sender":	true
			}
		}, {
			"streams":	[{
					"socket":	6,
					"start":	10.000127,
					"end":	20.000074,
					"seconds":	9.9999465942382812,
					"bytes":	21000344,
					"bits_per_second":	16800364.923628591,
					"packets":	14503,
					"omitted":	false,
					"sender":	true
				}],
			"sum":	{
				"start":	10.000127,
				"end":	20.000074,
				"seconds":	9.9999465942382812,
				"bytes":	21000344,
				"bits_per_second":	16800364.923628591,
				"packets":	14503,
				"omitted":	false,
				"sender":	true
			}
		}, {
			"streams":	[{
					"socket":	6,
					"start":	20.000074,
					"end":	30.000133,
					"seconds":	10.000059127807617,
					"bytes":	42904240,
					"bits_per_second":	34323189.054508075,
					"packets":	29630,
					"omitted":	false,
					"sender":	true
				}],
			"sum":	{
				"start":	20.000074,
				"end":	30.000133,
				"seconds":	10.000059127807617,
				"bytes":	42904240,
				"bits_per_second":	34323189.054508075,
				"packets":	29630,
				"omitted":	false,
				"sender":	true
			}
		}, {
			"streams":	[{
					"socket":	6,
					"start":	30.000133,
					"end":	40.000011,
					"seconds":	9.9998779296875,
					"bytes":	39368224,
					"bits_per_second":	31494963.660005614,
					"packets":	27188,
					"omitted":	false,
					"sender":	true
				}],
			"sum":	{
				"start":	30.000133,
				"end":	40.000011,
				"seconds":	9.9998779296875,
				"bytes":	39368224,
				"bits_per_second":	31494963.660005614,
				"packets":	27188,
				"omitted":	false,
				"sender":	true
			}
		}, {
			"streams":	[{
					"socket":	6,
					"start":	40.000011,
					"end":	50.000118,
					"seconds":	10.000106811523438,
					"bytes":	10684792,
					"bits_per_second":	8547742.3002622966,
					"packets":	7379,
					"omitted":	false,
					"sender":	true
				}],
			"sum":	{
				"start":	40.000011,
				"end":	50.000118,
				"seconds":	10.000106811523438,
				"bytes":	10684792,
				"bits_per_second":	8547742.3002622966,
				"packets":	7379,
				"omitted":	false,
				"sender":	true
			}
		}, {
			"streams":	[{
					"socket":	6,
					"start":	50.000118,
					"end":	60.000117,
					"seconds":	9.9999990463256836,
					"bytes":	66833888,
					"bits_per_second":	53467115.499021485,
					"packets":	46156,
					"omitted":	false,
					"sender":	true
				}],
			"sum":	{
				"start":	50.000118,
				"end":	60.000117,
				"seconds":	9.9999990463256836,
				"bytes":	66833888,
				"bits_per_second":	53467115.499021485,
				"packets":	46156,
				"omitted":	false,
				"sender":	true
			}
		}, {
			"streams":	[{
					"socket":	6,
					"start":	60.000117,
					"end":	70.000115,
					"seconds":	9.9999980926513672,
					"bytes":	4765368,
					"bits_per_second":	3812295.1271375897,
					"packets":	3291,
					"omitted":	false,
					"sender":	true
				}],
			"sum":	{
				"start":	60.000117,
				"end":	70.000115,
				"seconds":	9.9999980926513672,
				"bytes":	4765368,
				"bits_per_second":	3812295.1271375897,
				"packets":	3291,
				"omitted":	false,
				"sender":	true
			}
		}, {
			"streams":	[{
					"socket":	6,
					"start":	70.000115,
					"end":	80.000139,
					"seconds":	10.00002384185791,
					"bytes":	51624096,
					"bits_per_second":	41299178.335085832,
					"packets":	35652,
					"omitted":	false,
					"sender":	true
				}],
			"sum":	{
				"start":	70.000115,
				"end":	80.000139,
				"seconds":	10.00002384185791,
				"bytes":	51624096,
				"bits_per_second":	41299178.335085832,
				"packets":	35652,
				"omitted":	false,
				"sender":	true
			}
		}, {
			"streams":	[{
					"socket":	6,
					"start":	80.000139,
					"end":	90.000139,
					"seconds":	10,
					"bytes":	20696264,
					"bits_per_second":	16557011.2,
					"packets":	14293,
					"omitted":	false,
					"sender":	true
				}],
			"sum":	{
				"start":	80.000139,
				"end":	90.000139,
				"seconds":	10,
				"bytes":	20696264,
				"bits_per_second":	16557011.2,
				"packets":	14293,
				"omitted":	false,
				"sender":	true
			}
		}, {
			"streams":	[{
					"socket":	6,
					"start":	90.000139,
					"end":	100.000041,
					"seconds":	9.99990177154541,
					"bytes":	3647512,
					"bits_per_second":	2918038.2634389051,
					"packets":	2519,
					"omitted":	false,
					"sender":	true
				}],
			"sum":	{
				"start":	90.000139,
				"end":	100.000041,
				"seconds":	9.99990177154541,
				"bytes":	3647512,
				"bits_per_second":	2918038.2634389051,
				"packets":	2519,
				"omitted":	false,
				"sender":	true
			}
		}, {
			"streams":	[{
					"socket":	6,
					"start":	100.000041,
					"end":	110.00014,
					"seconds":	10.000099182128906,
					"bytes":	49246480,
					"bits_per_second":	39396793.2542173,
					"packets":	34010,
					"omitted":	false,
					"sender":	true
				}],
			"sum":	{
				"start":	100.000041,
				"end":	110.00014,
				"seconds":	10.000099182128906,
				"bytes":	49246480,
				"bits_per_second":	39396793.2542173,
				"packets":	34010,
				"omitted":	false,
				"sender":	true
			}
		}, {
			"streams":	[{
					"socket":	6,
					"start":	110.00014,
					"end":	120.000078,
					"seconds":	9.9999380111694336,
					"bytes":	22471512,
					"bits_per_second":	17977321.039310794,
					"packets":	15519,
					"omitted":	false,
					"sender":	true
				}],
			"sum":	{
				"start":	110.00014,
				"end":	120.000078,
				"seconds":	9.9999380111694336,
				"bytes":	22471512,
				"bits_per_second":	17977321.039310794,
				"packets":	15519,
				"omitted":	false,
				"sender":	true
			}
		}, {
			"streams":	[{
					"socket":	6,
					"start":	120.000078,
					"end":	130.000118,
					"seconds":	10.000040054321289,
					"bytes":	3714120,
					"bits_per_second":	2971284.0987232067,
					"packets":	2565,
					"omitted":	false,
					"sender":	true
				}],
			"sum":	{
				"start":	120.000078,
				"end":	130.000118,
				"seconds":	10.000040054321289,
				"bytes":	3714120,
				"bits_per_second":	2971284.0987232067,
				"packets":	2565,
				"omitted":	false,
				"sender":	true
			}
		}, {
			"streams":	[{
					"socket":	6,
					"start":	130.000118,
					"end":	140.000127,
					"seconds":	10.000008583068848,
					"bytes":	49491192,
					"bits_per_second":	39592919.617124505,
					"packets":	34179,
					"omitted":	false,
					"sender":	true
				}],
			"sum":	{
				"start":	130.000118,
				"end":	140.000127,
				"seconds":	10.000008583068848,
				"bytes":	49491192,
				"bits_per_second":	39592919.617124505,
				"packets":	34179,
				"omitted":	false,
				"sender":	true
			}
		}, {
			"streams":	[{
					"socket":	6,
					"start":	140.000127,
					"end":	150.000167,
					"seconds":	10.000040054321289,
					"bytes":	27604672,
					"bits_per_second":	22083649.145442188,
					"packets":	19064,
					"omitted":	false,
					"sender":	true
				}],
			"sum":	{
				"start":	140.000127,
				"end":	150.000167,
				"seconds":	10.000040054321289,