{
	"start":	{
		"connected":	[{
				"socket":	6,
				"local_host":	"10.20.15.3",
				"local_port":	37259,
				"remote_host":	"10.20.15.2",
				"remote_port":	5201
			}],
		"version":	"iperf 3.7",
		"system_info":	"Linux node2 5.8.0-1006-raspi #9-Ubuntu SMP PREEMPT Fri Oct 16 12:55:30 UTC 2020 aarch64",
		"timestamp":	{
			"time":	"Sun, 08 Aug 2021 13:32:26 GMT",
			"timesecs":	1628429546
		},
		"connecting_to":	{
			"host":	"10.20.15.2",
			"port":	5201
		},
		"cookie":	"4qemsbat2qazfea6yzpwgtwfacx5idwjq2oc",
		"sock_bufsize":	0,
		"sndbuf_actual":	212992,
		"rcvbuf_actual":	212992,
		"test_start":	{
			"protocol":	"UDP",
			"num_streams":	1,
			"blksize":	1448,
			"omit":	0,
			"duration":	300,
			"bytes":	0,
			"blocks":	0,
			"reverse":	0,
			"tos":	0
		}
	},
	"intervals":	[{
			"streams":	[{
					"socket":	6,
					"start":	0,
					"end":	10.000098,
					"seconds":	10.00009822845459,
					"bytes":	14517648,
					"bits_per_second":	11614004.317430429,
					"packets":	10026,
					"omitted":	false,
					"sender":	true
				}],
			"sum":	{
				"start":	0,
				"end":	10.000098,
				"seconds":	10.00009822845459,
				"bytes":	14517648,
				"bits_per_second":	11614004.317430429,
				"packets":	10026,
				"omitted":	false,
				"sender":	true
			}
		}, {
			"streams":	[{
					"socket":	6,
					"start":	10.000098,
					"end":	20.000063,
					"seconds":	9.999964714050293,
					"bytes":	22879848,
					"bits_per_second":	18303942.987201169,
					"packets":	15801,
					"omitted":	false,
					"sender":	true
				}],
			"sum":	{
				"start":	10.000098,
				"end":	20.000063,
				"seconds":	9.999964714050293,
				"bytes":	22879848,
				"bits_per_second":	18303942.987201169,
				"packets":	15801,
				"omitted":	false,
				"sender":	true
			}
		}, {
			"streams":	[{
					"socket":	6,
					"start":	20.000063,
					"end":	30.0001,
					"seconds":	10.00003719329834,
					"bytes":	22626448,
					"bits_per_second":	18101091.076071933,
					"packets":	15626,
					"omitted":	false,
					"sender":	true
				}],
			"sum":	{
				"start":	20.000063,
				"end":	30.0001,
				"seconds":	10.00003719329834,
				"bytes":	22626448,
				"bits_per_second":	18101091.076071933,
				"packets":	15626,
				"omitted":	false,
				"sender":	true
			}
		}, {
			"streams":	[{
					"socket":	6,
					"start":	30.0001,
					"end":	40.000106,
					"seconds":	10.000005722045898,
					"bytes":	3418728,
					"bits_per_second":	2734980.835031413,
					"packets":	2361,
					"omitted":	false,
					"sender":	true
				}],
			"sum":	{
				"start":	30.0001,
				"end":	40.000106,
				"seconds":	10.000005722045898,
				"bytes":	3418728,
				"bits_per_second":	2734980.835031413,
				"packets":	2361,
				"omitted":	false,
				"sender":	true
			}
		}, {
			"streams":	[{
					"socket":	6,
					"start":	40.000106,
					"end":	50.000113,
					"seconds":	10.000006675720215,
					"bytes":	7244344,
					"bits_per_second":	5795471.3311054884,
					"packets":	5003,
					"omitted":	false,
					"sender":	true
				}],
			"sum":	{
				"start":	40.000106,
				"end":	50.000113,
				"seconds":	10.000006675720215,
				"bytes":	7244344,
				"bits_per_second":	5795471.3311054884,
				"packets":	5003,
				"omitted":	false,
				"sender":	true
			}
		}, {
			"streams":	[{
					"socket":	6,
					"start":	50.000113,
					"end":	60.000012,
					"seconds":	9.9998989105224609,
					"bytes":	32703080,
					"bits_per_second":	26162728.47765528,
					"packets":	22585,
					"omitted":	false,
					"sender":	true
				}],
			"sum":	{
				"start":	50.000113,
				"end":	60.000012,
				"seconds":	9.9998989105224609,
				"bytes":	32703080,
				"bits_per_second":	26162728.47765528,
				"packets":	22585,
				"omitted":	false,
				"sender":	true
			}
		}, {
			"streams":	[{
					"socket":	6,
					"start":	60.000012,
					"end":	70.000302,
					"seconds":	10.000289916992188,
					"bytes":	83522088,
					"bits_per_second":	66815733.298357137,
					"packets":	57681,
					"omitted":	false,
					"sender":	true
				}],
			"sum":	{
				"start":	60.000012,
				"end":	70.000302,
				"seconds":	10.000289916992188,
				"bytes":	83522088,
				"bits_per_second":	66815733.298357137,
				"packets":	57681,
				"omitted":	false,
				"sender":	true
			}
		}, {
			"streams":	[{
					"socket":	6,
					"start":	70.000302,
					"end":	80.000101,
					"seconds":	9.9997987747192383,
					"bytes":	38616712,
					"bits_per_second":	30893991.26520662,
					"packets":	26669,
					"omitted":	false,
					"sender":	true
				}],
			"sum":	{
				"start":	70.000302,
				"end":	80.000101,
				"seconds":	9.9997987747192383,
				"bytes":	38616712,
				"bits_per_second":	30893991.26520662,
				"packets":	26669,
				"omitted":	false,
				"sender":	true
			}
		}, {
			"streams":	[{
					"socket":	6,
					"start":	80.000101,
					"end":	90.000116,
					"seconds":	10.000015258789062,
					"bytes":	7115472,
					"bits_per_second":	5692368.9141343469,
					"packets":	4914,
					"omitted":	false,
					"sender":	true
				}],
			"sum":	{
				"start":	80.000101,
				"end":	90.000116,
				"seconds":	10.000015258789062,
				"bytes":	7115472,
				"bits_per_second":	5692368.9141343469,
				"packets":	4914,
				"omitted":	false,
				"sender":	true
			}
		}, {
			"streams":	[{
					"socket":	6,
					"start":	90.000116,
					"end":	100.000044,
					"seconds":	9.99992847442627,
					"bytes":	58337024,
					"bits_per_second":	46669953.0095165,
					"packets":	40288,
					"omitted":	false,
					"sender":	true
				}],
			"sum":	{
				"start":	90.000116,
				"end":	100.000044,
				"seconds":	9.99992847442627,
				"bytes":	58337024,
				"bits_per_second":	46669953.0095165,
				"packets":	40288,
				"omitted":	false,
				"sender":	true
			}
		}, {
			"streams":	[{
					"socket":	6,
					"start":	100.000044,
					"end":	110.000087,
					"seconds":	10.000042915344238,
					"bytes":	4960848,
					"bits_per_second":	3968661.368353121,
					"packets":	3426,
					"omitted":	false,
					"sender":	true
				}],
			"sum":	{
				"start":	100.000044,
				"end":	110.000087,
				"seconds":	10.000042915344238,
				"bytes":	4960848,
				"bits_per_second":	3968661.368353121,
				"packets":	3426,
				"omitted":	false,
				"sender":	true
			}
		}, {
			"streams":	[{
					"socket":	6,
					"start":	110.000087,
					"end":	120.002067,
					"seconds":	10.001979827880859,
					"bytes":	64405592,
					"bits_per_second":	51514274.660276532,
					"packets":	44479,
					"omitted":	false,
					"sender":	true
				}],
			"sum":	{
				"start":	110.000087,
				"end":	120.002067,
				"seconds":	10.001979827880859,
				"bytes":	64405592,
				"bits_per_second":	51514274.660276532,
				"packets":	44479,
				"omitted":	false,
				"sender":	true
			}
		}, {
			"streams":	[{
					"socket":	6,
					"start":	120.002067,
					"end":	130.000088,
					"seconds":	9.998021125793457,
					"bytes":	73934880,
					"bits_per_second":	59159610.942816384,
					"packets":	51060,
					"omitted":	false,
					"sender":	true
				}],
			"sum":	{
				"start":	120.002067,
				"end":	130.000088,
				"seconds":	9.998021125793457,
				"bytes":	73934880,
				"bits_per_second":	59159610.942816384,
				"packets":	51060,
				"omitted":	false,
				"sender":	true
			}
		}, {
			"streams":	[{
					"socket":	6,
					"start":	130.000088,
					"end":	140.000135,
					"seconds":	10.000046730041504,
					"bytes":	1752080,
					"bits_per_second":	1401657.4500489186,
					"packets":	1210,
					"omitted":	false,
					"sender":	true
				}],
			"sum":	{
				"start":	130.000088,
				"end":	140.000135,
				"seconds":	10.000046730041504,
				"bytes":	1752080,
				"bits_per_second":	1401657.4500489186,
				"packets":	1210,
				"omitted":	false,
				"sender":	true
			}
		}, {
			"streams":	[{
					"socket":	6,
					"start":	140.000135,
					"end":	150.000102,
					"seconds":	9.9999666213989258,
					"bytes":	26976240,
					"bits_per_second":	21581064.034572717,
					"packets":	18630,
					"omitted":	false,
					"sender":	true
				}],
			"sum":	{
				"start":	140.000135,
				"end":	150.000102,