{
	"start":	{
		"connected":	[{
				"socket":	6,
				"local_host":	"10.20.15.3",
				"local_port":	46955,
				"remote_host":	"10.20.15.2",
				"remote_port":	5201
			}],
		"version":	"iperf 3.7",
		"system_info":	"Linux node2 5.8.0-1006-raspi #9-Ubuntu SMP PREEMPT Fri Oct 16 12:55:30 UTC 2020 aarch64",
		"timestamp":	{
			"time":	"Sun, 08 Aug 2021 14:01:47 GMT",
			"timesecs":	1628431307
		},
		"connecting_to":	{
			"host":	"10.20.15.2",
			"port":	5201
		},
		"cookie":	"hevfhlv63oltpzh7f63vm3tdsmzgqs2uubes",
		"sock_bufsize":	0,
		"sndbuf_actual":	212992,
		"rcvbuf_actual":	212992,
		"test_start":	{
			"protocol":	"UDP",
			"num_streams":	1,
			"blksize":	1448,
			"omit":	0,
			"duration":	300,
			"bytes":	0,
			"blocks":	0,
			"reverse":	0,
			"tos":	0
		}
	},
	"intervals":	[{
			"streams":	[{
					"socket":	6,
					"start":	0,
					"end":	10.000106,
					"seconds":	10.000105857849121,
					"bytes":	15015760,
					"bits_per_second":	12012480.838461583,
					"packets":	10370,
					"omitted":	false,
					"sender":	true
				}],
			"sum":	{
				"start":	0,
				"end":	10.000106,
				"seconds":	10.000105857849121,
				"bytes":	15015760,
				"bits_per_second":	12012480.838461583,
				"packets":	10370,
				"omitted":	false,
				"sender":	true
			}
		}, {
			"streams":	[{
					"socket":	6,
					"start":	10.000106,
					"end":	20.000081,
					"seconds":	9.9999752044677734,
					"bytes":	24248208,
					"bits_per_second":	19398614.4998971,
					"packets":	16746,
					"omitted":	false,
					"sender":	true
				}],
			"sum":	{
				"start":	10.000106,
				"end":	20.000081,
				"seconds":	9.9999752044677734,
				"bytes":	24248208,
				"bits_per_second":	19398614.4998971,
				"packets":	16746,
				"omitted":	false,
				"sender":	true
			}
		}, {
			"streams":	[{
					"socket":	6,
					"start":	20.000081,
					"end":	30.000086,
					"seconds":	10.000004768371582,
					"bytes":	5485024,
					"bits_per_second":	4388017.1076303925,
					"packets":	3788,
					"omitted":	false,
					"sender":	true
				}],
			"sum":	{
				"start":	20.000081,
				"end":	30.000086,
				"seconds":	10.000004768371582,
				"bytes":	5485024,
				"bits_per_second":	4388017.1076303925,
				"packets":	3788,
				"omitted":	false,
				"sender":	true
			}
		}, {
			"streams":	[{
					"socket":	6,
					"start":	30.000086,
					"end":	40.000087,
					"seconds":	10.000000953674316,
					"bytes":	36493944,
					"bits_per_second":	29195152.415733296,
					"packets":	25203,
					"omitted":	false,
					"sender":	true
				}],
			"sum":	{
				"start":	30.000086,
				"end":	40.000087,
				"seconds":	10.000000953674316,
				"bytes":	36493944,
				"bits_per_second":	29195152.415733296,
				"packets":	25203,
				"omitted":	false,
				"sender":	true
			}
		}, {
			"streams":	[{
					"socket":	6,
					"start":	40.000087,
					"end":	50.000106,
					"seconds":	10.000019073486328,
					"bytes":	25704896,
					"bits_per_second":	20563877.577516217,
					"packets":	17752,
					"omitted":	false,
					"sender":	true
				}],
			"sum":	{
				"start":	40.000087,
				"end":	50.000106,
				"seconds":	10.000019073486328,
				"bytes":	25704896,
				"bits_per_second":	20563877.577516217,
				"packets":	17752,
				"omitted":	false,
				"sender":	true
			}
		}, {
			"streams":	[{
					"socket":	6,
					"start":	50.000106,
					"end":	60.000047,
					"seconds":	9.9999408721923828,
					"bytes":	19672528,
					"bits_per_second":	15738115.456026293,
					"packets":	13586,
					"omitted":	false,
					"sender":	true
				}],
			"sum":	{
				"start":	50.000106,
				"end":	60.000047,
				"seconds":	9.9999408721923828,
				"bytes":	19672528,
				"bits_per_second":	15738115.456026293,
				"packets":	13586,
				"omitted":	false,
				"sender":	true
			}
		}, {
			"streams":	[{
					"socket":	6,
					"start":	60.000047,
					"end":	70.000087,
					"seconds":	10.000040054321289,
					"bytes":	34711456,
					"bits_per_second":	27769053.572940629,
					"packets":	23972,
					"omitted":	false,
					"sender":	true
				}],
			"sum":	{
				"start":	60.000047,
				"end":	70.000087,
				"seconds":	10.000040054321289,
				"bytes":	34711456,
				"bits_per_second":	27769053.572940629,
				"packets":	23972,
				"omitted":	false,
				"sender":	true
			}
		}, {
			"streams":	[{
					"socket":	6,
					"start":	70.000087,
					"end":	80.000059,
					"seconds":	9.9999723434448242,
					"bytes":	5768832,
					"bits_per_second":	4615078.36371694,
					"packets":	3984,
					"omitted":	false,
					"sender":	true
				}],
			"sum":	{
				"start":	70.000087,
				"end":	80.000059,
				"seconds":	9.9999723434448242,
				"bytes":	5768832,
				"bits_per_second":	4615078.36371694,
				"packets":	3984,
				"omitted":	false,
				"sender":	true
			}
		}, {
			"streams":	[{
					"socket":	6,
					"start":	80.000059,
					"end":	90.000114,
					"seconds":	10.000055313110352,
					"bytes":	54766256,
					"bits_per_second":	43812762.457983539,
					"packets":	37822,
					"omitted":	false,
					"sender":	true
				}],
			"sum":	{
				"start":	80.000059,
				"end":	90.000114,
				"seconds":	10.000055313110352,
				"bytes":	54766256,
				"bits_per_second":	43812762.457983539,
				"packets":	37822,
				"omitted":	false,
				"sender":	true
			}
		}, {
			"streams":	[{
					"socket":	6,
					"start":	90.000114,
					"end":	100.000097,
					"seconds":	9.9999828338623047,
					"bytes":	1643480,
					"bits_per_second":	1314786.2569801926,
					"packets":	1135,
					"omitted":	false,
					"sender":	true
				}],
			"sum":	{
				"start":	90.000114,
				"end":	100.000097,
				"seconds":	9.9999828338623047,
				"bytes":	1643480,
				"bits_per_second":	1314786.2569801926,
				"packets":	1135,
				"omitted":	false,
				"sender":	true
			}
		}, {
			"streams":	[{
					"socket":	6,
					"start":	100.000097,
					"end":	110.000098,
					"seconds":	10.000000953674316,
					"bytes":	22318024,
					"bits_per_second":	17854417.497270059,
					"packets":	15413,
					"omitted":	false,
					"sender":	true
				}],
			"sum":	{
				"start":	100.000097,
				"end":	110.000098,
				"seconds":	10.000000953674316,
				"bytes":	22318024,
				"bits_per_second":	17854417.497270059,
				"packets":	15413,
				"omitted":	false,
				"sender":	true
			}
		}, {
			"streams":	[{
					"socket":	6,
					"start":	110.000098,
					"end":	120.000097,
					"seconds":	9.9999990463256836,
					"bytes":	4517760,
					"bits_per_second":	3614208.3446777673,
					"packets":	3120,
					"omitted":	false,
					"sender":	true
				}],
			"sum":	{
				"start":	110.000098,
				"end":	120.000097,
				"seconds":	9.9999990463256836,
				"bytes":	4517760,
				"bits_per_second":	3614208.3446777673,
				"packets":	3120,
				"omitted":	false,
				"sender":	true
			}
		}, {
			"streams":	[{
					"socket":	6,
					"start":	120.000097,
					"end":	130.000097,
					"seconds":	10,
					"bytes":	53644056,
					"bits_per_second":	42915244.8,
					"packets":	37047,
					"omitted":	false,
					"sender":	true
				}],
			"sum":	{
				"start":	120.000097,
				"end":	130.000097,
				"seconds":	10,
				"bytes":	53644056,
				"bits_per_second":	42915244.8,
				"packets":	37047,
				"omitted":	false,
				"sender":	true
			}
		}, {
			"streams":	[{
					"socket":	6,
					"start":	130.000097,
					"end":	140.000085,
					"seconds":	9.9999876022338867,
					"bytes":	1563840,
					"bits_per_second":	1251073.5510517277,
					"packets":	1080,
					"omitted":	false,
					"sender":	true
				}],
			"sum":	{
				"start":	130.000097,
				"end":	140.000085,
				"seconds":	9.9999876022338867,
				"bytes":	1563840,
				"bits_per_second":	1251073.5510517277,
				"packets":	1080,
				"omitted":	false,
				"sender":	true
			}
		}, {
			"streams":	[{
					"socket":	6,
					"start":	140.000085,
					"end":	150.000295,
					"seconds":	10.000209808349609,
					"bytes":	30458680,
					"bits_per_second":	24366432.771895427,
					"packets":	21035,
					"omitted":	false,
					"sender":	true
				}],
			"sum":	{
				"start":	140.000085,
				"end":	150.000295,