{
	"start":	{
		"connected":	[{
				"socket":	6,
				"local_host":	"10.20.15.3",
				"local_port":	55473,
				"remote_host":	"10.20.15.2",
				"remote_port":	5201
			}],
		"version":	"iperf 3.7",
		"system_info":	"Linux node2 5.8.0-1006-raspi #9-Ubuntu SMP PREEMPT Fri Oct 16 12:55:30 UTC 2020 aarch64",
		"timestamp":	{
			"time":	"Sun, 08 Aug 2021 09:29:29 GMT",
			"timesecs":	1628414969
		},
		"connecting_to":	{
			"host":	"10.20.15.2",
			"port":	5201
		},
		"cookie":	"et2whmtqsrhoevjyzlkl422l2bcexdopuksn",
		"sock_bufsize":	0,
		"sndbuf_actual":	212992,
		"rcvbuf_actual":	212992,
		"test_start":	{
			"protocol":	"UDP",
			"num_streams":	1,
			"blksize":	1448,
			"omit":	0,
			"duration":	300,
			"bytes":	0,
			"blocks":	0,
			"reverse":	0,
			"tos":	0
		}
	},
	"intervals":	[{
			"streams":	[{
					"socket":	6,
					"start":	0,
					"end":	10.000097,
					"seconds":	10.000097274780273,
					"bytes":	62704192,
					"bits_per_second":	50162865.641826682,
					"packets":	43304,
					"omitted":	false,
					"sender":	true
				}],
			"sum":	{
				"start":	0,
				"end":	10.000097,
				"seconds":	10.000097274780273,
				"bytes":	62704192,
				"bits_per_second":	50162865.641826682,
				"packets":	43304,
				"omitted":	false,
				"sender":	true
			}
		}, {
			"streams":	[{
					"socket":	6,
					"start":	10.000097,
					"end":	20.000087,
					"seconds":	9.9999904632568359,
					"bytes":	42590024,
					"bits_per_second":	34072051.693640605,
					"packets":	29413,
					"omitted":	false,
					"sender":	true
				}],
			"sum":	{
				"start":	10.000097,
				"end":	20.000087,
				"seconds":	9.9999904632568359,
				"bytes":	42590024,
				"bits_per_second":	34072051.693640605,
				"packets":	29413,
				"omitted":	false,
				"sender":	true
			}
		}, {
			"streams":	[{
					"socket":	6,
					"start":	20.000087,
					"end":	30.000082,
					"seconds":	9.999995231628418,
					"bytes":	16237872,
					"bits_per_second":	12990303.794259546,
					"packets":	11214,
					"omitted":	false,
					"sender":	true
				}],
			"sum":	{
				"start":	20.000087,
				"end":	30.000082,
				"seconds":	9.999995231628418,
				"bytes":	16237872,
				"bits_per_second":	12990303.794259546,
				"packets":	11214,
				"omitted":	false,
				"sender":	true
			}
		}, {
			"streams":	[{
					"socket":	6,
					"start":	30.000082,
					"end":	40.000065,
					"seconds":	9.9999828338623047,
					"bytes":	78830568,
					"bits_per_second":	63064562.657496624,
					"packets":	54441,
					"omitted":	false,
					"sender":	true
				}],
			"sum":	{
				"start":	30.000082,
				"end":	40.000065,
				"seconds":	9.9999828338623047,
				"bytes":	78830568,
				"bits_per_second":	63064562.657496624,
				"packets":	54441,
				"omitted":	false,
				"sender":	true
			}
		}, {
			"streams":	[{
					"socket":	6,
					"start":	40.000065,
					"end":	50.000104,
					"seconds":	10.000039100646973,
					"bytes":	38874456,
					"bits_per_second":	31099443.199165042,
					"packets":	26847,
					"omitted":	false,
					"sender":	true
				}],
			"sum":	{
				"start":	40.000065,
				"end":	50.000104,
				"seconds":	10.000039100646973,
				"bytes":	38874456,
				"bits_per_second":	31099443.199165042,
				"packets":	26847,
				"omitted":	false,
				"sender":	true
			}
		}, {
			"streams":	[{
					"socket":	6,
					"start":	50.000104,
					"end":	60.000088,
					"seconds":	9.9999837875366211,
					"bytes":	29827352,
					"bits_per_second":	23861920.286050878,
					"packets":	20599,
					"omitted":	false,
					"sender":	true
				}],
			"sum":	{
				"start":	50.000104,
				"end":	60.000088,
				"seconds":	9.9999837875366211,
				"bytes":	29827352,
				"bits_per_second":	23861920.286050878,
				"packets":	20599,
				"omitted":	false,
				"sender":	true
			}
		}, {
			"streams":	[{
					"socket":	6,
					"start":	60.000088,
					"end":	70.000021,
					"seconds":	9.9999332427978516,
					"bytes":	48192336,
					"bits_per_second":	38554126.176559485,
					"packets":	33282,
					"omitted":	false,
					"sender":	true
				}],
			"sum":	{
				"start":	60.000088,
				"end":	70.000021,
				"seconds":	9.9999332427978516,
				"bytes":	48192336,
				"bits_per_second":	38554126.176559485,
				"packets":	33282,
				"omitted":	false,
				"sender":	true
			}
		}, {
			"streams":	[{
					"socket":	6,
					"start":	70.000021,
					"end":	80.000038,
					"seconds":	10.000017166137695,
					"bytes":	83465616,
					"bits_per_second":	66772378.177616194,
					"packets":	57642,
					"omitted":	false,
					"sender":	true
				}],
			"sum":	{
				"start":	70.000021,
				"end":	80.000038,
				"seconds":	10.000017166137695,
				"bytes":	83465616,
				"bits_per_second":	66772378.177616194,
				"packets":	57642,
				"omitted":	false,
				"sender":	true
			}
		}, {
			"streams":	[{
					"socket":	6,
					"start":	80.000038,
					"end":	90.000083,
					"seconds":	10.000044822692871,
					"bytes":	51851432,
					"bits_per_second":	41480959.671168469,
					"packets":	35809,
					"omitted":	false,
					"sender":	true
				}],
			"sum":	{
				"start":	80.000038,
				"end":	90.000083,
				"seconds":	10.000044822692871,
				"bytes":	51851432,
				"bits_per_second":	41480959.671168469,
				"packets":	35809,
				"omitted":	false,
				"sender":	true
			}
		}, {
			"streams":	[{
					"socket":	6,
					"start":	90.000083,
					"end":	100.000085,
					"seconds":	10.000001907348633,
					"bytes":	51784824,
					"bits_per_second":	41427851.298264444,
					"packets":	35763,
					"omitted":	false,
					"sender":	true
				}],
			"sum":	{
				"start":	90.000083,
				"end":	100.000085,
				"seconds":	10.000001907348633,
				"bytes":	51784824,
				"bits_per_second":	41427851.298264444,
				"packets":	35763,
				"omitted":	false,
				"sender":	true
			}
		}, {
			"streams":	[{
					"socket":	6,
					"start":	100.000085,
					"end":	110.000102,
					"seconds":	10.000017166137695,
					"bytes":	52329272,
					"bits_per_second":	41863345.736804269,
					"packets":	36139,
					"omitted":	false,
					"sender":	true
				}],
			"sum":	{
				"start":	100.000085,
				"end":	110.000102,
				"seconds":	10.000017166137695,
				"bytes":	52329272,
				"bits_per_second":	41863345.736804269,
				"packets":	36139,
				"omitted":	false,
				"sender":	true
			}
		}, {
			"streams":	[{
					"socket":	6,
					"start":	110.000102,
					"end":	120.000113,
					"seconds":	10.000011444091797,
					"bytes":	33522648,
					"bits_per_second":	26818087.709134243,
					"packets":	23151,
					"omitted":	false,
					"sender":	true
				}],
			"sum":	{
				"start":	110.000102,
				"end":	120.000113,
				"seconds":	10.000011444091797,
				"bytes":	33522648,
				"bits_per_second":	26818087.709134243,
				"packets":	23151,
				"omitted":	false,
				"sender":	true
			}
		}, {
			"streams":	[{
					"socket":	6,
					"start":	120.000113,
					"end":	130.000058,
					"seconds":	9.9999446868896484,
					"bytes":	51086888,
					"bits_per_second":	40869736.4632243,
					"packets":	35281,
					"omitted":	false,
					"sender":	true
				}],
			"sum":	{
				"start":	120.000113,
				"end":	130.000058,
				"seconds":	9.9999446868896484,
				"bytes":	51086888,
				"bits_per_second":	40869736.4632243,
				"packets":	35281,
				"omitted":	false,
				"sender":	true
			}
		}, {
			"streams":	[{
					"socket":	6,
					"start":	130.000058,
					"end":	140.000101,
					"seconds":	10.000042915344238,
					"bytes":	8824112,
					"bits_per_second":	7059259.3049456859,
					"packets":	6094,
					"omitted":	false,
					"sender":	true
				}],
			"sum":	{
				"start":	130.000058,
				"end":	140.000101,
				"seconds":	10.000042915344238,
				"bytes":	8824112,
				"bits_per_second":	7059259.3049456859,
				"packets":	6094,
				"omitted":	false,
				"sender":	true
			}
		}, {
			"streams":	[{
					"socket":	6,
					"start":	140.000101,
					"end":	150.000102,
					"seconds":	10.000000953674316,
					"bytes":	38700696,
					"bits_per_second":	30960553.847371496,
					"packets":	26727,
					"omitted":	false,
					"sender":	true
				}],