{
	"start":	{
		"connected":	[{
				"socket":	6,
				"local_host":	"10.20.15.3",
				"local_port":	50730,
				"remote_host":	"10.20.15.2",
				"remote_port":	5201
			}],
		"version":	"iperf 3.7",
		"system_info":	"Linux node2 5.8.0-1006-raspi #9-Ubuntu SMP PREEMPT Fri Oct 16 12:55:30 UTC 2020 aarch64",
		"timestamp":	{
			"time":	"Sun, 08 Aug 2021 14:18:39 GMT",
			"timesecs":	1628432319
		},
		"connecting_to":	{
			"host":	"10.20.15.2",
			"port":	5201
		},
		"cookie":	"5j6g7ylwduqcm56u4rmpzrsfvu4tcdyoewvo",
		"sock_bufsize":	0,
		"sndbuf_actual":	212992,
		"rcvbuf_actual":	212992,
		"test_start":	{
			"protocol":	"UDP",
			"num_streams":	1,
			"blksize":	1448,
			"omit":	0,
			"duration":	300,
			"bytes":	0,
			"blocks":	0,
			"reverse":	0,
			"tos":	0
		}
	},
	"intervals":	[{
			"streams":	[{
					"socket":	6,
					"start":	0,
					"end":	10.000089,
					"seconds":	10.000088691711426,
					"bytes":	53733832,
					"bits_per_second":	42986684.3437397,
					"packets":	37109,
					"omitted":	false,
					"sender":	true
				}],
			"sum":	{
				"start":	0,
				"end":	10.000089,
				"seconds":	10.000088691711426,
				"bytes":	53733832,
				"bits_per_second":	42986684.3437397,
				"packets":	37109,
				"omitted":	false,
				"sender":	true
			}
		}, {
			"streams":	[{
					"socket":	6,
					"start":	10.000089,
					"end":	20.000078,
					"seconds":	9.9999885559082031,
					"bytes":	2043128,
					"bits_per_second":	1634504.2705416915,
					"packets":	1411,
					"omitted":	false,
					"sender":	true
				}],
			"sum":	{
				"start":	10.000089,
				"end":	20.000078,
				"seconds":	9.9999885559082031,
				"bytes":	2043128,
				"bits_per_second":	1634504.2705416915,
				"packets":	1411,
				"omitted":	false,
				"sender":	true
			}
		}, {
			"streams":	[{
					"socket":	6,
					"start":	20.000078,
					"end":	30.000021,
					"seconds":	9.9999427795410156,
					"bytes":	30600584,
					"bits_per_second":	24480607.279158473,
					"packets":	21133,
					"omitted":	false,
					"sender":	true
				}],
			"sum":	{
				"start":	20.000078,
				"end":	30.000021,
				"seconds":	9.9999427795410156,
				"bytes":	30600584,
				"bits_per_second":	24480607.279158473,
				"packets":	21133,
				"omitted":	false,
				"sender":	true
			}
		}, {
			"streams":	[{
					"socket":	6,
					"start":	30.000021,
					"end":	40.000114,
					"seconds":	10.000093460083008,
					"bytes":	33399568,
					"bits_per_second":	26719404.680222068,
					"packets":	23066,
					"omitted":	false,
					"sender":	true
				}],
			"sum":	{
				"start":	30.000021,
				"end":	40.000114,
				"seconds":	10.000093460083008,
				"bytes":	33399568,
				"bits_per_second":	26719404.680222068,
				"packets":	23066,
				"omitted":	false,
				"sender":	true
			}
		}, {
			"streams":	[{
					"socket":	6,
					"start":	40.000114,
					"end":	50.000079,
					"seconds":	9.999964714050293,
					"bytes":	1762216,
					"bits_per_second":	1409777.7745347649,
					"packets":	1217,
					"omitted":	false,
					"sender":	true
				}],
			"sum":	{
				"start":	40.000114,
				"end":	50.000079,
				"seconds":	9.999964714050293,
				"bytes":	1762216,
				"bits_per_second":	1409777.7745347649,
				"packets":	1217,
				"omitted":	false,
				"sender":	true
			}
		}, {
			"streams":	[{
					"socket":	6,
					"start":	50.000079,
					"end":	60.000019,
					"seconds":	9.9999399185180664,
					"bytes":	44250880,
					"bits_per_second":	35400916.693953678,
					"packets":	30560,
					"omitted":	false,
					"sender":	true
				}],
			"sum":	{
				"start":	50.000079,
				"end":	60.000019,
				"seconds":	9.9999399185180664,
				"bytes":	44250880,
				"bits_per_second":	35400916.693953678,
				"packets":	30560,
				"omitted":	false,
				"sender":	true
			}
		}, {
			"streams":	[{
					"socket":	6,
					"start":	60.000019,
					"end":	70.000107,
					"seconds":	10.000087738037109,
					"bytes":	14659552,
					"bits_per_second":	11727538.704877391,
					"packets":	10124,
					"omitted":	false,
					"sender":	true
				}],
			"sum":	{
				"start":	60.000019,
				"end":	70.000107,
				"seconds":	10.000087738037109,
				"bytes":	14659552,
				"bits_per_second":	11727538.704877391,
				"packets":	10124,
				"omitted":	false,
				"sender":	true
			}
		}, {
			"streams":	[{
					"socket":	6,
					"start":	70.000107,
					"end":	80.0001,
					"seconds":	9.9999933242797852,
					"bytes":	1636240,
					"bits_per_second":	1308992.8738470189,
					"packets":	1130,
					"omitted":	false,
					"sender":	true
				}],
			"sum":	{
				"start":	70.000107,
				"end":	80.0001,
				"seconds":	9.9999933242797852,
				"bytes":	1636240,
				"bits_per_second":	1308992.8738470189,
				"packets":	1130,
				"omitted":	false,
				"sender":	true
			}
		}, {
			"streams":	[{
					"socket":	6,
					"start":	80.0001,
					"end":	90.000059,
					"seconds":	9.9999589920043945,
					"bytes":	66062104,
					"bits_per_second":	52849899.926846392,
					"packets":	45623,
					"omitted":	false,
					"sender":	true
				}],
			"sum":	{
				"start":	80.0001,
				"end":	90.000059,
				"seconds":	9.9999589920043945,
				"bytes":	66062104,
				"bits_per_second":	52849899.926846392,
				"packets":	45623,
				"omitted":	false,
				"sender":	true
			}
		}, {
			"streams":	[{
					"socket":	6,
					"start":	90.000059,
					"end":	100.000128,
					"seconds":	10.000068664550781,
					"bytes":	37530712,
					"bits_per_second":	30024363.439057197,
					"packets":	25919,
					"omitted":	false,
					"sender":	true
				}],
			"sum":	{
				"start":	90.000059,
				"end":	100.000128,
				"seconds":	10.000068664550781,
				"bytes":	37530712,
				"bits_per_second":	30024363.439057197,
				"packets":	25919,
				"omitted":	false,
				"sender":	true
			}
		}, {
			"streams":	[{
					"socket":	6,
					"start":	100.000128,
					"end":	110.000078,
					"seconds":	9.9999504089355469,
					"bytes":	1694160,
					"bits_per_second":	1355334.7212491517,
					"packets":	1170,
					"omitted":	false,
					"sender":	true
				}],
			"sum":	{
				"start":	100.000128,
				"end":	110.000078,
				"seconds":	9.9999504089355469,
				"bytes":	1694160,
				"bits_per_second":	1355334.7212491517,
				"packets":	1170,
				"omitted":	false,
				"sender":	true
			}
		}, {
			"streams":	[{
					"socket":	6,
					"start":	110.000078,
					"end":	120.000079,
					"seconds":	10.000000953674316,
					"bytes":	27894272,
					"bits_per_second":	22315415.471836142,
					"packets":	19264,
					"omitted":	false,
					"sender":	true
				}],
			"sum":	{
				"start":	110.000078,
				"end":	120.000079,
				"seconds":	10.000000953674316,
				"bytes":	27894272,
				"bits_per_second":	22315415.471836142,
				"packets":	19264,
				"omitted":	false,
				"sender":	true
			}
		}, {
			"streams":	[{
					"socket":	6,
					"start":	120.000079,
					"end":	130.000101,
					"seconds":	10.000021934509277,
					"bytes":	82485320,
					"bits_per_second":	65988111.258316144,
					"packets":	56965,
					"omitted":	false,
					"sender":	true
				}],
			"sum":	{
				"start":	120.000079,
				"end":	130.000101,
				"seconds":	10.000021934509277,
				"bytes":	82485320,
				"bits_per_second":	65988111.258316144,
				"packets":	56965,
				"omitted":	false,
				"sender":	true
			}
		}, {
			"streams":	[{
					"socket":	6,
					"start":	130.000101,
					"end":	140.0001,
					"seconds":	9.9999990463256836,
					"bytes":	21145144,
					"bits_per_second":	16916116.813246615,
					"packets":	14603,
					"omitted":	false,
					"sender":	true
				}],
			"sum":	{
				"start":	130.000101,
				"end":	140.0001,
				"seconds":	9.9999990463256836,
				"bytes":	21145144,
				"bits_per_second":	16916116.813246615,
				"packets":	14603,
				"omitted":	false,
				"sender":	true
			}
		}, {
			"streams":	[{
					"socket":	6,
					"start":	140.0001,
					"end":	150.000089,
					"seconds":	9.9999885559082031,
					"bytes":	1708640,
					"bits_per_second":	1366913.5643084308,
					"packets":	1180,
					"omitted":	false,
					"sender":	true
				}],
			"sum":	{
				"start":	140.0001,