{
	"start":	{
		"connected":	[{
				"socket":	6,
				"local_host":	"10.20.15.3",
				"local_port":	58591,
				"remote_host":	"10.20.15.2",
				"remote_port":	5201
			}],
		"version":	"iperf 3.7",
		"system_info":	"Linux node2 5.8.0-1006-raspi #9-Ubuntu SMP PREEMPT Fri Oct 16 12:55:30 UTC 2020 aarch64",
		"timestamp":	{
			"time":	"Sun, 08 Aug 2021 10:07:06 GMT",
			"timesecs":	1628417226
		},
		"connecting_to":	{
			"host":	"10.20.15.2",
			"port":	5201
		},
		"cookie":	"7aebsitey4utpcs5orwshy53mpxlboxhligr",
		"sock_bufsize":	0,
		"sndbuf_actual":	212992,
		"rcvbuf_actual":	212992,
		"test_start":	{
			"protocol":	"UDP",
			"num_streams":	1,
			"blksize":	1448,
			"omit":	0,
			"duration":	300,
			"bytes":	0,
			"blocks":	0,
			"reverse":	0,
			"tos":	0
		}
	},
	"intervals":	[{
			"streams":	[{
					"socket":	6,
					"start":	0,
					"end":	10.00009,
					"seconds":	10.000089645385742,
					"bytes":	24093272,
					"bits_per_second":	19274444.813495971,
					"packets":	16639,
					"omitted":	false,
					"sender":	true
				}],
			"sum":	{
				"start":	0,
				"end":	10.00009,
				"seconds":	10.000089645385742,
				"bytes":	24093272,
				"bits_per_second":	19274444.813495971,
				"packets":	16639,
				"omitted":	false,
				"sender":	true
			}
		}, {
			"streams":	[{
					"socket":	6,
					"start":	10.00009,
					"end":	20.000089,
					"seconds":	9.9999990463256836,
					"bytes":	21443432,
					"bits_per_second":	17154747.236004185,
					"packets":	14809,
					"omitted":	false,
					"sender":	true
				}],
			"sum":	{
				"start":	10.00009,
				"end":	20.000089,
				"seconds":	9.9999990463256836,
				"bytes":	21443432,
				"bits_per_second":	17154747.236004185,
				"packets":	14809,
				"omitted":	false,
				"sender":	true
			}
		}, {
			"streams":	[{
					"socket":	6,
					"start":	20.000089,
					"end":	30.000085,
					"seconds":	9.9999961853027344,
					"bytes":	19018032,
					"bits_per_second":	15214431.403844988,
					"packets":	13134,
					"omitted":	false,
					"sender":	true
				}],
			"sum":	{
				"start":	20.000089,
				"end":	30.000085,
				"seconds":	9.9999961853027344,
				"bytes":	19018032,
				"bits_per_second":	15214431.403844988,
				"packets":	13134,
				"omitted":	false,
				"sender":	true
			}
		}, {
			"streams":	[{
					"socket":	6,
					"start":	30.000085,
					"end":	40.000079,
					"seconds":	9.9999942779541016,
					"bytes":	13870392,
					"bits_per_second":	11096319.949365206,
					"packets":	9579,
					"omitted":	false,
					"sender":	true
				}],
			"sum":	{
				"start":	30.000085,
				"end":	40.000079,
				"seconds":	9.9999942779541016,
				"bytes":	13870392,
				"bits_per_second":	11096319.949365206,
				"packets":	9579,
				"omitted":	false,
				"sender":	true
			}
		}, {
			"streams":	[{
					"socket":	6,
					"start":	40.000079,
					"end":	50.000177,
					"seconds":	10.00009822845459,
					"bytes":	43141712,
					"bits_per_second":	34513030.583834253,
					"packets":	29794,
					"omitted":	false,
					"sender":	true
				}],
			"sum":	{
				"start":	40.000079,
				"end":	50.000177,
				"seconds":	10.00009822845459,
				"bytes":	43141712,
				"bits_per_second":	34513030.583834253,
				"packets":	29794,
				"omitted":	false,
				"sender":	true
			}
		}, {
			"streams":	[{
					"socket":	6,
					"start":	50.000177,
					"end":	60.000104,
					"seconds":	9.9999265670776367,
					"bytes":	18926808,
					"bits_per_second":	15141557.588882288,
					"packets":	13071,
					"omitted":	false,
					"sender":	true
				}],
			"sum":	{
				"start":	50.000177,
				"end":	60.000104,
				"seconds":	9.9999265670776367,
				"bytes":	18926808,
				"bits_per_second":	15141557.588882288,
				"packets":	13071,
				"omitted":	false,
				"sender":	true
			}
		}, {
			"streams":	[{
					"socket":	6,
					"start":	60.000104,
					"end":	70.000186,
					"seconds":	10.000082015991211,
					"bytes":	22315128,
					"bits_per_second":	17851955.985413481,
					"packets":	15411,
					"omitted":	false,
					"sender":	true
				}],
			"sum":	{
				"start":	60.000104,
				"end":	70.000186,
				"seconds":	10.000082015991211,
				"bytes":	22315128,
				"bits_per_second":	17851955.985413481,
				"packets":	15411,
				"omitted":	false,
				"sender":	true
			}
		}, {
			"streams":	[{
					"socket":	6,
					"start":	70.000186,
					"end":	80.000286,
					"seconds":	10.000100135803223,
					"bytes":	22924736,
					"bits_per_second":	18339605.1548907,
					"packets":	15832,
					"omitted":	false,
					"sender":	true
				}],
			"sum":	{
				"start":	70.000186,
				"end":	80.000286,
				"seconds":	10.000100135803223,
				"bytes":	22924736,
				"bits_per_second":	18339605.1548907,
				"packets":	15832,
				"omitted":	false,
				"sender":	true
			}
		}, {
			"streams":	[{
					"socket":	6,
					"start":	80.000286,
					"end":	90.000088,
					"seconds":	9.9998016357421875,
					"bytes":	15694872,
					"bits_per_second":	12556146.6690715,
					"packets":	10839,
					"omitted":	false,
					"sender":	true
				}],
			"sum":	{
				"start":	80.000286,
				"end":	90.000088,
				"seconds":	9.9998016357421875,
				"bytes":	15694872,
				"bits_per_second":	12556146.6690715,
				"packets":	10839,
				"omitted":	false,
				"sender":	true
			}
		}, {
			"streams":	[{
					"socket":	6,
					"start":	90.000088,
					"end":	100.000102,
					"seconds":	10.000014305114746,
					"bytes":	23629912,
					"bits_per_second":	18903902.557750475,
					"packets":	16319,
					"omitted":	false,
					"sender":	true
				}],
			"sum":	{
				"start":	90.000088,
				"end":	100.000102,
				"seconds":	10.000014305114746,
				"bytes":	23629912,
				"bits_per_second":	18903902.557750475,
				"packets":	16319,
				"omitted":	false,
				"sender":	true
			}
		}, {
			"streams":	[{
					"socket":	6,
					"start":	100.000102,
					"end":	110.000087,
					"seconds":	9.9999847412109375,
					"bytes":	33120104,
					"bits_per_second":	26496123.629876144,
					"packets":	22873,
					"omitted":	false,
					"sender":	true
				}],
			"sum":	{
				"start":	100.000102,
				"end":	110.000087,
				"seconds":	9.9999847412109375,
				"bytes":	33120104,
				"bits_per_second":	26496123.629876144,
				"packets":	22873,
				"omitted":	false,
				"sender":	true
			}
		}, {
			"streams":	[{
					"socket":	6,
					"start":	110.000087,
					"end":	120.000043,
					"seconds":	9.9999561309814453,
					"bytes":	40823464,
					"bits_per_second":	32658914.471452493,
					"packets":	28193,
					"omitted":	false,
					"sender":	true
				}],
			"sum":	{
				"start":	110.000087,
				"end":	120.000043,
				"seconds":	9.9999561309814453,
				"bytes":	40823464,
				"bits_per_second":	32658914.471452493,
				"packets":	28193,
				"omitted":	false,
				"sender":	true
			}
		}, {
			"streams":	[{
					"socket":	6,
					"start":	120.000043,
					"end":	130.000089,
					"seconds":	10.000045776367188,
					"bytes":	18388152,
					"bits_per_second":	14710454.260884427,
					"packets":	12699,
					"omitted":	false,
					"sender":	true
				}],
			"sum":	{
				"start":	120.000043,
				"end":	130.000089,
				"seconds":	10.000045776367188,
				"bytes":	18388152,
				"bits_per_second":	14710454.260884427,
				"packets":	12699,
				"omitted":	false,
				"sender":	true
			}
		}, {
			"streams":	[{
					"socket":	6,
					"start":	130.000089,
					"end":	140.000089,
					"seconds":	10,
					"bytes":	32936208,
					"bits_per_second":	26348966.4,
					"packets":	22746,
					"omitted":	false,
					"sender":	true
				}],
			"sum":	{
				"start":	130.000089,
				"end":	140.000089,
				"seconds":	10,
				"bytes":	32936208,
				"bits_per_second":	26348966.4,
				"packets":	22746,
				"omitted":	false,
				"sender":	true
			}
		}, {
			"streams":	[{
					"socket":	6,
					"start":	140.000089,
					"end":	150.000089,
					"seconds":	10,
					"bytes":	29962016,
					"bits_per_second":	23969612.8,
					"packets":	20692,
					"omitted":	false,
					"sender":	true
				}],
			"sum":	{
				"start":	140.000089,
				"end":	150.000089,
				"seconds":	10,
				"bytes":	29962016,