{
	"start":	{
		"connected":	[{
				"socket":	6,
				"local_host":	"10.20.15.3",
				"local_port":	58365,
				"remote_host":	"10.20.15.2",
				"remote_port":	5201
			}],
		"version":	"iperf 3.7",
		"system_info":	"Linux node2 5.8.0-1006-raspi #9-Ubuntu SMP PREEMPT Fri Oct 16 12:55:30 UTC 2020 aarch64",
		"timestamp":	{
			"time":	"Sun, 08 Aug 2021 10:33:04 GMT",
			"timesecs":	1628418784
		},
		"connecting_to":	{
			"host":	"10.20.15.2",
			"port":	5201
		},
		"cookie":	"i5y43qirpu6fdpjqhqyteq2o3ggwlzpheciw",
		"sock_bufsize":	0,
		"sndbuf_actual":	212992,
		"rcvbuf_actual":	212992,
		"test_start":	{
			"protocol":	"UDP",
			"num_streams":	1,
			"blksize":	1448,
			"omit":	0,
			"duration":	30,
			"bytes":	0,
			"blocks":	0,
			"reverse":	0,
			"tos":	0
		}
	},
	"intervals":	[{
			"streams":	[{
					"socket":	6,
					"start":	0,
					"end":	10.00009,
					"seconds":	10.000089645385742,
					"bytes":	42278704,
					"bits_per_second":	33822659.995459788,
					"packets":	29198,
					"omitted":	false,
					"sender":	true
				}],
			"sum":	{
				"start":	0,
				"end":	10.00009,
				"seconds":	10.000089645385742,
				"bytes":	42278704,
				"bits_per_second":	33822659.995459788,
				"packets":	29198,
				"omitted":	false,
				"sender":	true
			}
		}, {
			"streams":	[{
					"socket":	6,
					"start":	10.00009,
					"end":	20.00008,
					"seconds":	9.9999904632568359,
					"bytes":	40137112,
					"bits_per_second":	32109720.222215481,
					"packets":	27719,
					"omitted":	false,
					"sender":	true
				}],
			"sum":	{
				"start":	10.00009,
				"end":	20.00008,
				"seconds":	9.9999904632568359,
				"bytes":	40137112,
				"bits_per_second":	32109720.222215481,
				"packets":	27719,
				"omitted":	false,
				"sender":	true
			}
		}, {
			"streams":	[{
					"socket":	6,
					"start":	20.00008,
					"end":	30.000113,
					"seconds":	10.000033378601074,
					"bytes":	39740360,
					"bits_per_second":	31792181.882144369,
					"packets":	27445,
					"omitted":	false,
					"sender":	true
				}],
			"sum":	{
				"start":	20.00008,
				"end":	30.000113,
				"seconds":	10.000033378601074,
				"bytes":	39740360,
				"bits_per_second":	31792181.882144369,
				"packets":	27445,
				"omitted":	false,
				"sender":	true
			}
		}],
	"end":	{
		"streams":	[{
				"udp":	{
					"socket":	6,
					"start":	0,
					"end":	30.000113,
					"seconds":	30.000113,
					"bytes":	122156176,
					"bits_per_second":	32574857.568036497,
					"jitter_ms":	0.31881046606413432,
					"lost_packets":	5569,
					"packets":	84362,
					"lost_percent":	6.6013133875441552,
					"out_of_order":	0,
					"sender":	true
				}
			}],
		"sum":	{
			"start":	0,
			"end":	30.004412,
			"seconds":	30.004412,
			"bytes":	122156176,
			"bits_per_second":	32574857.568036497,
			"jitter_ms":	0.31881046606413432,
			"lost_packets":	5569,
			"packets":	84362,
			"lost_percent":	6.6013133875441552,
			"sender":	true
		},
		"cpu_utilization_percent":	{
			"host_total":	20.814227671962946,
			"host_user":	1.5907362107409975,
			"host_system":	19.223491461221947,
			"remote_total":	11.996394540972927,
			"remote_user":	1.1123892907222246,
			"remote_system":	10.884005250250704
		}
	}
}
