{
	"start":	{
		"connected":	[{
				"socket":	6,
				"local_host":	"10.20.15.3",
				"local_port":	46784,
				"remote_host":	"10.20.15.2",
				"remote_port":	5201
			}],
		"version":	"iperf 3.7",
		"system_info":	"Linux node2 5.8.0-1006-raspi #9-Ubuntu SMP PREEMPT Fri Oct 16 12:55:30 UTC 2020 aarch64",
		"timestamp":	{
			"time":	"Sun, 08 Aug 2021 11:07:23 GMT",
			"timesecs":	1628420843
		},
		"connecting_to":	{
			"host":	"10.20.15.2",
			"port":	5201
		},
		"cookie":	"2sru3nj3ngm57oeb7stwvhg5wbqs3mytj6jh",
		"sock_bufsize":	0,
		"sndbuf_actual":	212992,
		"rcvbuf_actual":	212992,
		"test_start":	{
			"protocol":	"UDP",
			"num_streams":	1,
			"blksize":	1448,
			"omit":	0,
			"duration":	30,
			"bytes":	0,
			"blocks":	0,
			"reverse":	0,
			"tos":	0
		}
	},
	"intervals":	[{
			"streams":	[{
					"socket":	6,
					"start":	0,
					"end":	10.000089,
					"seconds":	10.000088691711426,
					"bytes":	8932712,
					"bits_per_second":	7146106.2199609317,
					"packets":	6169,
					"omitted":	false,
					"sender":	true
				}],
			"sum":	{
				"start":	0,
				"end":	10.000089,
				"seconds":	10.000088691711426,
				"bytes":	8932712,
				"bits_per_second":	7146106.2199609317,
				"packets":	6169,
				"omitted":	false,
				"sender":	true
			}
		}, {
			"streams":	[{
					"socket":	6,
					"start":	10.000089,
					"end":	20.000091,
					"seconds":	10.000001907348633,
					"bytes":	1514608,
					"bits_per_second":	1211686.1688892043,
					"packets":	1046,
					"omitted":	false,
					"sender":	true
				}],
			"sum":	{
				"start":	10.000089,
				"end":	20.000091,
				"seconds":	10.000001907348633,
				"bytes":	1514608,
				"bits_per_second":	1211686.1688892043,
				"packets":	1046,
				"omitted":	false,
				"sender":	true
			}
		}, {
			"streams":	[{
					"socket":	6,
					"start":	20.000091,
					"end":	30.00011,
					"seconds":	10.000019073486328,
					"bytes":	1908464,
					"bits_per_second":	1526768.2879205935,
					"packets":	1318,
					"omitted":	false,
					"sender":	true
				}],
			"sum":	{
				"start":	20.000091,
				"end":	30.00011,
				"seconds":	10.000019073486328,
				"bytes":	1908464,
				"bits_per_second":	1526768.2879205935,
				"packets":	1318,
				"omitted":	false,
				"sender":	true
			}
		}],
	"end":	{
		"streams":	[{
				"udp":	{
					"socket":	6,
					"start":	0,
					"end":	30.00011,
					"seconds":	30.00011,
					"bytes":	12355784,
					"bits_per_second":	3294863.6521666087,
					"jitter_ms":	2.7114654295510996,
					"lost_packets":	3108,
					"packets":	8533,
					"lost_percent":	36.423297785069728,
					"out_of_order":	0,
					"sender":	true
				}
			}],
		"sum":	{
			"start":	0,
			"end":	30.012348,
			"seconds":	30.012348,
			"bytes":	12355784,
			"bits_per_second":	3294863.6521666087,
			"jitter_ms":	2.7114654295510996,
			"lost_packets":	3108,
			"packets":	8533,
			"lost_percent":	36.423297785069728,
			"sender":	true
		},
		"cpu_utilization_percent":	{
			"host_total":	5.7860821628945542,
			"host_user":	0.86512583122855125,
			"host_system":	4.9209463346800941,
			"remote_total":	0.86516884427750052,
			"remote_user":	0.0705092011127353,
			"remote_system":	0.79465964316476523
		}
	}
}
