{
	"start":	{
		"connected":	[{
				"socket":	6,
				"local_host":	"10.20.15.3",
				"local_port":	40652,
				"remote_host":	"10.20.15.2",
				"remote_port":	5201
			}],
		"version":	"iperf 3.7",
		"system_info":	"Linux node2 5.8.0-1006-raspi #9-Ubuntu SMP PREEMPT Fri Oct 16 12:55:30 UTC 2020 aarch64",
		"timestamp":	{
			"time":	"Sun, 08 Aug 2021 12:49:47 GMT",
			"timesecs":	1628426987
		},
		"connecting_to":	{
			"host":	"10.20.15.2",
			"port":	5201
		},
		"cookie":	"lzhd433udh77vj2jkbkfyop36633uuv52et5",
		"sock_bufsize":	0,
		"sndbuf_actual":	212992,
		"rcvbuf_actual":	212992,
		"test_start":	{
			"protocol":	"UDP",
			"num_streams":	1,
			"blksize":	1448,
			"omit":	0,
			"duration":	30,
			"bytes":	0,
			"blocks":	0,
			"reverse":	0,
			"tos":	0
		}
	},
	"intervals":	[{
			"streams":	[{
					"socket":	6,
					"start":	0,
					"end":	10.000131,
					"seconds":	10.000130653381348,
					"bytes":	7402176,
					"bits_per_second":	5921663.4314649478,
					"packets":	5112,
					"omitted":	false,
					"sender":	true
				}],
			"sum":	{
				"start":	0,
				"end":	10.000131,
				"seconds":	10.000130653381348,
				"bytes":	7402176,
				"bits_per_second":	5921663.4314649478,
				"packets":	5112,
				"omitted":	false,
				"sender":	true
			}
		}, {
			"streams":	[{
					"socket":	6,
					"start":	10.000131,
					"end":	20.00009,
					"seconds":	9.9999589920043945,
					"bytes":	784816,
					"bits_per_second":	627855.3747090447,
					"packets":	542,
					"omitted":	false,
					"sender":	true
				}],
			"sum":	{
				"start":	10.000131,
				"end":	20.00009,
				"seconds":	9.9999589920043945,
				"bytes":	784816,
				"bits_per_second":	627855.3747090447,
				"packets":	542,
				"omitted":	false,
				"sender":	true
			}
		}, {
			"streams":	[{
					"socket":	6,
					"start":	20.00009,
					"end":	30.000129,
					"seconds":	10.000039100646973,
					"bytes":	4409160,
					"bits_per_second":	3527314.207973239,
					"packets":	3045,
					"omitted":	false,
					"sender":	true
				}],
			"sum":	{
				"start":	20.00009,
				"end":	30.000129,
				"seconds":	10.000039100646973,
				"bytes":	4409160,
				"bits_per_second":	3527314.207973239,
				"packets":	3045,
				"omitted":	false,
				"sender":	true
			}
		}],
	"end":	{
		"streams":	[{
				"udp":	{
					"socket":	6,
					"start":	0,
					"end":	30.000129,
					"seconds":	30.000129,
					"bytes":	12596152,
					"bits_per_second":	3358959.423141147,
					"jitter_ms":	0.30865719247958667,
					"lost_packets":	1731,
					"packets":	8699,
					"lost_percent":	19.8988389470054,
					"out_of_order":	0,
					"sender":	true
				}
			}],
		"sum":	{
			"start":	0,
			"end":	30.002766,
			"seconds":	30.002766,
			"bytes":	12596152,
			"bits_per_second":	3358959.423141147,
			"jitter_ms":	0.30865719247958667,
			"lost_packets":	1731,
			"packets":	8699,
			"lost_percent":	19.8988389470054,
			"sender":	true
		},
		"cpu_utilization_percent":	{
			"host_total":	5.7620419399733116,
			"host_user":	0.64334204156415509,
			"host_system":	5.1186998984091563,
			"remote_total":	1.1134706465014828,
			"remote_user":	0.141785304352585,
			"remote_system":	0.97166202548464775
		}
	}
}
