{
	"start":	{
		"connected":	[{
				"socket":	6,
				"local_host":	"10.20.15.3",
				"local_port":	54554,
				"remote_host":	"10.20.15.2",
				"remote_port":	5201
			}],
		"version":	"iperf 3.7",
		"system_info":	"Linux node2 5.8.0-1006-raspi #9-Ubuntu SMP PREEMPT Fri Oct 16 12:55:30 UTC 2020 aarch64",
		"timestamp":	{
			"time":	"Sun, 08 Aug 2021 13:53:03 GMT",
			"timesecs":	1628430783
		},
		"connecting_to":	{
			"host":	"10.20.15.2",
			"port":	5201
		},
		"cookie":	"gbim3at36ic2jemarz5ornp2nmovzvb6ach7",
		"sock_bufsize":	0,
		"sndbuf_actual":	212992,
		"rcvbuf_actual":	212992,
		"test_start":	{
			"protocol":	"UDP",
			"num_streams":	1,
			"blksize":	1448,
			"omit":	0,
			"duration":	30,
			"bytes":	0,
			"blocks":	0,
			"reverse":	0,
			"tos":	0
		}
	},
	"intervals":	[{
			"streams":	[{
					"socket":	6,
					"start":	0,
					"end":	10.00009,
					"seconds":	10.000089645385742,
					"bytes":	4189064,
					"bits_per_second":	3351221.15784866,
					"packets":	2893,
					"omitted":	false,
					"sender":	true
				}],
			"sum":	{
				"start":	0,
				"end":	10.00009,
				"seconds":	10.000089645385742,
				"bytes":	4189064,
				"bits_per_second":	3351221.15784866,
				"packets":	2893,
				"omitted":	false,
				"sender":	true
			}
		}, {
			"streams":	[{
					"socket":	6,
					"start":	10.00009,
					"end":	20.000079,
					"seconds":	9.9999885559082031,
					"bytes":	1156952,
					"bits_per_second":	925562.65922240354,
					"packets":	799,
					"omitted":	false,
					"sender":	true
				}],
			"sum":	{
				"start":	10.00009,
				"end":	20.000079,
				"seconds":	9.9999885559082031,
				"bytes":	1156952,
				"bits_per_second":	925562.65922240354,
				"packets":	799,
				"omitted":	false,
				"sender":	true
			}
		}, {
			"streams":	[{
					"socket":	6,
					"start":	20.000079,
					"end":	30.000113,
					"seconds":	10.000034332275391,
					"bytes":	7022800,
					"bits_per_second":	5618220.7113699336,
					"packets":	4850,
					"omitted":	false,
					"sender":	true
				}],
			"sum":	{
				"start":	20.000079,
				"end":	30.000113,
				"seconds":	10.000034332275391,
				"bytes":	7022800,
				"bits_per_second":	5618220.7113699336,
				"packets":	4850,
				"omitted":	false,
				"sender":	true
			}
		}],
	"end":	{
		"streams":	[{
				"udp":	{
					"socket":	6,
					"start":	0,
					"end":	30.000113,
					"seconds":	30.000113,
					"bytes":	12368816,
					"bits_per_second":	3298338.5095916139,
					"jitter_ms":	0.4562553071585666,
					"lost_packets":	1780,
					"packets":	8542,
					"lost_percent":	20.838211191758372,
					"out_of_order":	0,
					"sender":	true
				}
			}],
		"sum":	{
			"start":	0,
			"end":	30.00419,
			"seconds":	30.00419,
			"bytes":	12368816,
			"bits_per_second":	3298338.5095916139,
			"jitter_ms":	0.4562553071585666,
			"lost_packets":	1780,
			"packets":	8542,
			"lost_percent":	20.838211191758372,
			"sender":	true
		},
		"cpu_utilization_percent":	{
			"host_total":	6.6411549402306145,
			"host_user":	0.47831571016410807,
			"host_system":	6.1628425626964338,
			"remote_total":	1.0432022001610304,
			"remote_user":	0.042439691595801694,
			"remote_system":	1.0007625085652287
		}
	}
}
