{
	"start":	{
		"connected":	[{
				"socket":	6,
				"local_host":	"10.20.15.3",
				"local_port":	39675,
				"remote_host":	"10.20.15.2",
				"remote_port":	5201
			}],
		"version":	"iperf 3.7",
		"system_info":	"Linux node2 5.8.0-1006-raspi #9-Ubuntu SMP PREEMPT Fri Oct 16 12:55:30 UTC 2020 aarch64",
		"timestamp":	{
			"time":	"Sun, 08 Aug 2021 13:16:02 GMT",
			"timesecs":	1628428562
		},
		"connecting_to":	{
			"host":	"10.20.15.2",
			"port":	5201
		},
		"cookie":	"27fdykahd25muefdofpt5fnwywrcasy2xzlt",
		"sock_bufsize":	0,
		"sndbuf_actual":	212992,
		"rcvbuf_actual":	212992,
		"test_start":	{
			"protocol":	"UDP",
			"num_streams":	1,
			"blksize":	1448,
			"omit":	0,
			"duration":	30,
			"bytes":	0,
			"blocks":	0,
			"reverse":	0,
			"tos":	0
		}
	},
	"intervals":	[{
			"streams":	[{
					"socket":	6,
					"start":	0,
					"end":	10.000121,
					"seconds":	10.000121116638184,
					"bytes":	13728488,
					"bits_per_second":	10982657.381745961,
					"packets":	9481,
					"omitted":	false,
					"sender":	true
				}],
			"sum":	{
				"start":	0,
				"end":	10.000121,
				"seconds":	10.000121116638184,
				"bytes":	13728488,
				"bits_per_second":	10982657.381745961,
				"packets":	9481,
				"omitted":	false,
				"sender":	true
			}
		}, {
			"streams":	[{
					"socket":	6,
					"start":	10.000121,
					"end":	20.000133,
					"seconds":	10.000012397766113,
					"bytes":	8171064,
					"bits_per_second":	6536843.0957748182,
					"packets":	5643,
					"omitted":	false,
					"sender":	true
				}],
			"sum":	{
				"start":	10.000121,
				"end":	20.000133,
				"seconds":	10.000012397766113,
				"bytes":	8171064,
				"bits_per_second":	6536843.0957748182,
				"packets":	5643,
				"omitted":	false,
				"sender":	true
			}
		}, {
			"streams":	[{
					"socket":	6,
					"start":	20.000133,
					"end":	30.000151,
					"seconds":	10.000018119812012,
					"bytes":	10907784,
					"bits_per_second":	8726211.3882690072,
					"packets":	7533,
					"omitted":	false,
					"sender":	true
				}],
			"sum":	{
				"start":	20.000133,
				"end":	30.000151,
				"seconds":	10.000018119812012,
				"bytes":	10907784,
				"bits_per_second":	8726211.3882690072,
				"packets":	7533,
				"omitted":	false,
				"sender":	true
			}
		}],
	"end":	{
		"streams":	[{
				"udp":	{
					"socket":	6,
					"start":	0,
					"end":	30.000151,
					"seconds":	30.000151,
					"bytes":	32807336,
					"bits_per_second":	8748578.8988195434,
					"jitter_ms":	0.74952840913706287,
					"lost_packets":	8500,
					"packets":	22657,
					"lost_percent":	37.51599947036236,
					"out_of_order":	0,
					"sender":	true
				}
			}],
		"sum":	{
			"start":	0,
			"end":	30.010518,
			"seconds":	30.010518,
			"bytes":	32807336,
			"bits_per_second":	8748578.8988195434,
			"jitter_ms":	0.74952840913706287,
			"lost_packets":	8500,
			"packets":	22657,
			"lost_percent":	37.51599947036236,
			"sender":	true
		},
		"cpu_utilization_percent":	{
			"host_total":	8.2657812096343548,
			"host_user":	0.6511457744858592,
			"host_system":	7.6146387677095628,
			"remote_total":	2.3598094349809338,
			"remote_user":	0.24021310144332042,
			"remote_system":	2.1195963335376136
		}
	}
}
