{
	"start":	{
		"connected":	[{
				"socket":	6,
				"local_host":	"10.20.15.3",
				"local_port":	46202,
				"remote_host":	"10.20.15.2",
				"remote_port":	5201
			}],
		"version":	"iperf 3.7",
		"system_info":	"Linux node2 5.8.0-1006-raspi #9-Ubuntu SMP PREEMPT Fri Oct 16 12:55:30 UTC 2020 aarch64",
		"timestamp":	{
			"time":	"Sun, 08 Aug 2021 13:18:02 GMT",
			"timesecs":	1628428682
		},
		"connecting_to":	{
			"host":	"10.20.15.2",
			"port":	5201
		},
		"cookie":	"2i6d5yracr3f36qkhvjlcrt4fxdnvs7wtk4d",
		"sock_bufsize":	0,
		"sndbuf_actual":	212992,
		"rcvbuf_actual":	212992,
		"test_start":	{
			"protocol":	"UDP",
			"num_streams":	1,
			"blksize":	1448,
			"omit":	0,
			"duration":	30,
			"bytes":	0,
			"blocks":	0,
			"reverse":	0,
			"tos":	0
		}
	},
	"intervals":	[{
			"streams":	[{
					"socket":	6,
					"start":	0,
					"end":	10.000147,
					"seconds":	10.000146865844727,
					"bytes":	13690840,
					"bits_per_second":	10952511.145019881,
					"packets":	9455,
					"omitted":	false,
					"sender":	true
				}],
			"sum":	{
				"start":	0,
				"end":	10.000147,
				"seconds":	10.000146865844727,
				"bytes":	13690840,
				"bits_per_second":	10952511.145019881,
				"packets":	9455,
				"omitted":	false,
				"sender":	true
			}
		}, {
			"streams":	[{
					"socket":	6,
					"start":	10.000147,
					"end":	20.000093,
					"seconds":	9.9999456405639648,
					"bytes":	6995288,
					"bits_per_second":	5596260.8209582129,
					"packets":	4831,
					"omitted":	false,
					"sender":	true
				}],
			"sum":	{
				"start":	10.000147,
				"end":	20.000093,
				"seconds":	9.9999456405639648,
				"bytes":	6995288,
				"bits_per_second":	5596260.8209582129,
				"packets":	4831,
				"omitted":	false,
				"sender":	true
			}
		}, {
			"streams":	[{
					"socket":	6,
					"start":	20.000093,
					"end":	30.000099,
					"seconds":	10.000005722045898,
					"bytes":	7507880,
					"bits_per_second":	6006300.56316725,
					"packets":	5185,
					"omitted":	false,
					"sender":	true
				}],
			"sum":	{
				"start":	20.000093,
				"end":	30.000099,
				"seconds":	10.000005722045898,
				"bytes":	7507880,
				"bits_per_second":	6006300.56316725,
				"packets":	5185,
				"omitted":	false,
				"sender":	true
			}
		}],
	"end":	{
		"streams":	[{
				"udp":	{
					"socket":	6,
					"start":	0,
					"end":	30.000099,
					"seconds":	30.000099,
					"bytes":	28194008,
					"bits_per_second":	7518377.3226881688,
					"jitter_ms":	0.70384278852546034,
					"lost_packets":	7224,
					"packets":	19471,
					"lost_percent":	37.101330183349596,
					"out_of_order":	0,
					"sender":	true
				}
			}],
		"sum":	{
			"start":	0,
			"end":	30.005332,
			"seconds":	30.005332,
			"bytes":	28194008,
			"bits_per_second":	7518377.3226881688,
			"jitter_ms":	0.70384278852546034,
			"lost_packets":	7224,
			"packets":	19471,
			"lost_percent":	37.101330183349596,
			"sender":	true
		},
		"cpu_utilization_percent":	{
			"host_total":	7.5318778845662608,
			"host_user":	0.82727183322285158,
			"host_system":	6.70460271872781,
			"remote_total":	1.9769438390925764,
			"remote_user":	0.17552927785447531,
			"remote_system":	1.8014711932572987
		}
	}
}
