{
	"start":	{
		"connected":	[{
				"socket":	6,
				"local_host":	"10.20.15.3",
				"local_port":	48905,
				"remote_host":	"10.20.15.2",
				"remote_port":	5201
			}],
		"version":	"iperf 3.7",
		"system_info":	"Linux node2 5.8.0-1006-raspi #9-Ubuntu SMP PREEMPT Fri Oct 16 12:55:30 UTC 2020 aarch64",
		"timestamp":	{
			"time":	"Sun, 08 Aug 2021 13:38:02 GMT",
			"timesecs":	1628429882
		},
		"connecting_to":	{
			"host":	"10.20.15.2",
			"port":	5201
		},
		"cookie":	"pnjtv4seznhlfyndydvolg5egxxvapskgjj4",
		"sock_bufsize":	0,
		"sndbuf_actual":	212992,
		"rcvbuf_actual":	212992,
		"test_start":	{
			"protocol":	"UDP",
			"num_streams":	1,
			"blksize":	1448,
			"omit":	0,
			"duration":	30,
			"bytes":	0,
			"blocks":	0,
			"reverse":	0,
			"tos":	0
		}
	},
	"intervals":	[{
			"streams":	[{
					"socket":	6,
					"start":	0,
					"end":	10.000089,
					"seconds":	10.000088691711426,
					"bytes":	7768520,
					"bits_per_second":	6214760.8802221427,
					"packets":	5365,
					"omitted":	false,
					"sender":	true
				}],
			"sum":	{
				"start":	0,
				"end":	10.000089,
				"seconds":	10.000088691711426,
				"bytes":	7768520,
				"bits_per_second":	6214760.8802221427,
				"packets":	5365,
				"omitted":	false,
				"sender":	true
			}
		}, {
			"streams":	[{
					"socket":	6,
					"start":	10.000089,
					"end":	20.000305,
					"seconds":	10.000215530395508,
					"bytes":	1007808,
					"bits_per_second":	806229.02331397356,
					"packets":	696,
					"omitted":	false,
					"sender":	true
				}],
			"sum":	{
				"start":	10.000089,
				"end":	20.000305,
				"seconds":	10.000215530395508,
				"bytes":	1007808,
				"bits_per_second":	806229.02331397356,
				"packets":	696,
				"omitted":	false,
				"sender":	true
			}
		}, {
			"streams":	[{
					"socket":	6,
					"start":	20.000305,
					"end":	30.000097,
					"seconds":	9.9997920989990234,
					"bytes":	2203856,
					"bits_per_second":	1763121.4554715436,
					"packets":	1522,
					"omitted":	false,
					"sender":	true
				}],
			"sum":	{
				"start":	20.000305,
				"end":	30.000097,
				"seconds":	9.9997920989990234,
				"bytes":	2203856,
				"bits_per_second":	1763121.4554715436,
				"packets":	1522,
				"omitted":	false,
				"sender":	true
			}
		}],
	"end":	{
		"streams":	[{
				"udp":	{
					"socket":	6,
					"start":	0,
					"end":	30.000097,
					"seconds":	30.000097,
					"bytes":	10980184,
					"bits_per_second":	2928039.5993386288,
					"jitter_ms":	0.32635164533495081,
					"lost_packets":	1831,
					"packets":	7583,
					"lost_percent":	24.14611631280496,
					"out_of_order":	0,
					"sender":	true
				}
			}],
		"sum":	{
			"start":	0,
			"end":	30.002602,
			"seconds":	30.002602,
			"bytes":	10980184,
			"bits_per_second":	2928039.5993386288,
			"jitter_ms":	0.32635164533495081,
			"lost_packets":	1831,
			"packets":	7583,
			"lost_percent":	24.14611631280496,
			"sender":	true
		},
		"cpu_utilization_percent":	{
			"host_total":	5.5501567616461145,
			"host_user":	0.473847475807238,
			"host_system":	5.0763026206612114,
			"remote_total":	0.91364170191323046,
			"remote_user":	0.084461161740909341,
			"remote_system":	0.82917054595131268
		}
	}
}
