{
	"start":	{
		"connected":	[{
				"socket":	6,
				"local_host":	"10.20.15.3",
				"local_port":	54105,
				"remote_host":	"10.20.15.2",
				"remote_port":	5201
			}],
		"version":	"iperf 3.7",
		"system_info":	"Linux node2 5.8.0-1006-raspi #9-Ubuntu SMP PREEMPT Fri Oct 16 12:55:30 UTC 2020 aarch64",
		"timestamp":	{
			"time":	"Sun, 08 Aug 2021 10:39:04 GMT",
			"timesecs":	1628419144
		},
		"connecting_to":	{
			"host":	"10.20.15.2",
			"port":	5201
		},
		"cookie":	"e23oe2drju76riq6lfrrww5g75ilm4kgqmki",
		"sock_bufsize":	0,
		"sndbuf_actual":	212992,
		"rcvbuf_actual":	212992,
		"test_start":	{
			"protocol":	"UDP",
			"num_streams":	1,
			"blksize":	1448,
			"omit":	0,
			"duration":	30,
			"bytes":	0,
			"blocks":	0,
			"reverse":	0,
			"tos":	0
		}
	},
	"intervals":	[{
			"streams":	[{
					"socket":	6,
					"start":	0,
					"end":	10.000135,
					"seconds":	10.00013542175293,
					"bytes":	37348264,
					"bits_per_second":	29878206.584089,
					"packets":	25793,
					"omitted":	false,
					"sender":	true
				}],
			"sum":	{
				"start":	0,
				"end":	10.000135,
				"seconds":	10.00013542175293,
				"bytes":	37348264,
				"bits_per_second":	29878206.584089,
				"packets":	25793,
				"omitted":	false,
				"sender":	true
			}
		}, {
			"streams":	[{
					"socket":	6,
					"start":	10.000135,
					"end":	20.000117,
					"seconds":	9.9999818801879883,
					"bytes":	38775992,
					"bits_per_second":	31020849.8091967,
					"packets":	26779,
					"omitted":	false,
					"sender":	true
				}],
			"sum":	{
				"start":	10.000135,
				"end":	20.000117,
				"seconds":	9.9999818801879883,
				"bytes":	38775992,
				"bits_per_second":	31020849.8091967,
				"packets":	26779,
				"omitted":	false,
				"sender":	true
			}
		}, {
			"streams":	[{
					"socket":	6,
					"start":	20.000117,
					"end":	30.000096,
					"seconds":	9.9999790191650391,
					"bytes":	39356640,
					"bits_per_second":	31485378.058952074,
					"packets":	27180,
					"omitted":	false,
					"sender":	true
				}],
			"sum":	{
				"start":	20.000117,
				"end":	30.000096,
				"seconds":	9.9999790191650391,
				"bytes":	39356640,
				"bits_per_second":	31485378.058952074,
				"packets":	27180,
				"omitted":	false,
				"sender":	true
			}
		}],
	"end":	{
		"streams":	[{
				"udp":	{
					"socket":	6,
					"start":	0,
					"end":	30.000096,
					"seconds":	30.000096,
					"bytes":	115480896,
					"bits_per_second":	30794807.05661742,
					"jitter_ms":	0.20152122574472195,
					"lost_packets":	8341,
					"packets":	79752,
					"lost_percent":	10.458671882836795,
					"out_of_order":	0,
					"sender":	true
				}
			}],
		"sum":	{
			"start":	0,
			"end":	30.002481,
			"seconds":	30.002481,
			"bytes":	115480896,
			"bits_per_second":	30794807.05661742,
			"jitter_ms":	0.20152122574472195,
			"lost_packets":	8341,
			"packets":	79752,
			"lost_percent":	10.458671882836795,
			"sender":	true
		},
		"cpu_utilization_percent":	{
			"host_total":	20.012663150369061,
			"host_user":	1.5480782974471312,
			"host_system":	18.464564857421585,
			"remote_total":	10.865843866955654,
			"remote_user":	0.98566468838597976,
			"remote_system":	9.88016918467328
		}
	}
}
