{
	"start":	{
		"connected":	[{
				"socket":	6,
				"local_host":	"10.20.15.3",
				"local_port":	49828,
				"remote_host":	"10.20.15.2",
				"remote_port":	5201
			}],
		"version":	"iperf 3.7",
		"system_info":	"Linux node2 5.8.0-1006-raspi #9-Ubuntu SMP PREEMPT Fri Oct 16 12:55:30 UTC 2020 aarch64",
		"timestamp":	{
			"time":	"Sun, 08 Aug 2021 10:35:34 GMT",
			"timesecs":	1628418934
		},
		"connecting_to":	{
			"host":	"10.20.15.2",
			"port":	5201
		},
		"cookie":	"cypz7ucpopanrwggt2cggboknetulddw7tvd",
		"sock_bufsize":	0,
		"sndbuf_actual":	212992,
		"rcvbuf_actual":	212992,
		"test_start":	{
			"protocol":	"UDP",
			"num_streams":	1,
			"blksize":	1448,
			"omit":	0,
			"duration":	30,
			"bytes":	0,
			"blocks":	0,
			"reverse":	0,
			"tos":	0
		}
	},
	"intervals":	[{
			"streams":	[{
					"socket":	6,
					"start":	0,
					"end":	10.000087,
					"seconds":	10.000086784362793,
					"bytes":	42351104,
					"bits_per_second":	33880589.169465788,
					"packets":	29248,
					"omitted":	false,
					"sender":	true
				}],
			"sum":	{
				"start":	0,
				"end":	10.000087,
				"seconds":	10.000086784362793,
				"bytes":	42351104,
				"bits_per_second":	33880589.169465788,
				"packets":	29248,
				"omitted":	false,
				"sender":	true
			}
		}, {
			"streams":	[{
					"socket":	6,
					"start":	10.000087,
					"end":	20.000089,
					"seconds":	10.000001907348633,
					"bytes":	40751064,
					"bits_per_second":	32600844.981882289,
					"packets":	28143,
					"omitted":	false,
					"sender":	true
				}],
			"sum":	{
				"start":	10.000087,
				"end":	20.000089,
				"seconds":	10.000001907348633,
				"bytes":	40751064,
				"bits_per_second":	32600844.981882289,
				"packets":	28143,
				"omitted":	false,
				"sender":	true
			}
		}, {
			"streams":	[{
					"socket":	6,
					"start":	20.000089,
					"end":	30.000143,
					"seconds":	10.000054359436035,
					"bytes":	40254400,
					"bits_per_second":	32203344.944433037,
					"packets":	27800,
					"omitted":	false,
					"sender":	true
				}],
			"sum":	{
				"start":	20.000089,
				"end":	30.000143,
				"seconds":	10.000054359436035,
				"bytes":	40254400,
				"bits_per_second":	32203344.944433037,
				"packets":	27800,
				"omitted":	false,
				"sender":	true
			}
		}],
	"end":	{
		"streams":	[{
				"udp":	{
					"socket":	6,
					"start":	0,
					"end":	30.000143,
					"seconds":	30.000143,
					"bytes":	123356568,
					"bits_per_second":	32894928.000843193,
					"jitter_ms":	0.45765758828290343,
					"lost_packets":	6382,
					"packets":	85191,
					"lost_percent":	7.491401673885739,
					"out_of_order":	0,
					"sender":	true
				}
			}],
		"sum":	{
			"start":	0,
			"end":	30.003135,
			"seconds":	30.003135,
			"bytes":	123356568,
			"bits_per_second":	32894928.000843193,
			"jitter_ms":	0.45765758828290343,
			"lost_packets":	6382,
			"packets":	85191,
			"lost_percent":	7.491401673885739,
			"sender":	true
		},
		"cpu_utilization_percent":	{
			"host_total":	20.90163952182527,
			"host_user":	2.187900978343416,
			"host_system":	18.713738543481853,
			"remote_total":	12.381820578881131,
			"remote_user":	0.934044019386551,
			"remote_system":	11.44777989127275
		}
	}
}
