{
	"start":	{
		"connected":	[{
				"socket":	6,
				"local_host":	"10.20.15.3",
				"local_port":	56397,
				"remote_host":	"10.20.15.2",
				"remote_port":	5201
			}],
		"version":	"iperf 3.7",
		"system_info":	"Linux node2 5.8.0-1006-raspi #9-Ubuntu SMP PREEMPT Fri Oct 16 12:55:30 UTC 2020 aarch64",
		"timestamp":	{
			"time":	"Sun, 08 Aug 2021 13:10:02 GMT",
			"timesecs":	1628428202
		},
		"connecting_to":	{
			"host":	"10.20.15.2",
			"port":	5201
		},
		"cookie":	"ew7evheukuumpu2eeqsmy4au5roonqost5ti",
		"sock_bufsize":	0,
		"sndbuf_actual":	212992,
		"rcvbuf_actual":	212992,
		"test_start":	{
			"protocol":	"UDP",
			"num_streams":	1,
			"blksize":	1448,
			"omit":	0,
			"duration":	30,
			"bytes":	0,
			"blocks":	0,
			"reverse":	0,
			"tos":	0
		}
	},
	"intervals":	[{
			"streams":	[{
					"socket":	6,
					"start":	0,
					"end":	10.000096,
					"seconds":	10.000096321105957,
					"bytes":	20635448,
					"bits_per_second":	16508199.391197728,
					"packets":	14251,
					"omitted":	false,
					"sender":	true
				}],
			"sum":	{
				"start":	0,
				"end":	10.000096,
				"seconds":	10.000096321105957,
				"bytes":	20635448,
				"bits_per_second":	16508199.391197728,
				"packets":	14251,
				"omitted":	false,
				"sender":	true
			}
		}, {
			"streams":	[{
					"socket":	6,
					"start":	10.000096,
					"end":	20.000092,
					"seconds":	9.9999961853027344,
					"bytes":	15438576,
					"bits_per_second":	12350865.511481289,
					"packets":	10662,
					"omitted":	false,
					"sender":	true
				}],
			"sum":	{
				"start":	10.000096,
				"end":	20.000092,
				"seconds":	9.9999961853027344,
				"bytes":	15438576,
				"bits_per_second":	12350865.511481289,
				"packets":	10662,
				"omitted":	false,
				"sender":	true
			}
		}, {
			"streams":	[{
					"socket":	6,
					"start":	20.000092,
					"end":	30.000097,
					"seconds":	10.000004768371582,
					"bytes":	14721816,
					"bits_per_second":	11777447.184075553,
					"packets":	10167,
					"omitted":	false,
					"sender":	true
				}],
			"sum":	{
				"start":	20.000092,
				"end":	30.000097,
				"seconds":	10.000004768371582,
				"bytes":	14721816,
				"bits_per_second":	11777447.184075553,
				"packets":	10167,
				"omitted":	false,
				"sender":	true
			}
		}],
	"end":	{
		"streams":	[{
				"udp":	{
					"socket":	6,
					"start":	0,
					"end":	30.000097,
					"seconds":	30.000097,
					"bytes":	50795840,
					"bits_per_second":	13545513.5361729,
					"jitter_ms":	0.92860717736675258,
					"lost_packets":	12149,
					"packets":	35080,
					"lost_percent":	34.632269099201821,
					"out_of_order":	0,
					"sender":	true
				}
			}],
		"sum":	{
			"start":	0,
			"end":	30.007288,
			"seconds":	30.007288,
			"bytes":	50795840,
			"bits_per_second":	13545513.5361729,
			"jitter_ms":	0.92860717736675258,
			"lost_packets":	12149,
			"packets":	35080,
			"lost_percent":	34.632269099201821,
			"sender":	true
		},
		"cpu_utilization_percent":	{
			"host_total":	10.606482569321765,
			"host_user":	0.65528314306900315,
			"host_system":	9.9511994262527619,
			"remote_total":	3.8600115721543005,
			"remote_user":	0.21067289426027277,
			"remote_system":	3.6493553313511722
		}
	}
}
