{
	"start":	{
		"connected":	[{
				"socket":	6,
				"local_host":	"10.20.15.3",
				"local_port":	47415,
				"remote_host":	"10.20.15.2",
				"remote_port":	5201
			}],
		"version":	"iperf 3.7",
		"system_info":	"Linux node2 5.8.0-1006-raspi #9-Ubuntu SMP PREEMPT Fri Oct 16 12:55:30 UTC 2020 aarch64",
		"timestamp":	{
			"time":	"Sun, 08 Aug 2021 10:47:35 GMT",
			"timesecs":	1628419655
		},
		"connecting_to":	{
			"host":	"10.20.15.2",
			"port":	5201
		},
		"cookie":	"tltyrrmon7odfeqwh3pqvuaddttaxitevrqi",
		"sock_bufsize":	0,
		"sndbuf_actual":	212992,
		"rcvbuf_actual":	212992,
		"test_start":	{
			"protocol":	"UDP",
			"num_streams":	1,
			"blksize":	1448,
			"omit":	0,
			"duration":	30,
			"bytes":	0,
			"blocks":	0,
			"reverse":	0,
			"tos":	0
		}
	},
	"intervals":	[{
			"streams":	[{
					"socket":	6,
					"start":	0,
					"end":	10.000157,
					"seconds":	10.000157356262207,
					"bytes":	4365720,
					"bits_per_second":	3492521.0429942994,
					"packets":	3015,
					"omitted":	false,
					"sender":	true
				}],
			"sum":	{
				"start":	0,
				"end":	10.000157,
				"seconds":	10.000157356262207,
				"bytes":	4365720,
				"bits_per_second":	3492521.0429942994,
				"packets":	3015,
				"omitted":	false,
				"sender":	true
			}
		}, {
			"streams":	[{
					"socket":	6,
					"start":	10.000157,
					"end":	20.000085,
					"seconds":	9.99992847442627,
					"bytes":	1995344,
					"bits_per_second":	1596286.6175316158,
					"packets":	1378,
					"omitted":	false,
					"sender":	true
				}],
			"sum":	{
				"start":	10.000157,
				"end":	20.000085,
				"seconds":	9.99992847442627,
				"bytes":	1995344,
				"bits_per_second":	1596286.6175316158,
				"packets":	1378,
				"omitted":	false,
				"sender":	true
			}
		}, {
			"streams":	[{
					"socket":	6,
					"start":	20.000085,
					"end":	30.000104,
					"seconds":	10.000019073486328,
					"bytes":	7441272,
					"bits_per_second":	5953006.2455416769,
					"packets":	5139,
					"omitted":	false,
					"sender":	true
				}],
			"sum":	{
				"start":	20.000085,
				"end":	30.000104,
				"seconds":	10.000019073486328,
				"bytes":	7441272,
				"bits_per_second":	5953006.2455416769,
				"packets":	5139,
				"omitted":	false,
				"sender":	true
			}
		}],
	"end":	{
		"streams":	[{
				"udp":	{
					"socket":	6,
					"start":	0,
					"end":	30.000104,
					"seconds":	30.000104,
					"bytes":	13802336,
					"bits_per_second":	3680610.1738847303,
					"jitter_ms":	0.5728145781695515,
					"lost_packets":	4068,
					"packets":	9532,
					"lost_percent":	42.677297524129251,
					"out_of_order":	0,
					"sender":	true
				}
			}],
		"sum":	{
			"start":	0,
			"end":	30.006268,
			"seconds":	30.006268,
			"bytes":	13802336,
			"bits_per_second":	3680610.1738847303,
			"jitter_ms":	0.5728145781695515,
			"lost_packets":	4068,
			"packets":	9532,
			"lost_percent":	42.677297524129251,
			"sender":	true
		},
		"cpu_utilization_percent":	{
			"host_total":	5.9083861061920508,
			"host_user":	0.5699085474117539,
			"host_system":	5.3384675605016669,
			"remote_total":	0.84452870188356688,
			"remote_user":	0.062240352895205749,
			"remote_system":	0.78228501777700932
		}
	}
}
