{
	"start":	{
		"connected":	[{
				"socket":	6,
				"local_host":	"10.20.15.3",
				"local_port":	35099,
				"remote_host":	"10.20.15.2",
				"remote_port":	5201
			}],
		"version":	"iperf 3.7",
		"system_info":	"Linux node2 5.8.0-1006-raspi #9-Ubuntu SMP PREEMPT Fri Oct 16 12:55:30 UTC 2020 aarch64",
		"timestamp":	{
			"time":	"Sun, 08 Aug 2021 10:36:34 GMT",
			"timesecs":	1628418994
		},
		"connecting_to":	{
			"host":	"10.20.15.2",
			"port":	5201
		},
		"cookie":	"dk7ldxlddwcntu7fnq37rouio52ibveif3le",
		"sock_bufsize":	0,
		"sndbuf_actual":	212992,
		"rcvbuf_actual":	212992,
		"test_start":	{
			"protocol":	"UDP",
			"num_streams":	1,
			"blksize":	1448,
			"omit":	0,
			"duration":	30,
			"bytes":	0,
			"blocks":	0,
			"reverse":	0,
			"tos":	0
		}
	},
	"intervals":	[{
			"streams":	[{
					"socket":	6,
					"start":	0,
					"end":	10.000034,
					"seconds":	10.000034332275391,
					"bytes":	39678096,
					"bits_per_second":	31742367.821228642,
					"packets":	27402,
					"omitted":	false,
					"sender":	true
				}],
			"sum":	{
				"start":	0,
				"end":	10.000034,
				"seconds":	10.000034332275391,
				"bytes":	39678096,
				"bits_per_second":	31742367.821228642,
				"packets":	27402,
				"omitted":	false,
				"sender":	true
			}
		}, {
			"streams":	[{
					"socket":	6,
					"start":	10.000034,
					"end":	20.00009,
					"seconds":	10.000056266784668,
					"bytes":	38619608,
					"bits_per_second":	30895512.560884751,
					"packets":	26671,
					"omitted":	false,
					"sender":	true
				}],
			"sum":	{
				"start":	10.000034,
				"end":	20.00009,
				"seconds":	10.000056266784668,
				"bytes":	38619608,
				"bits_per_second":	30895512.560884751,
				"packets":	26671,
				"omitted":	false,
				"sender":	true
			}
		}, {
			"streams":	[{
					"socket":	6,
					"start":	20.00009,
					"end":	30.00007,
					"seconds":	9.9999799728393555,
					"bytes":	36809608,
					"bits_per_second":	29447745.375472724,
					"packets":	25421,
					"omitted":	false,
					"sender":	true
				}],
			"sum":	{
				"start":	20.00009,
				"end":	30.00007,
				"seconds":	9.9999799728393555,
				"bytes":	36809608,
				"bits_per_second":	29447745.375472724,
				"packets":	25421,
				"omitted":	false,
				"sender":	true
			}
		}],
	"end":	{
		"streams":	[{
				"udp":	{
					"socket":	6,
					"start":	0,
					"end":	30.00007,
					"seconds":	30.00007,
					"bytes":	115107312,
					"bits_per_second":	30695211.57783965,
					"jitter_ms":	0.32565575277627717,
					"lost_packets":	7534,
					"packets":	79494,
					"lost_percent":	9.4774448386041712,
					"out_of_order":	0,
					"sender":	true
				}
			}],
		"sum":	{
			"start":	0,
			"end":	30.002553,
			"seconds":	30.002553,
			"bytes":	115107312,
			"bits_per_second":	30695211.57783965,
			"jitter_ms":	0.32565575277627717,
			"lost_packets":	7534,
			"packets":	79494,
			"lost_percent":	9.4774448386041712,
			"sender":	true
		},
		"cpu_utilization_percent":	{
			"host_total":	19.37444168598045,
			"host_user":	1.516624573198561,
			"host_system":	17.857800449800521,
			"remote_total":	10.824167321193423,
			"remote_user":	1.0713127377431362,
			"remote_system":	9.7528479201874383
		}
	}
}
