{
	"start":	{
		"connected":	[{
				"socket":	6,
				"local_host":	"10.20.15.3",
				"local_port":	52331,
				"remote_host":	"10.20.15.2",
				"remote_port":	5201
			}],
		"version":	"iperf 3.7",
		"system_info":	"Linux node2 5.8.0-1006-raspi #9-Ubuntu SMP PREEMPT Fri Oct 16 12:55:30 UTC 2020 aarch64",
		"timestamp":	{
			"time":	"Sun, 08 Aug 2021 13:18:32 GMT",
			"timesecs":	1628428712
		},
		"connecting_to":	{
			"host":	"10.20.15.2",
			"port":	5201
		},
		"cookie":	"4qqhirupnypvvxkuqloml7fq6viiubmwlh65",
		"sock_bufsize":	0,
		"sndbuf_actual":	212992,
		"rcvbuf_actual":	212992,
		"test_start":	{
			"protocol":	"UDP",
			"num_streams":	1,
			"blksize":	1448,
			"omit":	0,
			"duration":	30,
			"bytes":	0,
			"blocks":	0,
			"reverse":	0,
			"tos":	0
		}
	},
	"intervals":	[{
			"streams":	[{
					"socket":	6,
					"start":	0,
					"end":	10.000085,
					"seconds":	10.00008487701416,
					"bytes":	12638144,
					"bits_per_second":	10110429.385694187,
					"packets":	8728,
					"omitted":	false,
					"sender":	true
				}],
			"sum":	{
				"start":	0,
				"end":	10.000085,
				"seconds":	10.00008487701416,
				"bytes":	12638144,
				"bits_per_second":	10110429.385694187,
				"packets":	8728,
				"omitted":	false,
				"sender":	true
			}
		}, {
			"streams":	[{
					"socket":	6,
					"start":	10.000085,
					"end":	20.000155,
					"seconds":	10.000069618225098,
					"bytes":	7497744,
					"bits_per_second":	5998153.4419203512,
					"packets":	5178,
					"omitted":	false,
					"sender":	true
				}],
			"sum":	{
				"start":	10.000085,
				"end":	20.000155,
				"seconds":	10.000069618225098,
				"bytes":	7497744,
				"bits_per_second":	5998153.4419203512,
				"packets":	5178,
				"omitted":	false,
				"sender":	true
			}
		}, {
			"streams":	[{
					"socket":	6,
					"start":	20.000155,
					"end":	30.000115,
					"seconds":	9.9999599456787109,
					"bytes":	10199712,
					"bits_per_second":	8159802.2835342316,
					"packets":	7044,
					"omitted":	false,
					"sender":	true
				}],
			"sum":	{
				"start":	20.000155,
				"end":	30.000115,
				"seconds":	9.9999599456787109,
				"bytes":	10199712,
				"bits_per_second":	8159802.2835342316,
				"packets":	7044,
				"omitted":	false,
				"sender":	true
			}
		}],
	"end":	{
		"streams":	[{
				"udp":	{
					"socket":	6,
					"start":	0,
					"end":	30.000115,
					"seconds":	30.000115,
					"bytes":	30335600,
					"bits_per_second":	8089462.3237277586,
					"jitter_ms":	0.45364122301449278,
					"lost_packets":	8069,
					"packets":	20950,
					"lost_percent":	38.515513126491648,
					"out_of_order":	0,
					"sender":	true
				}
			}],
		"sum":	{
			"start":	0,
			"end":	30.004455,
			"seconds":	30.004455,
			"bytes":	30335600,
			"bits_per_second":	8089462.3237277586,
			"jitter_ms":	0.45364122301449278,
			"lost_packets":	8069,
			"packets":	20950,
			"lost_percent":	38.515513126491648,
			"sender":	true
		},
		"cpu_utilization_percent":	{
			"host_total":	8.4629419938125388,
			"host_user":	0.537029711998146,
			"host_system":	7.9259156144633094,
			"remote_total":	2.0769394666476089,
			"remote_user":	0.24053349565696008,
			"remote_system":	1.8363826486304862
		}
	}
}
