{
	"start":	{
		"connected":	[{
				"socket":	6,
				"local_host":	"10.20.15.3",
				"local_port":	39156,
				"remote_host":	"10.20.15.2",
				"remote_port":	5201
			}],
		"version":	"iperf 3.7",
		"system_info":	"Linux node2 5.8.0-1006-raspi #9-Ubuntu SMP PREEMPT Fri Oct 16 12:55:30 UTC 2020 aarch64",
		"timestamp":	{
			"time":	"Sun, 08 Aug 2021 13:19:02 GMT",
			"timesecs":	1628428742
		},
		"connecting_to":	{
			"host":	"10.20.15.2",
			"port":	5201
		},
		"cookie":	"6oaptspsgl6adbnc3ylkdirydqv6xffdwqkw",
		"sock_bufsize":	0,
		"sndbuf_actual":	212992,
		"rcvbuf_actual":	212992,
		"test_start":	{
			"protocol":	"UDP",
			"num_streams":	1,
			"blksize":	1448,
			"omit":	0,
			"duration":	30,
			"bytes":	0,
			"blocks":	0,
			"reverse":	0,
			"tos":	0
		}
	},
	"intervals":	[{
			"streams":	[{
					"socket":	6,
					"start":	0,
					"end":	10.000302,
					"seconds":	10.0003023147583,
					"bytes":	12206640,
					"bits_per_second":	9765016.78913096,
					"packets":	8430,
					"omitted":	false,
					"sender":	true
				}],
			"sum":	{
				"start":	0,
				"end":	10.000302,
				"seconds":	10.0003023147583,
				"bytes":	12206640,
				"bits_per_second":	9765016.78913096,
				"packets":	8430,
				"omitted":	false,
				"sender":	true
			}
		}, {
			"streams":	[{
					"socket":	6,
					"start":	10.000302,
					"end":	20.000087,
					"seconds":	9.9997854232788086,
					"bytes":	9546664,
					"bits_per_second":	7637495.0828653,
					"packets":	6593,
					"omitted":	false,
					"sender":	true
				}],
			"sum":	{
				"start":	10.000302,
				"end":	20.000087,
				"seconds":	9.9997854232788086,
				"bytes":	9546664,
				"bits_per_second":	7637495.0828653,
				"packets":	6593,
				"omitted":	false,
				"sender":	true
			}
		}, {
			"streams":	[{
					"socket":	6,
					"start":	20.000087,
					"end":	30.00005,
					"seconds":	9.99996280670166,
					"bytes":	8024816,
					"bits_per_second":	6419876.6776388576,
					"packets":	5542,
					"omitted":	false,
					"sender":	true
				}],
			"sum":	{
				"start":	20.000087,
				"end":	30.00005,
				"seconds":	9.99996280670166,
				"bytes":	8024816,
				"bits_per_second":	6419876.6776388576,
				"packets":	5542,
				"omitted":	false,
				"sender":	true
			}
		}],
	"end":	{
		"streams":	[{
				"udp":	{
					"socket":	6,
					"start":	0,
					"end":	30.00005,
					"seconds":	30.00005,
					"bytes":	29778120,
					"bits_per_second":	7940818.7653020574,
					"jitter_ms":	0.40835950700189366,
					"lost_packets":	9397,
					"packets":	20565,
					"lost_percent":	45.694140530026743,
					"out_of_order":	0,
					"sender":	true
				}
			}],
		"sum":	{
			"start":	0,
			"end":	30.003501,
			"seconds":	30.003501,
			"bytes":	29778120,
			"bits_per_second":	7940818.7653020574,
			"jitter_ms":	0.40835950700189366,
			"lost_packets":	9397,
			"packets":	20565,
			"lost_percent":	45.694140530026743,
			"sender":	true
		},
		"cpu_utilization_percent":	{
			"host_total":	7.7491702619952889,
			"host_user":	0.61238198951229683,
			"host_system":	7.1367849399007115,
			"remote_total":	1.8980843350723027,
			"remote_user":	0.14450933971898305,
			"remote_system":	1.7535716638026992
		}
	}
}
