{
	"start":	{
		"connected":	[{
				"socket":	6,
				"local_host":	"10.20.15.3",
				"local_port":	49998,
				"remote_host":	"10.20.15.2",
				"remote_port":	5201
			}],
		"version":	"iperf 3.7",
		"system_info":	"Linux node2 5.8.0-1006-raspi #9-Ubuntu SMP PREEMPT Fri Oct 16 12:55:30 UTC 2020 aarch64",
		"timestamp":	{
			"time":	"Sun, 08 Aug 2021 11:51:26 GMT",
			"timesecs":	1628423486
		},
		"connecting_to":	{
			"host":	"10.20.15.2",
			"port":	5201
		},
		"cookie":	"vzupmabukj2v6g4jr5tprt4x7hwq6uxbt4n2",
		"sock_bufsize":	0,
		"sndbuf_actual":	212992,
		"rcvbuf_actual":	212992,
		"test_start":	{
			"protocol":	"UDP",
			"num_streams":	1,
			"blksize":	1448,
			"omit":	0,
			"duration":	30,
			"bytes":	0,
			"blocks":	0,
			"reverse":	0,
			"tos":	0
		}
	},
	"intervals":	[{
			"streams":	[{
					"socket":	6,
					"start":	0,
					"end":	10.000087,
					"seconds":	10.000086784362793,
					"bytes":	8708272,
					"bits_per_second":	6966557.1411777642,
					"packets":	6014,
					"omitted":	false,
					"sender":	true
				}],
			"sum":	{
				"start":	0,
				"end":	10.000087,
				"seconds":	10.000086784362793,
				"bytes":	8708272,
				"bits_per_second":	6966557.1411777642,
				"packets":	6014,
				"omitted":	false,
				"sender":	true
			}
		}, {
			"streams":	[{
					"socket":	6,
					"start":	10.000087,
					"end":	20.0001,
					"seconds":	10.00001335144043,
					"bytes":	932512,
					"bits_per_second":	746008.60397105641,
					"packets":	644,
					"omitted":	false,
					"sender":	true
				}],
			"sum":	{
				"start":	10.000087,
				"end":	20.0001,
				"seconds":	10.00001335144043,
				"bytes":	932512,
				"bits_per_second":	746008.60397105641,
				"packets":	644,
				"omitted":	false,
				"sender":	true
			}
		}, {
			"streams":	[{
					"socket":	6,
					"start":	20.0001,
					"end":	30.000053,
					"seconds":	9.9999532699584961,
					"bytes":	2833736,
					"bits_per_second":	2266999.3936975757,
					"packets":	1957,
					"omitted":	false,
					"sender":	true
				}],
			"sum":	{
				"start":	20.0001,
				"end":	30.000053,
				"seconds":	9.9999532699584961,
				"bytes":	2833736,
				"bits_per_second":	2266999.3936975757,
				"packets":	1957,
				"omitted":	false,
				"sender":	true
			}
		}],
	"end":	{
		"streams":	[{
				"udp":	{
					"socket":	6,
					"start":	0,
					"end":	30.000053,
					"seconds":	30.000053,
					"bytes":	12474520,
					"bits_per_second":	3326532.7897920711,
					"jitter_ms":	0.3324524077360122,
					"lost_packets":	1995,
					"packets":	8615,
					"lost_percent":	23.157283807312826,
					"out_of_order":	0,
					"sender":	true
				}
			}],
		"sum":	{
			"start":	0,
			"end":	30.004959,
			"seconds":	30.004959,
			"bytes":	12474520,
			"bits_per_second":	3326532.7897920711,
			"jitter_ms":	0.3324524077360122,
			"lost_packets":	1995,
			"packets":	8615,
			"lost_percent":	23.157283807312826,
			"sender":	true
		},
		"cpu_utilization_percent":	{
			"host_total":	5.679367967763719,
			"host_user":	0.43175090100572916,
			"host_system":	5.247610401466817,
			"remote_total":	1.0147624278266538,
			"remote_user":	0.068210029059551064,
			"remote_system":	0.94655572998555648
		}
	}
}
