{
	"start":	{
		"connected":	[{
				"socket":	6,
				"local_host":	"10.20.15.3",
				"local_port":	60134,
				"remote_host":	"10.20.15.2",
				"remote_port":	5201
			}],
		"version":	"iperf 3.7",
		"system_info":	"Linux node2 5.8.0-1006-raspi #9-Ubuntu SMP PREEMPT Fri Oct 16 12:55:30 UTC 2020 aarch64",
		"timestamp":	{
			"time":	"Sun, 08 Aug 2021 10:30:04 GMT",
			"timesecs":	1628418604
		},
		"connecting_to":	{
			"host":	"10.20.15.2",
			"port":	5201
		},
		"cookie":	"5xlauxofublq4vn4kwczhloxjxt4icyt6mjt",
		"sock_bufsize":	0,
		"sndbuf_actual":	212992,
		"rcvbuf_actual":	212992,
		"test_start":	{
			"protocol":	"UDP",
			"num_streams":	1,
			"blksize":	1448,
			"omit":	0,
			"duration":	30,
			"bytes":	0,
			"blocks":	0,
			"reverse":	0,
			"tos":	0
		}
	},
	"intervals":	[{
			"streams":	[{
					"socket":	6,
					"start":	0,
					"end":	10.000111,
					"seconds":	10.000110626220703,
					"bytes":	45040040,
					"bits_per_second":	36031633.395657167,
					"packets":	31105,
					"omitted":	false,
					"sender":	true
				}],
			"sum":	{
				"start":	0,
				"end":	10.000111,
				"seconds":	10.000110626220703,
				"bytes":	45040040,
				"bits_per_second":	36031633.395657167,
				"packets":	31105,
				"omitted":	false,
				"sender":	true
			}
		}, {
			"streams":	[{
					"socket":	6,
					"start":	10.000111,
					"end":	20.000087,
					"seconds":	9.99997615814209,
					"bytes":	42015168,
					"bits_per_second":	33612214.5377643,
					"packets":	29016,
					"omitted":	false,
					"sender":	true
				}],
			"sum":	{
				"start":	10.000111,
				"end":	20.000087,
				"seconds":	9.99997615814209,
				"bytes":	42015168,
				"bits_per_second":	33612214.5377643,
				"packets":	29016,
				"omitted":	false,
				"sender":	true
			}
		}, {
			"streams":	[{
					"socket":	6,
					"start":	20.000087,
					"end":	30.000103,
					"seconds":	10.000016212463379,
					"bytes":	44702656,
					"bits_per_second":	35762066.82088013,
					"packets":	30872,
					"omitted":	false,
					"sender":	true
				}],
			"sum":	{
				"start":	20.000087,
				"end":	30.000103,
				"seconds":	10.000016212463379,
				"bytes":	44702656,
				"bits_per_second":	35762066.82088013,
				"packets":	30872,
				"omitted":	false,
				"sender":	true
			}
		}],
	"end":	{
		"streams":	[{
				"udp":	{
					"socket":	6,
					"start":	0,
					"end":	30.000103,
					"seconds":	30.000103,
					"bytes":	131757864,
					"bits_per_second":	35135309.768769793,
					"jitter_ms":	0.67461598891315933,
					"lost_packets":	6465,
					"packets":	90993,
					"lost_percent":	7.1049421384062512,
					"out_of_order":	0,
					"sender":	true
				}
			}],
		"sum":	{
			"start":	0,
			"end":	30.004617,
			"seconds":	30.004617,
			"bytes":	131757864,
			"bits_per_second":	35135309.768769793,
			"jitter_ms":	0.67461598891315933,
			"lost_packets":	6465,
			"packets":	90993,
			"lost_percent":	7.1049421384062512,
			"sender":	true
		},
		"cpu_utilization_percent":	{
			"host_total":	21.589091381322021,
			"host_user":	1.6787322251132257,
			"host_system":	19.910355823810644,
			"remote_total":	12.951547993458904,
			"remote_user":	1.0668107687886184,
			"remote_system":	11.884733893291473
		}
	}
}
