{
	"start":	{
		"connected":	[{
				"socket":	6,
				"local_host":	"10.20.15.3",
				"local_port":	35566,
				"remote_host":	"10.20.15.2",
				"remote_port":	5201
			}],
		"version":	"iperf 3.7",
		"system_info":	"Linux node2 5.8.0-1006-raspi #9-Ubuntu SMP PREEMPT Fri Oct 16 12:55:30 UTC 2020 aarch64",
		"timestamp":	{
			"time":	"Sun, 08 Aug 2021 12:11:37 GMT",
			"timesecs":	1628424697
		},
		"connecting_to":	{
			"host":	"10.20.15.2",
			"port":	5201
		},
		"cookie":	"av6fromz6caiibhnhfmn6uk3r6sabqavk2tm",
		"sock_bufsize":	0,
		"sndbuf_actual":	212992,
		"rcvbuf_actual":	212992,
		"test_start":	{
			"protocol":	"UDP",
			"num_streams":	1,
			"blksize":	1448,
			"omit":	0,
			"duration":	30,
			"bytes":	0,
			"blocks":	0,
			"reverse":	0,
			"tos":	0
		}
	},
	"intervals":	[{
			"streams":	[{
					"socket":	6,
					"start":	0,
					"end":	10.00012,
					"seconds":	10.000120162963867,
					"bytes":	9365664,
					"bits_per_second":	7492441.168606258,
					"packets":	6468,
					"omitted":	false,
					"sender":	true
				}],
			"sum":	{
				"start":	0,
				"end":	10.00012,
				"seconds":	10.000120162963867,
				"bytes":	9365664,
				"bits_per_second":	7492441.168606258,
				"packets":	6468,
				"omitted":	false,
				"sender":	true
			}
		}, {
			"streams":	[{
					"socket":	6,
					"start":	10.00012,
					"end":	20.000078,
					"seconds":	9.9999580383300781,
					"bytes":	1568184,
					"bits_per_second":	1254552.4643116407,
					"packets":	1083,
					"omitted":	false,
					"sender":	true
				}],
			"sum":	{
				"start":	10.00012,
				"end":	20.000078,
				"seconds":	9.9999580383300781,
				"bytes":	1568184,
				"bits_per_second":	1254552.4643116407,
				"packets":	1083,
				"omitted":	false,
				"sender":	true
			}
		}, {
			"streams":	[{
					"socket":	6,
					"start":	20.000078,
					"end":	30.000125,
					"seconds":	10.000046730041504,
					"bytes":	2108288,
					"bits_per_second":	1686622.5184059714,
					"packets":	1456,
					"omitted":	false,
					"sender":	true
				}],
			"sum":	{
				"start":	20.000078,
				"end":	30.000125,
				"seconds":	10.000046730041504,
				"bytes":	2108288,
				"bits_per_second":	1686622.5184059714,
				"packets":	1456,
				"omitted":	false,
				"sender":	true
			}
		}],
	"end":	{
		"streams":	[{
				"udp":	{
					"socket":	6,
					"start":	0,
					"end":	30.000125,
					"seconds":	30.000125,
					"bytes":	13042136,
					"bits_per_second":	3477888.4421314909,
					"jitter_ms":	3.1299802464671389,
					"lost_packets":	3204,
					"packets":	9007,
					"lost_percent":	35.572332630176533,
					"out_of_order":	0,
					"sender":	true
				}
			}],
		"sum":	{
			"start":	0,
			"end":	30.017058,
			"seconds":	30.017058,
			"bytes":	13042136,
			"bits_per_second":	3477888.4421314909,
			"jitter_ms":	3.1299802464671389,
			"lost_packets":	3204,
			"packets":	9007,
			"lost_percent":	35.572332630176533,
			"sender":	true
		},
		"cpu_utilization_percent":	{
			"host_total":	5.8317031049102814,
			"host_user":	0.61045750152802669,
			"host_system":	5.221238938053097,
			"remote_total":	0.92422602043983237,
			"remote_user":	0.07964704086501255,
			"remote_system":	0.844585639583254
		}
	}
}
