{
	"start":	{
		"connected":	[{
				"socket":	6,
				"local_host":	"10.20.15.3",
				"local_port":	50160,
				"remote_host":	"10.20.15.2",
				"remote_port":	5201
			}],
		"version":	"iperf 3.7",
		"system_info":	"Linux node2 5.8.0-1006-raspi #9-Ubuntu SMP PREEMPT Fri Oct 16 12:55:30 UTC 2020 aarch64",
		"timestamp":	{
			"time":	"Sun, 08 Aug 2021 12:17:37 GMT",
			"timesecs":	1628425057
		},
		"connecting_to":	{
			"host":	"10.20.15.2",
			"port":	5201
		},
		"cookie":	"ftvjybibytnxbutx5a6v7s72ck2u2bjuvp5l",
		"sock_bufsize":	0,
		"sndbuf_actual":	212992,
		"rcvbuf_actual":	212992,
		"test_start":	{
			"protocol":	"UDP",
			"num_streams":	1,
			"blksize":	1448,
			"omit":	0,
			"duration":	30,
			"bytes":	0,
			"blocks":	0,
			"reverse":	0,
			"tos":	0
		}
	},
	"intervals":	[{
			"streams":	[{
					"socket":	6,
					"start":	0,
					"end":	10.000091,
					"seconds":	10.000090599060059,
					"bytes":	9131088,
					"bits_per_second":	7304804.2191603836,
					"packets":	6306,
					"omitted":	false,
					"sender":	true
				}],
			"sum":	{
				"start":	0,
				"end":	10.000091,
				"seconds":	10.000090599060059,
				"bytes":	9131088,
				"bits_per_second":	7304804.2191603836,
				"packets":	6306,
				"omitted":	false,
				"sender":	true
			}
		}, {
			"streams":	[{
					"socket":	6,
					"start":	10.000091,
					"end":	20.000101,
					"seconds":	10.000009536743164,
					"bytes":	823912,
					"bits_per_second":	659128.97140562872,
					"packets":	569,
					"omitted":	false,
					"sender":	true
				}],
			"sum":	{
				"start":	10.000091,
				"end":	20.000101,
				"seconds":	10.000009536743164,
				"bytes":	823912,
				"bits_per_second":	659128.97140562872,
				"packets":	569,
				"omitted":	false,
				"sender":	true
			}
		}, {
			"streams":	[{
					"socket":	6,
					"start":	20.000101,
					"end":	30.000081,
					"seconds":	9.9999799728393555,
					"bytes":	1491440,
					"bits_per_second":	1193154.3895494633,
					"packets":	1030,
					"omitted":	false,
					"sender":	true
				}],
			"sum":	{
				"start":	20.000101,
				"end":	30.000081,
				"seconds":	9.9999799728393555,
				"bytes":	1491440,
				"bits_per_second":	1193154.3895494633,
				"packets":	1030,
				"omitted":	false,
				"sender":	true
			}
		}],
	"end":	{
		"streams":	[{
				"udp":	{
					"socket":	6,
					"start":	0,
					"end":	30.000081,
					"seconds":	30.000081,
					"bytes":	11446440,
					"bits_per_second":	3052375.7585854516,
					"jitter_ms":	0.39512045384958011,
					"lost_packets":	1842,
					"packets":	7905,
					"lost_percent":	23.301707779886147,
					"out_of_order":	0,
					"sender":	true
				}
			}],
		"sum":	{
			"start":	0,
			"end":	30.003478,
			"seconds":	30.003478,
			"bytes":	11446440,
			"bits_per_second":	3052375.7585854516,
			"jitter_ms":	0.39512045384958011,
			"lost_packets":	1842,
			"packets":	7905,
			"lost_percent":	23.301707779886147,
			"sender":	true
		},
		"cpu_utilization_percent":	{
			"host_total":	5.6482402886139225,
			"host_user":	0.40748826398219384,
			"host_system":	5.2407520246317283,
			"remote_total":	0.98091116100137854,
			"remote_user":	0.070410266277099384,
			"remote_system":	0.91049090320075454
		}
	}
}
