{
	"start":	{
		"connected":	[{
				"socket":	6,
				"local_host":	"10.20.15.3",
				"local_port":	43730,
				"remote_host":	"10.20.15.2",
				"remote_port":	5201
			}],
		"version":	"iperf 3.7",
		"system_info":	"Linux node2 5.8.0-1006-raspi #9-Ubuntu SMP PREEMPT Fri Oct 16 12:55:30 UTC 2020 aarch64",
		"timestamp":	{
			"time":	"Sun, 08 Aug 2021 10:26:03 GMT",
			"timesecs":	1628418363
		},
		"connecting_to":	{
			"host":	"10.20.15.2",
			"port":	5201
		},
		"cookie":	"7p5sd3asbmygkuswcee4vrafutwr5qfrmy4o",
		"sock_bufsize":	0,
		"sndbuf_actual":	212992,
		"rcvbuf_actual":	212992,
		"test_start":	{
			"protocol":	"UDP",
			"num_streams":	1,
			"blksize":	1448,
			"omit":	0,
			"duration":	30,
			"bytes":	0,
			"blocks":	0,
			"reverse":	0,
			"tos":	0
		}
	},
	"intervals":	[{
			"streams":	[{
					"socket":	6,
					"start":	0,
					"end":	10.000088,
					"seconds":	10.000087738037109,
					"bytes":	42574096,
					"bits_per_second":	34058977.973212667,
					"packets":	29402,
					"omitted":	false,
					"sender":	true
				}],
			"sum":	{
				"start":	0,
				"end":	10.000088,
				"seconds":	10.000087738037109,
				"bytes":	42574096,
				"bits_per_second":	34058977.973212667,
				"packets":	29402,
				"omitted":	false,
				"sender":	true
			}
		}, {
			"streams":	[{
					"socket":	6,
					"start":	10.000088,
					"end":	20.001694,
					"seconds":	10.001605987548828,
					"bytes":	40435400,
					"bits_per_second":	32343125.734278057,
					"packets":	27925,
					"omitted":	false,
					"sender":	true
				}],
			"sum":	{
				"start":	10.000088,
				"end":	20.001694,
				"seconds":	10.001605987548828,
				"bytes":	40435400,
				"bits_per_second":	32343125.734278057,
				"packets":	27925,
				"omitted":	false,
				"sender":	true
			}
		}, {
			"streams":	[{
					"socket":	6,
					"start":	20.001694,
					"end":	30.000097,
					"seconds":	9.99840259552002,
					"bytes":	40095120,
					"bits_per_second":	32081220.668561921,
					"packets":	27690,
					"omitted":	false,
					"sender":	true
				}],
			"sum":	{
				"start":	20.001694,
				"end":	30.000097,
				"seconds":	9.99840259552002,
				"bytes":	40095120,
				"bits_per_second":	32081220.668561921,
				"packets":	27690,
				"omitted":	false,
				"sender":	true
			}
		}],
	"end":	{
		"streams":	[{
				"udp":	{
					"socket":	6,
					"start":	0,
					"end":	30.000097,
					"seconds":	30.000097,
					"bytes":	123104616,
					"bits_per_second":	32827791.456807625,
					"jitter_ms":	0.20346165903096555,
					"lost_packets":	5210,
					"packets":	85017,
					"lost_percent":	6.1281861274803866,
					"out_of_order":	0,
					"sender":	true
				}
			}],
		"sum":	{
			"start":	0,
			"end":	30.002613,
			"seconds":	30.002613,
			"bytes":	123104616,
			"bits_per_second":	32827791.456807625,
			"jitter_ms":	0.20346165903096555,
			"lost_packets":	5210,
			"packets":	85017,
			"lost_percent":	6.1281861274803866,
			"sender":	true
		},
		"cpu_utilization_percent":	{
			"host_total":	20.043126251324285,
			"host_user":	1.3521325470065042,
			"host_system":	18.690990371840783,
			"remote_total":	12.233522331345361,
			"remote_user":	1.2435002643271373,
			"remote_system":	10.99001540386881
		}
	}
}
