{
	"start":	{
		"connected":	[{
				"socket":	6,
				"local_host":	"10.20.15.3",
				"local_port":	60412,
				"remote_host":	"10.20.15.2",
				"remote_port":	5201
			}],
		"version":	"iperf 3.7",
		"system_info":	"Linux node2 5.8.0-1006-raspi #9-Ubuntu SMP PREEMPT Fri Oct 16 12:55:30 UTC 2020 aarch64",
		"timestamp":	{
			"time":	"Sun, 08 Aug 2021 11:07:53 GMT",
			"timesecs":	1628420873
		},
		"connecting_to":	{
			"host":	"10.20.15.2",
			"port":	5201
		},
		"cookie":	"awlz7izdfhj5zj345t75xnswzenhgil53mim",
		"sock_bufsize":	0,
		"sndbuf_actual":	212992,
		"rcvbuf_actual":	212992,
		"test_start":	{
			"protocol":	"UDP",
			"num_streams":	1,
			"blksize":	1448,
			"omit":	0,
			"duration":	30,
			"bytes":	0,
			"blocks":	0,
			"reverse":	0,
			"tos":	0
		}
	},
	"intervals":	[{
			"streams":	[{
					"socket":	6,
					"start":	0,
					"end":	10.000102,
					"seconds":	10.000102043151855,
					"bytes":	4506176,
					"bits_per_second":	3604904.0144232232,
					"packets":	3112,
					"omitted":	false,
					"sender":	true
				}],
			"sum":	{
				"start":	0,
				"end":	10.000102,
				"seconds":	10.000102043151855,
				"bytes":	4506176,
				"bits_per_second":	3604904.0144232232,
				"packets":	3112,
				"omitted":	false,
				"sender":	true
			}
		}, {
			"streams":	[{
					"socket":	6,
					"start":	10.000102,
					"end":	20.00009,
					"seconds":	9.9999876022338867,
					"bytes":	1673888,
					"bits_per_second":	1339112.0601998123,
					"packets":	1156,
					"omitted":	false,
					"sender":	true
				}],
			"sum":	{
				"start":	10.000102,
				"end":	20.00009,
				"seconds":	9.9999876022338867,
				"bytes":	1673888,
				"bits_per_second":	1339112.0601998123,
				"packets":	1156,
				"omitted":	false,
				"sender":	true
			}
		}, {
			"streams":	[{
					"socket":	6,
					"start":	20.00009,
					"end":	30.000111,
					"seconds":	10.000020980834961,
					"bytes":	4981120,
					"bits_per_second":	3984887.63937301,
					"packets":	3440,
					"omitted":	false,
					"sender":	true
				}],
			"sum":	{
				"start":	20.00009,
				"end":	30.000111,
				"seconds":	10.000020980834961,
				"bytes":	4981120,
				"bits_per_second":	3984887.63937301,
				"packets":	3440,
				"omitted":	false,
				"sender":	true
			}
		}],
	"end":	{
		"streams":	[{
				"udp":	{
					"socket":	6,
					"start":	0,
					"end":	30.000111,
					"seconds":	30.000111,
					"bytes":	11161184,
					"bits_per_second":	2976304.7210058654,
					"jitter_ms":	0.49085715722008422,
					"lost_packets":	3240,
					"packets":	7708,
					"lost_percent":	42.034250129735341,
					"out_of_order":	0,
					"sender":	true
				}
			}],
		"sum":	{
			"start":	0,
			"end":	30.006098,
			"seconds":	30.006098,
			"bytes":	11161184,
			"bits_per_second":	2976304.7210058654,
			"jitter_ms":	0.49085715722008422,
			"lost_packets":	3240,
			"packets":	7708,
			"lost_percent":	42.034250129735341,
			"sender":	true
		},
		"cpu_utilization_percent":	{
			"host_total":	9.2746110640470025,
			"host_user":	1.2434609883906564,
			"host_system":	8.031143675762431,
			"remote_total":	0.69788344291852189,
			"remote_user":	0.032611973747665023,
			"remote_system":	0.66527466799123414
		}
	}
}
