{
	"start":	{
		"connected":	[{
				"socket":	6,
				"local_host":	"10.20.15.3",
				"local_port":	41032,
				"remote_host":	"10.20.15.2",
				"remote_port":	5201
			}],
		"version":	"iperf 3.7",
		"system_info":	"Linux node2 5.8.0-1006-raspi #9-Ubuntu SMP PREEMPT Fri Oct 16 12:55:30 UTC 2020 aarch64",
		"timestamp":	{
			"time":	"Sun, 08 Aug 2021 08:18:34 GMT",
			"timesecs":	1628410714
		},
		"connecting_to":	{
			"host":	"10.20.15.2",
			"port":	5201
		},
		"cookie":	"3uwaggtx5vrui7s6xx76n2k6dkdejqv66gzk",
		"sock_bufsize":	0,
		"sndbuf_actual":	212992,
		"rcvbuf_actual":	212992,
		"test_start":	{
			"protocol":	"UDP",
			"num_streams":	1,
			"blksize":	1448,
			"omit":	0,
			"duration":	300,
			"bytes":	0,
			"blocks":	0,
			"reverse":	0,
			"tos":	0
		}
	},
	"intervals":	[{
			"streams":	[{
					"socket":	6,
					"start":	0,
					"end":	10.000116,
					"seconds":	10.000116348266602,
					"bytes":	25891688,
					"bits_per_second":	20713109.406562462,
					"packets":	17881,
					"omitted":	false,
					"sender":	true
				}],
			"sum":	{
				"start":	0,
				"end":	10.000116,
				"seconds":	10.000116348266602,
				"bytes":	25891688,
				"bits_per_second":	20713109.406562462,
				"packets":	17881,
				"omitted":	false,
				"sender":	true
			}
		}, {
			"streams":	[{
					"socket":	6,
					"start":	10.000116,
					"end":	20.000076,
					"seconds":	9.9999599456787109,
					"bytes":	26867640,
					"bits_per_second":	21494198.093551628,
					"packets":	18555,
					"omitted":	false,
					"sender":	true
				}],
			"sum":	{
				"start":	10.000116,
				"end":	20.000076,
				"seconds":	9.9999599456787109,
				"bytes":	26867640,
				"bits_per_second":	21494198.093551628,
				"packets":	18555,
				"omitted":	false,
				"sender":	true
			}
		}, {
			"streams":	[{
					"socket":	6,
					"start":	20.000076,
					"end":	30.000525,
					"seconds":	10.000449180603027,
					"bytes":	14875304,
					"bits_per_second":	11899708.688167561,
					"packets":	10273,
					"omitted":	false,
					"sender":	true
				}],
			"sum":	{
				"start":	20.000076,
				"end":	30.000525,
				"seconds":	10.000449180603027,
				"bytes":	14875304,
				"bits_per_second":	11899708.688167561,
				"packets":	10273,
				"omitted":	false,
				"sender":	true
			}
		}, {
			"streams":	[{
					"socket":	6,
					"start":	30.000525,
					"end":	40.00081,
					"seconds":	10.000285148620605,
					"bytes":	12031432,
					"bits_per_second":	9624871.1481268611,
					"packets":	8309,
					"omitted":	false,
					"sender":	true
				}],
			"sum":	{
				"start":	30.000525,
				"end":	40.00081,
				"seconds":	10.000285148620605,
				"bytes":	12031432,
				"bits_per_second":	9624871.1481268611,
				"packets":	8309,
				"omitted":	false,
				"sender":	true
			}
		}, {
			"streams":	[{
					"socket":	6,
					"start":	40.00081,
					"end":	50.000108,
					"seconds":	9.999298095703125,
					"bytes":	16303032,
					"bits_per_second":	13043341.117717613,
					"packets":	11259,
					"omitted":	false,
					"sender":	true
				}],
			"sum":	{
				"start":	40.00081,
				"end":	50.000108,
				"seconds":	9.999298095703125,
				"bytes":	16303032,
				"bits_per_second":	13043341.117717613,
				"packets":	11259,
				"omitted":	false,
				"sender":	true
			}
		}, {
			"streams":	[{
					"socket":	6,
					"start":	50.000108,
					"end":	60.000107,
					"seconds":	9.9999990463256836,
					"bytes":	21307320,
					"bits_per_second":	17045857.625619661,
					"packets":	14715,
					"omitted":	false,
					"sender":	true
				}],
			"sum":	{
				"start":	50.000108,
				"end":	60.000107,
				"seconds":	9.9999990463256836,
				"bytes":	21307320,
				"bits_per_second":	17045857.625619661,
				"packets":	14715,
				"omitted":	false,
				"sender":	true
			}
		}, {
			"streams":	[{
					"socket":	6,
					"start":	60.000107,
					"end":	70.000086,
					"seconds":	9.9999790191650391,
					"bytes":	14340992,
					"bits_per_second":	11472817.67092941,
					"packets":	9904,
					"omitted":	false,
					"sender":	true
				}],
			"sum":	{
				"start":	60.000107,
				"end":	70.000086,
				"seconds":	9.9999790191650391,
				"bytes":	14340992,
				"bits_per_second":	11472817.67092941,
				"packets":	9904,
				"omitted":	false,
				"sender":	true
			}
		}, {
			"streams":	[{
					"socket":	6,
					"start":	70.000086,
					"end":	80.000088,
					"seconds":	10.000001907348633,
					"bytes":	16843136,
					"bits_per_second":	13474506.229941897,
					"packets":	11632,
					"omitted":	false,
					"sender":	true
				}],
			"sum":	{
				"start":	70.000086,
				"end":	80.000088,
				"seconds":	10.000001907348633,
				"bytes":	16843136,
				"bits_per_second":	13474506.229941897,
				"packets":	11632,
				"omitted":	false,
				"sender":	true
			}
		}, {
			"streams":	[{
					"socket":	6,
					"start":	80.000088,
					"end":	90.0001,
					"seconds":	10.000012397766113,
					"bytes":	18983280,
					"bits_per_second":	15186605.172002103,
					"packets":	13110,
					"omitted":	false,
					"sender":	true
				}],
			"sum":	{
				"start":	80.000088,
				"end":	90.0001,
				"seconds":	10.000012397766113,
				"bytes":	18983280,
				"bits_per_second":	15186605.172002103,
				"packets":	13110,
				"omitted":	false,
				"sender":	true
			}
		}, {
			"streams":	[{
					"socket":	6,
					"start":	90.0001,
					"end":	100.0001,
					"seconds":	10,
					"bytes":	11974960,
					"bits_per_second":	9579968,
					"packets":	8270,
					"omitted":	false,
					"sender":	true
				}],
			"sum":	{
				"start":	90.0001,
				"end":	100.0001,
				"seconds":	10,
				"bytes":	11974960,
				"bits_per_second":	9579968,
				"packets":	8270,
				"omitted":	false,
				"sender":	true
			}
		}, {
			"streams":	[{
					"socket":	6,
					"start":	100.0001,
					"end":	110.000093,
					"seconds":	9.9999933242797852,
					"bytes":	20135888,
					"bits_per_second":	16108721.153731544,
					"packets":	13906,
					"omitted":	false,
					"sender":	true
				}],
			"sum":	{
				"start":	100.0001,
				"end":	110.000093,
				"seconds":	9.9999933242797852,
				"bytes":	20135888,
				"bits_per_second":	16108721.153731544,
				"packets":	13906,
				"omitted":	false,
				"sender":	true
			}
		}, {
			"streams":	[{
					"socket":	6,
					"start":	110.000093,
					"end":	120.000086,
					"seconds":	9.9999933242797852,
					"bytes":	18453312,
					"bits_per_second":	14762659.455138415,
					"packets":	12744,
					"omitted":	false,
					"sender":	true
				}],
			"sum":	{
				"start":	110.000093,
				"end":	120.000086,
				"seconds":	9.9999933242797852,
				"bytes":	18453312,
				"bits_per_second":	14762659.455138415,
				"packets":	12744,
				"omitted":	false,
				"sender":	true
			}
		}, {
			"streams":	[{
					"socket":	6,
					"start":	120.000086,
					"end":	130.00018,
					"seconds":	10.000094413757324,
					"bytes":	12837968,
					"bits_per_second":	10270277.434451865,
					"packets":	8866,
					"omitted":	false,
					"sender":	true
				}],
			"sum":	{
				"start":	120.000086,
				"end":	130.00018,
				"seconds":	10.000094413757324,
				"bytes":	12837968,
				"bits_per_second":	10270277.434451865,
				"packets":	8866,
				"omitted":	false,
				"sender":	true
			}
		}, {
			"streams":	[{
					"socket":	6,
					"start":	130.00018,
					"end":	140.00012,
					"seconds":	9.9999399185180664,
					"bytes":	20719432,
					"bits_per_second":	16575645.188932696,
					"packets":	14309,
					"omitted":	false,
					"sender":	true
				}],
			"sum":	{
				"start":	130.00018,
				"end":	140.00012,
				"seconds":	9.9999399185180664,
				"bytes":	20719432,
				"bits_per_second":	16575645.188932696,
				"packets":	14309,
				"omitted":	false,
				"sender":	true
			}
		}, {
			"streams":	[{
					"socket":	6,
					"start":	140.00012,
					"end":	150.000108,
					"seconds":	9.9999876022338867,
					"bytes":	18007328,
					"bits_per_second":	14405880.260073412,
					"packets":	12436,
					"omitted":	false,
					"sender":	true
				}],
			"sum":	{
				"start":	140.00012,
				"end":	150.000108,
				"seconds":	9.9999876022338867,