{
	"start":	{
		"connected":	[{
				"socket":	6,
				"local_host":	"10.20.15.3",
				"local_port":	38555,
				"remote_host":	"10.20.15.2",
				"remote_port":	5201
			}],
		"version":	"iperf 3.7",
		"system_info":	"Linux node2 5.8.0-1006-raspi #9-Ubuntu SMP PREEMPT Fri Oct 16 12:55:30 UTC 2020 aarch64",
		"timestamp":	{
			"time":	"Sun, 08 Aug 2021 08:53:39 GMT",
			"timesecs":	1628412819
		},
		"connecting_to":	{
			"host":	"10.20.15.2",
			"port":	5201
		},
		"cookie":	"nhm7fvouj4hja4xniyzenzxm7kz66jset2ay",
		"sock_bufsize":	0,
		"sndbuf_actual":	212992,
		"rcvbuf_actual":	212992,
		"test_start":	{
			"protocol":	"UDP",
			"num_streams":	1,
			"blksize":	1448,
			"omit":	0,
			"duration":	300,
			"bytes":	0,
			"blocks":	0,
			"reverse":	0,
			"tos":	0
		}
	},
	"intervals":	[{
			"streams":	[{
					"socket":	6,
					"start":	0,
					"end":	10.0001,
					"seconds":	10.000100135803223,
					"bytes":	12318136,
					"bits_per_second":	9854410.1220727134,
					"packets":	8507,
					"omitted":	false,
					"sender":	true
				}],
			"sum":	{
				"start":	0,
				"end":	10.0001,
				"seconds":	10.000100135803223,
				"bytes":	12318136,
				"bits_per_second":	9854410.1220727134,
				"packets":	8507,
				"omitted":	false,
				"sender":	true
			}
		}, {
			"streams":	[{
					"socket":	6,
					"start":	10.0001,
					"end":	20.000083,
					"seconds":	9.9999828338623047,
					"bytes":	19248264,
					"bits_per_second":	15398637.633513393,
					"packets":	13293,
					"omitted":	false,
					"sender":	true
				}],
			"sum":	{
				"start":	10.0001,
				"end":	20.000083,
				"seconds":	9.9999828338623047,
				"bytes":	19248264,
				"bits_per_second":	15398637.633513393,
				"packets":	13293,
				"omitted":	false,
				"sender":	true
			}
		}, {
			"streams":	[{
					"socket":	6,
					"start":	20.000083,
					"end":	30.000093,
					"seconds":	10.000009536743164,
					"bytes":	29558024,
					"bits_per_second":	23646396.64903884,
					"packets":	20413,
					"omitted":	false,
					"sender":	true
				}],
			"sum":	{
				"start":	20.000083,
				"end":	30.000093,
				"seconds":	10.000009536743164,
				"bytes":	29558024,
				"bits_per_second":	23646396.64903884,
				"packets":	20413,
				"omitted":	false,
				"sender":	true
			}
		}, {
			"streams":	[{
					"socket":	6,
					"start":	30.000093,
					"end":	40.000084,
					"seconds":	9.9999914169311523,
					"bytes":	21065504,
					"bits_per_second":	16852417.664546106,
					"packets":	14548,
					"omitted":	false,
					"sender":	true
				}],
			"sum":	{
				"start":	30.000093,
				"end":	40.000084,
				"seconds":	9.9999914169311523,
				"bytes":	21065504,
				"bits_per_second":	16852417.664546106,
				"packets":	14548,
				"omitted":	false,
				"sender":	true
			}
		}, {
			"streams":	[{
					"socket":	6,
					"start":	40.000084,
					"end":	50.00133,
					"seconds":	10.001246452331543,
					"bytes":	23935440,
					"bits_per_second":	19145965.546660472,
					"packets":	16530,
					"omitted":	false,
					"sender":	true
				}],
			"sum":	{
				"start":	40.000084,
				"end":	50.00133,
				"seconds":	10.001246452331543,
				"bytes":	23935440,
				"bits_per_second":	19145965.546660472,
				"packets":	16530,
				"omitted":	false,
				"sender":	true
			}
		}, {
			"streams":	[{
					"socket":	6,
					"start":	50.00133,
					"end":	60.000094,
					"seconds":	9.9987640380859375,
					"bytes":	12513616,
					"bits_per_second":	10012130.261168143,
					"packets":	8642,
					"omitted":	false,
					"sender":	true
				}],
			"sum":	{
				"start":	50.00133,
				"end":	60.000094,
				"seconds":	9.9987640380859375,
				"bytes":	12513616,
				"bits_per_second":	10012130.261168143,
				"packets":	8642,
				"omitted":	false,
				"sender":	true
			}
		}, {
			"streams":	[{
					"socket":	6,
					"start":	60.000094,
					"end":	70.000091,
					"seconds":	9.99999713897705,
					"bytes":	21998016,
					"bits_per_second":	17598417.834947731,
					"packets":	15192,
					"omitted":	false,
					"sender":	true
				}],
			"sum":	{
				"start":	60.000094,
				"end":	70.000091,
				"seconds":	9.99999713897705,
				"bytes":	21998016,
				"bits_per_second":	17598417.834947731,
				"packets":	15192,
				"omitted":	false,
				"sender":	true
			}
		}, {
			"streams":	[{
					"socket":	6,
					"start":	70.000091,
					"end":	80.000089,
					"seconds":	9.9999980926513672,
					"bytes":	14494480,
					"bits_per_second":	11595586.211682551,
					"packets":	10010,
					"omitted":	false,
					"sender":	true
				}],
			"sum":	{
				"start":	70.000091,
				"end":	80.000089,
				"seconds":	9.9999980926513672,
				"bytes":	14494480,
				"bits_per_second":	11595586.211682551,
				"packets":	10010,
				"omitted":	false,
				"sender":	true
			}
		}, {
			"streams":	[{
					"socket":	6,
					"start":	80.000089,
					"end":	90.000141,
					"seconds":	10.000052452087402,
					"bytes":	15261920,
					"bits_per_second":	12209471.958770968,
					"packets":	10540,
					"omitted":	false,
					"sender":	true
				}],
			"sum":	{
				"start":	80.000089,
				"end":	90.000141,
				"seconds":	10.000052452087402,
				"bytes":	15261920,
				"bits_per_second":	12209471.958770968,
				"packets":	10540,
				"omitted":	false,
				"sender":	true
			}
		}, {
			"streams":	[{
					"socket":	6,
					"start":	90.000141,
					"end":	100.000079,
					"seconds":	9.9999380111694336,
					"bytes":	20518160,
					"bits_per_second":	16414629.752370253,
					"packets":	14170,
					"omitted":	false,
					"sender":	true
				}],
			"sum":	{
				"start":	90.000141,
				"end":	100.000079,
				"seconds":	9.9999380111694336,
				"bytes":	20518160,
				"bits_per_second":	16414629.752370253,
				"packets":	14170,
				"omitted":	false,
				"sender":	true
			}
		}, {
			"streams":	[{
					"socket":	6,
					"start":	100.000079,
					"end":	110.000092,
					"seconds":	10.00001335144043,
					"bytes":	12019848,
					"bits_per_second":	9615865.561434377,
					"packets":	8301,
					"omitted":	false,
					"sender":	true
				}],
			"sum":	{
				"start":	100.000079,
				"end":	110.000092,
				"seconds":	10.00001335144043,
				"bytes":	12019848,
				"bits_per_second":	9615865.561434377,
				"packets":	8301,
				"omitted":	false,
				"sender":	true
			}
		}, {
			"streams":	[{
					"socket":	6,
					"start":	110.000092,
					"end":	120.000165,
					"seconds":	10.000073432922363,
					"bytes":	19067264,
					"bits_per_second":	15253699.18762918,
					"packets":	13168,
					"omitted":	false,
					"sender":	true
				}],
			"sum":	{
				"start":	110.000092,
				"end":	120.000165,
				"seconds":	10.000073432922363,
				"bytes":	19067264,
				"bits_per_second":	15253699.18762918,
				"packets":	13168,
				"omitted":	false,
				"sender":	true
			}
		}, {
			"streams":	[{
					"socket":	6,
					"start":	120.000165,
					"end":	130.000129,
					"seconds":	9.9999637603759766,
					"bytes":	18081176,
					"bits_per_second":	14464993.220591582,
					"packets":	12487,
					"omitted":	false,
					"sender":	true
				}],
			"sum":	{
				"start":	120.000165,
				"end":	130.000129,
				"seconds":	9.9999637603759766,
				"bytes":	18081176,
				"bits_per_second":	14464993.220591582,
				"packets":	12487,
				"omitted":	false,
				"sender":	true
			}
		}, {
			"streams":	[{
					"socket":	6,
					"start":	130.000129,
					"end":	140.000089,
					"seconds":	9.9999599456787109,
					"bytes":	22384632,
					"bits_per_second":	17907777.328386668,
					"packets":	15459,
					"omitted":	false,
					"sender":	true
				}],
			"sum":	{
				"start":	130.000129,
				"end":	140.000089,
				"seconds":	9.9999599456787109,
				"bytes":	22384632,
				"bits_per_second":	17907777.328386668,
				"packets":	15459,
				"omitted":	false,
				"sender":	true
			}
		}, {
			"streams":	[{
					"socket":	6,
					"start":	140.000089,
					"end":	150.000128,
					"seconds":	10.000039100646973,
					"bytes":	43645616,
					"bits_per_second":	34916356.27478797,
					"packets":	30142,
					"omitted":	false,
					"sender":	true
				}],
			"sum":	{
				"start":	140.000089,