{
	"start":	{
		"connected":	[{
				"socket":	6,
				"local_host":	"10.20.15.3",
				"local_port":	46255,
				"remote_host":	"10.20.15.2",
				"remote_port":	5201
			}],
		"version":	"iperf 3.7",
		"system_info":	"Linux node2 5.8.0-1006-raspi #9-Ubuntu SMP PREEMPT Fri Oct 16 12:55:30 UTC 2020 aarch64",
		"timestamp":	{
			"time":	"Sun, 08 Aug 2021 11:15:20 GMT",
			"timesecs":	1628421320
		},
		"connecting_to":	{
			"host":	"10.20.15.2",
			"port":	5201
		},
		"cookie":	"fq7y4tgudgjlx3ekuqfwfcx2ztjd3cpxvwth",
		"sock_bufsize":	0,
		"sndbuf_actual":	212992,
		"rcvbuf_actual":	212992,
		"test_start":	{
			"protocol":	"UDP",
			"num_streams":	1,
			"blksize":	1448,
			"omit":	0,
			"duration":	300,
			"bytes":	0,
			"blocks":	0,
			"reverse":	0,
			"tos":	0
		}
	},
	"intervals":	[{
			"streams":	[{
					"socket":	6,
					"start":	0,
					"end":	10.001134,
					"seconds":	10.001133918762207,
					"bytes":	20108376,
					"bits_per_second":	16084876.905628892,
					"packets":	13887,
					"omitted":	false,
					"sender":	true
				}],
			"sum":	{
				"start":	0,
				"end":	10.001134,
				"seconds":	10.001133918762207,
				"bytes":	20108376,
				"bits_per_second":	16084876.905628892,
				"packets":	13887,
				"omitted":	false,
				"sender":	true
			}
		}, {
			"streams":	[{
					"socket":	6,
					"start":	10.001134,
					"end":	20.000046,
					"seconds":	9.99891185760498,
					"bytes":	7874224,
					"bits_per_second":	6300064.7367531424,
					"packets":	5438,
					"omitted":	false,
					"sender":	true
				}],
			"sum":	{
				"start":	10.001134,
				"end":	20.000046,
				"seconds":	9.99891185760498,
				"bytes":	7874224,
				"bits_per_second":	6300064.7367531424,
				"packets":	5438,
				"omitted":	false,
				"sender":	true
			}
		}, {
			"streams":	[{
					"socket":	6,
					"start":	20.000046,
					"end":	30.000101,
					"seconds":	10.000055313110352,
					"bytes":	12578776,
					"bits_per_second":	10062965.138609882,
					"packets":	8687,
					"omitted":	false,
					"sender":	true
				}],
			"sum":	{
				"start":	20.000046,
				"end":	30.000101,
				"seconds":	10.000055313110352,
				"bytes":	12578776,
				"bits_per_second":	10062965.138609882,
				"packets":	8687,
				"omitted":	false,
				"sender":	true
			}
		}, {
			"streams":	[{
					"socket":	6,
					"start":	30.000101,
					"end":	40.00008,
					"seconds":	9.9999790191650391,
					"bytes":	9118056,
					"bits_per_second":	7294460.1043863576,
					"packets":	6297,
					"omitted":	false,
					"sender":	true
				}],
			"sum":	{
				"start":	30.000101,
				"end":	40.00008,
				"seconds":	9.9999790191650391,
				"bytes":	9118056,
				"bits_per_second":	7294460.1043863576,
				"packets":	6297,
				"omitted":	false,
				"sender":	true
			}
		}, {
			"streams":	[{
					"socket":	6,
					"start":	40.00008,
					"end":	50.000099,
					"seconds":	10.000019073486328,
					"bytes":	4448256,
					"bits_per_second":	3558598.012512946,
					"packets":	3072,
					"omitted":	false,
					"sender":	true
				}],
			"sum":	{
				"start":	40.00008,
				"end":	50.000099,
				"seconds":	10.000019073486328,
				"bytes":	4448256,
				"bits_per_second":	3558598.012512946,
				"packets":	3072,
				"omitted":	false,
				"sender":	true
			}
		}, {
			"streams":	[{
					"socket":	6,
					"start":	50.000099,
					"end":	60.000104,
					"seconds":	10.000004768371582,
					"bytes":	19772440,
					"bits_per_second":	15817944.457416316,
					"packets":	13655,
					"omitted":	false,
					"sender":	true
				}],
			"sum":	{
				"start":	50.000099,
				"end":	60.000104,
				"seconds":	10.000004768371582,
				"bytes":	19772440,
				"bits_per_second":	15817944.457416316,
				"packets":	13655,
				"omitted":	false,
				"sender":	true
			}
		}, {
			"streams":	[{
					"socket":	6,
					"start":	60.000104,
					"end":	70.000107,
					"seconds":	10.000002861022949,
					"bytes":	790608,
					"bits_per_second":	632486.21904424124,
					"packets":	546,
					"omitted":	false,
					"sender":	true
				}],
			"sum":	{
				"start":	60.000104,
				"end":	70.000107,
				"seconds":	10.000002861022949,
				"bytes":	790608,
				"bits_per_second":	632486.21904424124,
				"packets":	546,
				"omitted":	false,
				"sender":	true
			}
		}, {
			"streams":	[{
					"socket":	6,
					"start":	70.000107,
					"end":	80.000077,
					"seconds":	9.9999704360961914,
					"bytes":	16749016,
					"bits_per_second":	13399252.413420945,
					"packets":	11567,
					"omitted":	false,
					"sender":	true
				}],
			"sum":	{
				"start":	70.000107,
				"end":	80.000077,
				"seconds":	9.9999704360961914,
				"bytes":	16749016,
				"bits_per_second":	13399252.413420945,
				"packets":	11567,
				"omitted":	false,
				"sender":	true
			}
		}, {
			"streams":	[{
					"socket":	6,
					"start":	80.000077,
					"end":	90.00008,
					"seconds":	10.000002861022949,
					"bytes":	906448,
					"bits_per_second":	725158.192530577,
					"packets":	626,
					"omitted":	false,
					"sender":	true
				}],
			"sum":	{
				"start":	80.000077,
				"end":	90.00008,
				"seconds":	10.000002861022949,
				"bytes":	906448,
				"bits_per_second":	725158.192530577,
				"packets":	626,
				"omitted":	false,
				"sender":	true
			}
		}, {
			"streams":	[{
					"socket":	6,
					"start":	90.00008,
					"end":	100.000077,
					"seconds":	9.99999713897705,
					"bytes":	16025016,
					"bits_per_second":	12820016.467836132,
					"packets":	11067,
					"omitted":	false,
					"sender":	true
				}],
			"sum":	{
				"start":	90.00008,
				"end":	100.000077,
				"seconds":	9.99999713897705,
				"bytes":	16025016,
				"bits_per_second":	12820016.467836132,
				"packets":	11067,
				"omitted":	false,
				"sender":	true
			}
		}, {
			"streams":	[{
					"socket":	6,
					"start":	100.000077,
					"end":	110.000091,
					"seconds":	10.000014305114746,
					"bytes":	873144,
					"bits_per_second":	698514.20076742058,
					"packets":	603,
					"omitted":	false,
					"sender":	true
				}],
			"sum":	{
				"start":	100.000077,
				"end":	110.000091,
				"seconds":	10.000014305114746,
				"bytes":	873144,
				"bits_per_second":	698514.20076742058,
				"packets":	603,
				"omitted":	false,
				"sender":	true
			}
		}, {
			"streams":	[{
					"socket":	6,
					"start":	110.000091,
					"end":	120.000088,
					"seconds":	9.99999713897705,
					"bytes":	12759776,
					"bits_per_second":	10207823.720481792,
					"packets":	8812,
					"omitted":	false,
					"sender":	true
				}],
			"sum":	{
				"start":	110.000091,
				"end":	120.000088,
				"seconds":	9.99999713897705,
				"bytes":	12759776,
				"bits_per_second":	10207823.720481792,
				"packets":	8812,
				"omitted":	false,
				"sender":	true
			}
		}, {
			"streams":	[{
					"socket":	6,
					"start":	120.000088,
					"end":	130.0001,
					"seconds":	10.000012397766113,
					"bytes":	757304,
					"bits_per_second":	605842.44889070175,
					"packets":	523,
					"omitted":	false,
					"sender":	true
				}],
			"sum":	{
				"start":	120.000088,
				"end":	130.0001,
				"seconds":	10.000012397766113,
				"bytes":	757304,
				"bits_per_second":	605842.44889070175,
				"packets":	523,
				"omitted":	false,
				"sender":	true
			}
		}, {
			"streams":	[{
					"socket":	6,
					"start":	130.0001,
					"end":	140.000093,
					"seconds":	9.9999933242797852,
					"bytes":	17646776,
					"bits_per_second":	14117430.224401433,
					"packets":	12187,
					"omitted":	false,
					"sender":	true
				}],
			"sum":	{
				"start":	130.0001,
				"end":	140.000093,
				"seconds":	9.9999933242797852,
				"bytes":	17646776,
				"bits_per_second":	14117430.224401433,
				"packets":	12187,
				"omitted":	false,
				"sender":	true
			}
		}, {
			"streams":	[{
					"socket":	6,
					"start":	140.000093,
					"end":	150.000098,
					"seconds":	10.000004768371582,
					"bytes":	1765112,
					"bits_per_second":	1412088.9266635291,
					"packets":	1219,
					"omitted":	false,
					"sender":	true
				}],
			"sum":	{
				"start":	140.000093,
				"end":	150.000098,
				"seconds":	10.000004768371582,