{
	"start":	{
		"connected":	[{
				"socket":	6,
				"local_host":	"10.20.15.3",
				"local_port":	40983,
				"remote_host":	"10.20.15.2",
				"remote_port":	5201
			}],
		"version":	"iperf 3.7",
		"system_info":	"Linux node2 5.8.0-1006-raspi #9-Ubuntu SMP PREEMPT Fri Oct 16 12:55:30 UTC 2020 aarch64",
		"timestamp":	{
			"time":	"Sun, 08 Aug 2021 13:52:33 GMT",
			"timesecs":	1628430753
		},
		"connecting_to":	{
			"host":	"10.20.15.2",
			"port":	5201
		},
		"cookie":	"4soq7b6ewufz3buh6k6efqxwlgc46ry4ndfk",
		"sock_bufsize":	0,
		"sndbuf_actual":	212992,
		"rcvbuf_actual":	212992,
		"test_start":	{
			"protocol":	"UDP",
			"num_streams":	1,
			"blksize":	1448,
			"omit":	0,
			"duration":	30,
			"bytes":	0,
			"blocks":	0,
			"reverse":	0,
			"tos":	0
		}
	},
	"intervals":	[{
			"streams":	[{
					"socket":	6,
					"start":	0,
					"end":	10.000103,
					"seconds":	10.000102996826172,
					"bytes":	5825304,
					"bits_per_second":	4660195.201468491,
					"packets":	4023,
					"omitted":	false,
					"sender":	true
				}],
			"sum":	{
				"start":	0,
				"end":	10.000103,
				"seconds":	10.000102996826172,
				"bytes":	5825304,
				"bits_per_second":	4660195.201468491,
				"packets":	4023,
				"omitted":	false,
				"sender":	true
			}
		}, {
			"streams":	[{
					"socket":	6,
					"start":	10.000103,
					"end":	20.000078,
					"seconds":	9.9999752044677734,
					"bytes":	1508816,
					"bits_per_second":	1207055.7929590812,
					"packets":	1042,
					"omitted":	false,
					"sender":	true
				}],
			"sum":	{
				"start":	10.000103,
				"end":	20.000078,
				"seconds":	9.9999752044677734,
				"bytes":	1508816,
				"bits_per_second":	1207055.7929590812,
				"packets":	1042,
				"omitted":	false,
				"sender":	true
			}
		}, {
			"streams":	[{
					"socket":	6,
					"start":	20.000078,
					"end":	30.000061,
					"seconds":	9.9999828338623047,
					"bytes":	8220296,
					"bits_per_second":	6576248.0888780216,
					"packets":	5677,
					"omitted":	false,
					"sender":	true
				}],
			"sum":	{
				"start":	20.000078,
				"end":	30.000061,
				"seconds":	9.9999828338623047,
				"bytes":	8220296,
				"bits_per_second":	6576248.0888780216,
				"packets":	5677,
				"omitted":	false,
				"sender":	true
			}
		}],
	"end":	{
		"streams":	[{
				"udp":	{
					"socket":	6,
					"start":	0,
					"end":	30.000061,
					"seconds":	30.000061,
					"bytes":	15554416,
					"bits_per_second":	4147835.8327338072,
					"jitter_ms":	0.27450041351550114,
					"lost_packets":	2084,
					"packets":	10742,
					"lost_percent":	19.400484081176689,
					"out_of_order":	0,
					"sender":	true
				}
			}],
		"sum":	{
			"start":	0,
			"end":	30.003859,
			"seconds":	30.003859,
			"bytes":	15554416,
			"bits_per_second":	4147835.8327338072,
			"jitter_ms":	0.27450041351550114,
			"lost_packets":	2084,
			"packets":	10742,
			"lost_percent":	19.400484081176689,
			"sender":	true
		},
		"cpu_utilization_percent":	{
			"host_total":	6.1310720237861949,
			"host_user":	0.37748480502683868,
			"host_system":	5.75357722075096,
			"remote_total":	1.3377650999775934,
			"remote_user":	0.15139670674351968,
			"remote_system":	1.1863717245879166
		}
	}
}
