{
	"start":	{
		"connected":	[{
				"socket":	6,
				"local_host":	"10.20.15.3",
				"local_port":	34856,
				"remote_host":	"10.20.15.2",
				"remote_port":	5201
			}],
		"version":	"iperf 3.7",
		"system_info":	"Linux node2 5.8.0-1006-raspi #9-Ubuntu SMP PREEMPT Fri Oct 16 12:55:30 UTC 2020 aarch64",
		"timestamp":	{
			"time":	"Sun, 08 Aug 2021 13:12:32 GMT",
			"timesecs":	1628428352
		},
		"connecting_to":	{
			"host":	"10.20.15.2",
			"port":	5201
		},
		"cookie":	"5haj3mcb5xowyxmb6rnbvfcz2ew6n6vpnrqo",
		"sock_bufsize":	0,
		"sndbuf_actual":	212992,
		"rcvbuf_actual":	212992,
		"test_start":	{
			"protocol":	"UDP",
			"num_streams":	1,
			"blksize":	1448,
			"omit":	0,
			"duration":	30,
			"bytes":	0,
			"blocks":	0,
			"reverse":	0,
			"tos":	0
		}
	},
	"intervals":	[{
			"streams":	[{
					"socket":	6,
					"start":	0,
					"end":	10.000094,
					"seconds":	10.000094413757324,
					"bytes":	17473016,
					"bits_per_second":	13978280.825798631,
					"packets":	12067,
					"omitted":	false,
					"sender":	true
				}],
			"sum":	{
				"start":	0,
				"end":	10.000094,
				"seconds":	10.000094413757324,
				"bytes":	17473016,
				"bits_per_second":	13978280.825798631,
				"packets":	12067,
				"omitted":	false,
				"sender":	true
			}
		}, {
			"streams":	[{
					"socket":	6,
					"start":	10.000094,
					"end":	20.000087,
					"seconds":	9.9999933242797852,
					"bytes":	9840608,
					"bits_per_second":	7872491.6554551683,
					"packets":	6796,
					"omitted":	false,
					"sender":	true
				}],
			"sum":	{
				"start":	10.000094,
				"end":	20.000087,
				"seconds":	9.9999933242797852,
				"bytes":	9840608,
				"bits_per_second":	7872491.6554551683,
				"packets":	6796,
				"omitted":	false,
				"sender":	true
			}
		}, {
			"streams":	[{
					"socket":	6,
					"start":	20.000087,
					"end":	30.000096,
					"seconds":	10.000008583068848,
					"bytes":	12764120,
					"bits_per_second":	10211287.235581864,
					"packets":	8815,
					"omitted":	false,
					"sender":	true
				}],
			"sum":	{
				"start":	20.000087,
				"end":	30.000096,
				"seconds":	10.000008583068848,
				"bytes":	12764120,
				"bits_per_second":	10211287.235581864,
				"packets":	8815,
				"omitted":	false,
				"sender":	true
			}
		}],
	"end":	{
		"streams":	[{
				"udp":	{
					"socket":	6,
					"start":	0,
					"end":	30.000096,
					"seconds":	30.000096,
					"bytes":	40077744,
					"bits_per_second":	10687364.200434558,
					"jitter_ms":	1.4742122924294252,
					"lost_packets":	9512,
					"packets":	27678,
					"lost_percent":	34.36664498879977,
					"out_of_order":	0,
					"sender":	true
				}
			}],
		"sum":	{
			"start":	0,
			"end":	30.008734,
			"seconds":	30.008734,
			"bytes":	40077744,
			"bits_per_second":	10687364.200434558,
			"jitter_ms":	1.4742122924294252,
			"lost_packets":	9512,
			"packets":	27678,
			"lost_percent":	34.36664498879977,
			"sender":	true
		},
		"cpu_utilization_percent":	{
			"host_total":	9.1172171354485361,
			"host_user":	0.77112497817522074,
			"host_system":	8.3460821592832453,
			"remote_total":	3.0493953434488978,
			"remote_user":	0.36955332535538449,
			"remote_system":	2.6798420180935136
		}
	}
}
