{
	"start":	{
		"connected":	[{
				"socket":	6,
				"local_host":	"10.20.15.3",
				"local_port":	45751,
				"remote_host":	"10.20.15.2",
				"remote_port":	5201
			}],
		"version":	"iperf 3.7",
		"system_info":	"Linux node2 5.8.0-1006-raspi #9-Ubuntu SMP PREEMPT Fri Oct 16 12:55:30 UTC 2020 aarch64",
		"timestamp":	{
			"time":	"Sun, 08 Aug 2021 11:08:24 GMT",
			"timesecs":	1628420904
		},
		"connecting_to":	{
			"host":	"10.20.15.2",
			"port":	5201
		},
		"cookie":	"oysnuia4tctzexdttyqohgiu2rgcbpv2grz7",
		"sock_bufsize":	0,
		"sndbuf_actual":	212992,
		"rcvbuf_actual":	212992,
		"test_start":	{
			"protocol":	"UDP",
			"num_streams":	1,
			"blksize":	1448,
			"omit":	0,
			"duration":	30,
			"bytes":	0,
			"blocks":	0,
			"reverse":	0,
			"tos":	0
		}
	},
	"intervals":	[{
			"streams":	[{
					"socket":	6,
					"start":	0,
					"end":	10.000082,
					"seconds":	10.000082015991211,
					"bytes":	4467080,
					"bits_per_second":	3573634.6904808632,
					"packets":	3085,
					"omitted":	false,
					"sender":	true
				}],
			"sum":	{
				"start":	0,
				"end":	10.000082,
				"seconds":	10.000082015991211,
				"bytes":	4467080,
				"bits_per_second":	3573634.6904808632,
				"packets":	3085,
				"omitted":	false,
				"sender":	true
			}
		}, {
			"streams":	[{
					"socket":	6,
					"start":	10.000082,
					"end":	20.000075,
					"seconds":	9.9999933242797852,
					"bytes":	1597144,
					"bits_per_second":	1277716.0529674883,
					"packets":	1103,
					"omitted":	false,
					"sender":	true
				}],
			"sum":	{
				"start":	10.000082,
				"end":	20.000075,
				"seconds":	9.9999933242797852,
				"bytes":	1597144,
				"bits_per_second":	1277716.0529674883,
				"packets":	1103,
				"omitted":	false,
				"sender":	true
			}
		}, {
			"streams":	[{
					"socket":	6,
					"start":	20.000075,
					"end":	30.000116,
					"seconds":	10.000041007995605,
					"bytes":	4842112,
					"bits_per_second":	3873673.7148405323,
					"packets":	3344,
					"omitted":	false,
					"sender":	true
				}],
			"sum":	{
				"start":	20.000075,
				"end":	30.000116,
				"seconds":	10.000041007995605,
				"bytes":	4842112,
				"bits_per_second":	3873673.7148405323,
				"packets":	3344,
				"omitted":	false,
				"sender":	true
			}
		}],
	"end":	{
		"streams":	[{
				"udp":	{
					"socket":	6,
					"start":	0,
					"end":	30.000116,
					"seconds":	30.000116,
					"bytes":	10906336,
					"bits_per_second":	2908345.0210659187,
					"jitter_ms":	0.56721176367455561,
					"lost_packets":	3286,
					"packets":	7532,
					"lost_percent":	43.627190653212956,
					"out_of_order":	0,
					"sender":	true
				}
			}],
		"sum":	{
			"start":	0,
			"end":	30.007383,
			"seconds":	30.007383,
			"bytes":	10906336,
			"bits_per_second":	2908345.0210659187,
			"jitter_ms":	0.56721176367455561,
			"lost_packets":	3286,
			"packets":	7532,
			"lost_percent":	43.627190653212956,
			"sender":	true
		},
		"cpu_utilization_percent":	{
			"host_total":	5.5858355531351549,
			"host_user":	0.579446343116658,
			"host_system":	5.0063825446975585,
			"remote_total":	0.69622290272506937,
			"remote_user":	0.02530066146822187,
			"remote_system":	0.67092557248284734
		}
	}
}
