{
	"start":	{
		"connected":	[{
				"socket":	6,
				"local_host":	"10.20.15.3",
				"local_port":	35936,
				"remote_host":	"10.20.15.2",
				"remote_port":	5201
			}],
		"version":	"iperf 3.7",
		"system_info":	"Linux node2 5.8.0-1006-raspi #9-Ubuntu SMP PREEMPT Fri Oct 16 12:55:30 UTC 2020 aarch64",
		"timestamp":	{
			"time":	"Sun, 08 Aug 2021 10:44:35 GMT",
			"timesecs":	1628419475
		},
		"connecting_to":	{
			"host":	"10.20.15.2",
			"port":	5201
		},
		"cookie":	"iinifpmod6f7j5m2awooxxfhorjbuw5x5b6b",
		"sock_bufsize":	0,
		"sndbuf_actual":	212992,
		"rcvbuf_actual":	212992,
		"test_start":	{
			"protocol":	"UDP",
			"num_streams":	1,
			"blksize":	1448,
			"omit":	0,
			"duration":	30,
			"bytes":	0,
			"blocks":	0,
			"reverse":	0,
			"tos":	0
		}
	},
	"intervals":	[{
			"streams":	[{
					"socket":	6,
					"start":	0,
					"end":	10.00012,
					"seconds":	10.000120162963867,
					"bytes":	27422224,
					"bits_per_second":	21937515.592310656,
					"packets":	18938,
					"omitted":	false,
					"sender":	true
				}],
			"sum":	{
				"start":	0,
				"end":	10.00012,
				"seconds":	10.000120162963867,
				"bytes":	27422224,
				"bits_per_second":	21937515.592310656,
				"packets":	18938,
				"omitted":	false,
				"sender":	true
			}
		}, {
			"streams":	[{
					"socket":	6,
					"start":	10.00012,
					"end":	20.000131,
					"seconds":	10.000011444091797,
					"bytes":	27911648,
					"bits_per_second":	22329292.846152291,
					"packets":	19276,
					"omitted":	false,
					"sender":	true
				}],
			"sum":	{
				"start":	10.00012,
				"end":	20.000131,
				"seconds":	10.000011444091797,
				"bytes":	27911648,
				"bits_per_second":	22329292.846152291,
				"packets":	19276,
				"omitted":	false,
				"sender":	true
			}
		}, {
			"streams":	[{
					"socket":	6,
					"start":	20.000131,
					"end":	30.000169,
					"seconds":	10.000038146972656,
					"bytes":	31370920,
					"bits_per_second":	25096640.26391501,
					"packets":	21665,
					"omitted":	false,
					"sender":	true
				}],
			"sum":	{
				"start":	20.000131,
				"end":	30.000169,
				"seconds":	10.000038146972656,
				"bytes":	31370920,
				"bits_per_second":	25096640.26391501,
				"packets":	21665,
				"omitted":	false,
				"sender":	true
			}
		}],
	"end":	{
		"streams":	[{
				"udp":	{
					"socket":	6,
					"start":	0,
					"end":	30.000169,
					"seconds":	30.000169,
					"bytes":	86704792,
					"bits_per_second":	23121147.617535088,
					"jitter_ms":	0.58064695008277256,
					"lost_packets":	11255,
					"packets":	59879,
					"lost_percent":	18.796239082149,
					"out_of_order":	0,
					"sender":	true
				}
			}],
		"sum":	{
			"start":	0,
			"end":	30.002351,
			"seconds":	30.002351,
			"bytes":	86704792,
			"bits_per_second":	23121147.617535088,
			"jitter_ms":	0.58064695008277256,
			"lost_packets":	11255,
			"packets":	59879,
			"lost_percent":	18.796239082149,
			"sender":	true
		},
		"cpu_utilization_percent":	{
			"host_total":	15.46899248987083,
			"host_user":	1.0041588450040404,
			"host_system":	14.464826979623819,
			"remote_total":	8.0843201370118276,
			"remote_user":	0.76353522683655128,
			"remote_system":	7.3207849101752753
		}
	}
}
