{
	"start":	{
		"connected":	[{
				"socket":	6,
				"local_host":	"10.20.15.3",
				"local_port":	55538,
				"remote_host":	"10.20.15.2",
				"remote_port":	5201
			}],
		"version":	"iperf 3.7",
		"system_info":	"Linux node2 5.8.0-1006-raspi #9-Ubuntu SMP PREEMPT Fri Oct 16 12:55:30 UTC 2020 aarch64",
		"timestamp":	{
			"time":	"Sun, 08 Aug 2021 11:06:53 GMT",
			"timesecs":	1628420813
		},
		"connecting_to":	{
			"host":	"10.20.15.2",
			"port":	5201
		},
		"cookie":	"oruecromob5ftizbxv3z3y7ob2flxqr4ngva",
		"sock_bufsize":	0,
		"sndbuf_actual":	212992,
		"rcvbuf_actual":	212992,
		"test_start":	{
			"protocol":	"UDP",
			"num_streams":	1,
			"blksize":	1448,
			"omit":	0,
			"duration":	30,
			"bytes":	0,
			"blocks":	0,
			"reverse":	0,
			"tos":	0
		}
	},
	"intervals":	[{
			"streams":	[{
					"socket":	6,
					"start":	0,
					"end":	10.000089,
					"seconds":	10.000088691711426,
					"bytes":	9616168,
					"bits_per_second":	7692866.1706533553,
					"packets":	6641,
					"omitted":	false,
					"sender":	true
				}],
			"sum":	{
				"start":	0,
				"end":	10.000089,
				"seconds":	10.000088691711426,
				"bytes":	9616168,
				"bits_per_second":	7692866.1706533553,
				"packets":	6641,
				"omitted":	false,
				"sender":	true
			}
		}, {
			"streams":	[{
					"socket":	6,
					"start":	10.000089,
					"end":	20.000087,
					"seconds":	9.9999980926513672,
					"bytes":	1685472,
					"bits_per_second":	1348377.8571826662,
					"packets":	1164,
					"omitted":	false,
					"sender":	true
				}],
			"sum":	{
				"start":	10.000089,
				"end":	20.000087,
				"seconds":	9.9999980926513672,
				"bytes":	1685472,
				"bits_per_second":	1348377.8571826662,
				"packets":	1164,
				"omitted":	false,
				"sender":	true
			}
		}, {
			"streams":	[{
					"socket":	6,
					"start":	20.000087,
					"end":	30.000112,
					"seconds":	10.000024795532227,
					"bytes":	1947560,
					"bits_per_second":	1558044.1367466396,
					"packets":	1345,
					"omitted":	false,
					"sender":	true
				}],
			"sum":	{
				"start":	20.000087,
				"end":	30.000112,
				"seconds":	10.000024795532227,
				"bytes":	1947560,
				"bits_per_second":	1558044.1367466396,
				"packets":	1345,
				"omitted":	false,
				"sender":	true
			}
		}],
	"end":	{
		"streams":	[{
				"udp":	{
					"socket":	6,
					"start":	0,
					"end":	30.000112,
					"seconds":	30.000112,
					"bytes":	13249200,
					"bits_per_second":	3533106.8097345768,
					"jitter_ms":	3.05334319712881,
					"lost_packets":	3341,
					"packets":	9150,
					"lost_percent":	36.513661202185794,
					"out_of_order":	0,
					"sender":	true
				}
			}],
		"sum":	{
			"start":	0,
			"end":	30.018039,
			"seconds":	30.018039,
			"bytes":	13249200,
			"bits_per_second":	3533106.8097345768,
			"jitter_ms":	3.05334319712881,
			"lost_packets":	3341,
			"packets":	9150,
			"lost_percent":	36.513661202185794,
			"sender":	true
		},
		"cpu_utilization_percent":	{
			"host_total":	5.8545492294492725,
			"host_user":	0.54073437057652129,
			"host_system":	5.3138148588727514,
			"remote_total":	0.91196006734689494,
			"remote_user":	0.070203793781849808,
			"remote_system":	0.84175627356504523
		}
	}
}
