{
	"start":	{
		"connected":	[{
				"socket":	6,
				"local_host":	"10.20.15.3",
				"local_port":	49308,
				"remote_host":	"10.20.15.2",
				"remote_port":	5201
			}],
		"version":	"iperf 3.7",
		"system_info":	"Linux node2 5.8.0-1006-raspi #9-Ubuntu SMP PREEMPT Fri Oct 16 12:55:30 UTC 2020 aarch64",
		"timestamp":	{
			"time":	"Sun, 08 Aug 2021 10:49:05 GMT",
			"timesecs":	1628419745
		},
		"connecting_to":	{
			"host":	"10.20.15.2",
			"port":	5201
		},
		"cookie":	"dqyx6lgt3vjzm7zp63lbnlwfl655xukn7lrr",
		"sock_bufsize":	0,
		"sndbuf_actual":	212992,
		"rcvbuf_actual":	212992,
		"test_start":	{
			"protocol":	"UDP",
			"num_streams":	1,
			"blksize":	1448,
			"omit":	0,
			"duration":	30,
			"bytes":	0,
			"blocks":	0,
			"reverse":	0,
			"tos":	0
		}
	},
	"intervals":	[{
			"streams":	[{
					"socket":	6,
					"start":	0,
					"end":	10.00009,
					"seconds":	10.000089645385742,
					"bytes":	3473752,
					"bits_per_second":	2778976.6877562855,
					"packets":	2399,
					"omitted":	false,
					"sender":	true
				}],
			"sum":	{
				"start":	0,
				"end":	10.00009,
				"seconds":	10.000089645385742,
				"bytes":	3473752,
				"bits_per_second":	2778976.6877562855,
				"packets":	2399,
				"omitted":	false,
				"sender":	true
			}
		}, {
			"streams":	[{
					"socket":	6,
					"start":	10.00009,
					"end":	20.00009,
					"seconds":	10,
					"bytes":	1963488,
					"bits_per_second":	1570790.4,
					"packets":	1356,
					"omitted":	false,
					"sender":	true
				}],
			"sum":	{
				"start":	10.00009,
				"end":	20.00009,
				"seconds":	10,
				"bytes":	1963488,
				"bits_per_second":	1570790.4,
				"packets":	1356,
				"omitted":	false,
				"sender":	true
			}
		}, {
			"streams":	[{
					"socket":	6,
					"start":	20.00009,
					"end":	30.000123,
					"seconds":	10.000033378601074,
					"bytes":	7154568,
					"bits_per_second":	5723635.2953060782,
					"packets":	4941,
					"omitted":	false,
					"sender":	true
				}],
			"sum":	{
				"start":	20.00009,
				"end":	30.000123,
				"seconds":	10.000033378601074,
				"bytes":	7154568,
				"bits_per_second":	5723635.2953060782,
				"packets":	4941,
				"omitted":	false,
				"sender":	true
			}
		}],
	"end":	{
		"streams":	[{
				"udp":	{
					"socket":	6,
					"start":	0,
					"end":	30.000123,
					"seconds":	30.000123,
					"bytes":	12591808,
					"bits_per_second":	3357801.6996796983,
					"jitter_ms":	0.24568849674935778,
					"lost_packets":	3900,
					"packets":	8696,
					"lost_percent":	44.848206071757133,
					"out_of_order":	0,
					"sender":	true
				}
			}],
		"sum":	{
			"start":	0,
			"end":	30.002211,
			"seconds":	30.002211,
			"bytes":	12591808,
			"bits_per_second":	3357801.6996796983,
			"jitter_ms":	0.24568849674935778,
			"lost_packets":	3900,
			"packets":	8696,
			"lost_percent":	44.848206071757133,
			"sender":	true
		},
		"cpu_utilization_percent":	{
			"host_total":	5.7085753831666315,
			"host_user":	0.82827555945765641,
			"host_system":	4.8803031561795311,
			"remote_total":	0.727282564411475,
			"remote_user":	0.0940794511109181,
			"remote_system":	0.63319645021396675
		}
	}
}
