{
	"start":	{
		"connected":	[{
				"socket":	6,
				"local_host":	"10.20.15.3",
				"local_port":	42486,
				"remote_host":	"10.20.15.2",
				"remote_port":	5201
			}],
		"version":	"iperf 3.7",
		"system_info":	"Linux node2 5.8.0-1006-raspi #9-Ubuntu SMP PREEMPT Fri Oct 16 12:55:30 UTC 2020 aarch64",
		"timestamp":	{
			"time":	"Sun, 08 Aug 2021 11:12:55 GMT",
			"timesecs":	1628421175
		},
		"connecting_to":	{
			"host":	"10.20.15.2",
			"port":	5201
		},
		"cookie":	"qhx4arlohhi7xsauvrbspdam3wo6pu4lx3md",
		"sock_bufsize":	0,
		"sndbuf_actual":	212992,
		"rcvbuf_actual":	212992,
		"test_start":	{
			"protocol":	"UDP",
			"num_streams":	1,
			"blksize":	1448,
			"omit":	0,
			"duration":	30,
			"bytes":	0,
			"blocks":	0,
			"reverse":	0,
			"tos":	0
		}
	},
	"intervals":	[{
			"streams":	[{
					"socket":	6,
					"start":	0,
					"end":	10.000096,
					"seconds":	10.000096321105957,
					"bytes":	1450896,
					"bits_per_second":	1160705.6199550997,
					"packets":	1002,
					"omitted":	false,
					"sender":	true
				}],
			"sum":	{
				"start":	0,
				"end":	10.000096,
				"seconds":	10.000096321105957,
				"bytes":	1450896,
				"bits_per_second":	1160705.6199550997,
				"packets":	1002,
				"omitted":	false,
				"sender":	true
			}
		}, {
			"streams":	[{
					"socket":	6,
					"start":	10.000096,
					"end":	20.000086,
					"seconds":	9.9999904632568359,
					"bytes":	1080208,
					"bits_per_second":	864167.22413408675,
					"packets":	746,
					"omitted":	false,
					"sender":	true
				}],
			"sum":	{
				"start":	10.000096,
				"end":	20.000086,
				"seconds":	9.9999904632568359,
				"bytes":	1080208,
				"bits_per_second":	864167.22413408675,
				"packets":	746,
				"omitted":	false,
				"sender":	true
			}
		}, {
			"streams":	[{
					"socket":	6,
					"start":	20.000086,
					"end":	30.000095,
					"seconds":	10.000008583068848,
					"bytes":	7548424,
					"bits_per_second":	6038734.0169130182,
					"packets":	5213,
					"omitted":	false,
					"sender":	true
				}],
			"sum":	{
				"start":	20.000086,
				"end":	30.000095,
				"seconds":	10.000008583068848,
				"bytes":	7548424,
				"bits_per_second":	6038734.0169130182,
				"packets":	5213,
				"omitted":	false,
				"sender":	true
			}
		}],
	"end":	{
		"streams":	[{
				"udp":	{
					"socket":	6,
					"start":	0,
					"end":	30.000095,
					"seconds":	30.000095,
					"bytes":	10079528,
					"bits_per_second":	2687865.6217588643,
					"jitter_ms":	0.42922237636842814,
					"lost_packets":	2215,
					"packets":	6961,
					"lost_percent":	31.820140784370061,
					"out_of_order":	0,
					"sender":	true
				}
			}],
		"sum":	{
			"start":	0,
			"end":	30.006648,
			"seconds":	30.006648,
			"bytes":	10079528,
			"bits_per_second":	2687865.6217588643,
			"jitter_ms":	0.42922237636842814,
			"lost_packets":	2215,
			"packets":	6961,
			"lost_percent":	31.820140784370061,
			"sender":	true
		},
		"cpu_utilization_percent":	{
			"host_total":	5.4409013069394545,
			"host_user":	0.65295814826920151,
			"host_system":	4.7879364931453905,
			"remote_total":	0.72592509254247672,
			"remote_user":	0.061195953579934979,
			"remote_system":	0.664732469535829
		}
	}
}
