{
	"start":	{
		"connected":	[{
				"socket":	6,
				"local_host":	"10.20.15.3",
				"local_port":	48110,
				"remote_host":	"10.20.15.2",
				"remote_port":	5201
			}],
		"version":	"iperf 3.7",
		"system_info":	"Linux node2 5.8.0-1006-raspi #9-Ubuntu SMP PREEMPT Fri Oct 16 12:55:30 UTC 2020 aarch64",
		"timestamp":	{
			"time":	"Sun, 08 Aug 2021 12:19:07 GMT",
			"timesecs":	1628425147
		},
		"connecting_to":	{
			"host":	"10.20.15.2",
			"port":	5201
		},
		"cookie":	"fedstttn3vcaeg2dcrci3lir4xwbchnrrisq",
		"sock_bufsize":	0,
		"sndbuf_actual":	212992,
		"rcvbuf_actual":	212992,
		"test_start":	{
			"protocol":	"UDP",
			"num_streams":	1,
			"blksize":	1448,
			"omit":	0,
			"duration":	30,
			"bytes":	0,
			"blocks":	0,
			"reverse":	0,
			"tos":	0
		}
	},
	"intervals":	[{
			"streams":	[{
					"socket":	6,
					"start":	0,
					"end":	10.000088,
					"seconds":	10.000087738037109,
					"bytes":	10870136,
					"bits_per_second":	8696032.5027177576,
					"packets":	7507,
					"omitted":	false,
					"sender":	true
				}],
			"sum":	{
				"start":	0,
				"end":	10.000088,
				"seconds":	10.000087738037109,
				"bytes":	10870136,
				"bits_per_second":	8696032.5027177576,
				"packets":	7507,
				"omitted":	false,
				"sender":	true
			}
		}, {
			"streams":	[{
					"socket":	6,
					"start":	10.000088,
					"end":	20.0001,
					"seconds":	10.000012397766113,
					"bytes":	857216,
					"bits_per_second":	685771.94979597593,
					"packets":	592,
					"omitted":	false,
					"sender":	true
				}],
			"sum":	{
				"start":	10.000088,
				"end":	20.0001,
				"seconds":	10.000012397766113,
				"bytes":	857216,
				"bits_per_second":	685771.94979597593,
				"packets":	592,
				"omitted":	false,
				"sender":	true
			}
		}, {
			"streams":	[{
					"socket":	6,
					"start":	20.0001,
					"end":	30.000031,
					"seconds":	9.9999313354492188,
					"bytes":	2568752,
					"bits_per_second":	2055015.7106730621,
					"packets":	1774,
					"omitted":	false,
					"sender":	true
				}],
			"sum":	{
				"start":	20.0001,
				"end":	30.000031,
				"seconds":	9.9999313354492188,
				"bytes":	2568752,
				"bits_per_second":	2055015.7106730621,
				"packets":	1774,
				"omitted":	false,
				"sender":	true
			}
		}],
	"end":	{
		"streams":	[{
				"udp":	{
					"socket":	6,
					"start":	0,
					"end":	30.000031,
					"seconds":	30.000031,
					"bytes":	14296104,
					"bits_per_second":	3812290.4606331908,
					"jitter_ms":	0.57690553930990229,
					"lost_packets":	1911,
					"packets":	9873,
					"lost_percent":	19.355818900030386,
					"out_of_order":	0,
					"sender":	true
				}
			}],
		"sum":	{
			"start":	0,
			"end":	30.005587,
			"seconds":	30.005587,
			"bytes":	14296104,
			"bits_per_second":	3812290.4606331908,
			"jitter_ms":	0.57690553930990229,
			"lost_packets":	1911,
			"packets":	9873,
			"lost_percent":	19.355818900030386,
			"sender":	true
		},
		"cpu_utilization_percent":	{
			"host_total":	6.0889160344541606,
			"host_user":	0.60252023844861824,
			"host_system":	5.4863824653956534,
			"remote_total":	1.2419600860220326,
			"remote_user":	0.042767165530317522,
			"remote_system":	1.1991829266066403
		}
	}
}
