{
	"start":	{
		"connected":	[{
				"socket":	6,
				"local_host":	"10.20.15.3",
				"local_port":	49085,
				"remote_host":	"10.20.15.2",
				"remote_port":	5201
			}],
		"version":	"iperf 3.7",
		"system_info":	"Linux node2 5.8.0-1006-raspi #9-Ubuntu SMP PREEMPT Fri Oct 16 12:55:30 UTC 2020 aarch64",
		"timestamp":	{
			"time":	"Sun, 08 Aug 2021 11:06:23 GMT",
			"timesecs":	1628420783
		},
		"connecting_to":	{
			"host":	"10.20.15.2",
			"port":	5201
		},
		"cookie":	"5l7o7722wwb5onaigembutd2ybieyv2idl4g",
		"sock_bufsize":	0,
		"sndbuf_actual":	212992,
		"rcvbuf_actual":	212992,
		"test_start":	{
			"protocol":	"UDP",
			"num_streams":	1,
			"blksize":	1448,
			"omit":	0,
			"duration":	30,
			"bytes":	0,
			"blocks":	0,
			"reverse":	0,
			"tos":	0
		}
	},
	"intervals":	[{
			"streams":	[{
					"socket":	6,
					"start":	0,
					"end":	10.000076,
					"seconds":	10.000076293945312,
					"bytes":	9255616,
					"bits_per_second":	7404436.30863412,
					"packets":	6392,
					"omitted":	false,
					"sender":	true
				}],
			"sum":	{
				"start":	0,
				"end":	10.000076,
				"seconds":	10.000076293945312,
				"bytes":	9255616,
				"bits_per_second":	7404436.30863412,
				"packets":	6392,
				"omitted":	false,
				"sender":	true
			}
		}, {
			"streams":	[{
					"socket":	6,
					"start":	10.000076,
					"end":	20.000333,
					"seconds":	10.000256538391113,
					"bytes":	1801312,
					"bits_per_second":	1441012.6324937686,
					"packets":	1244,
					"omitted":	false,
					"sender":	true
				}],
			"sum":	{
				"start":	10.000076,
				"end":	20.000333,
				"seconds":	10.000256538391113,
				"bytes":	1801312,
				"bits_per_second":	1441012.6324937686,
				"packets":	1244,
				"omitted":	false,
				"sender":	true
			}
		}, {
			"streams":	[{
					"socket":	6,
					"start":	20.000333,
					"end":	30.000113,
					"seconds":	9.99977970123291,
					"bytes":	1737600,
					"bits_per_second":	1390110.6239656578,
					"packets":	1200,
					"omitted":	false,
					"sender":	true
				}],
			"sum":	{
				"start":	20.000333,
				"end":	30.000113,
				"seconds":	9.99977970123291,
				"bytes":	1737600,
				"bits_per_second":	1390110.6239656578,
				"packets":	1200,
				"omitted":	false,
				"sender":	true
			}
		}],
	"end":	{
		"streams":	[{
				"udp":	{
					"socket":	6,
					"start":	0,
					"end":	30.000113,
					"seconds":	30.000113,
					"bytes":	12794528,
					"bits_per_second":	3411861.2819891712,
					"jitter_ms":	6.3350037992650119,
					"lost_packets":	3250,
					"packets":	8836,
					"lost_percent":	36.781349026708916,
					"out_of_order":	0,
					"sender":	true
				}
			}],
		"sum":	{
			"start":	0,
			"end":	30.025225,
			"seconds":	30.025225,
			"bytes":	12794528,
			"bits_per_second":	3411861.2819891712,
			"jitter_ms":	6.3350037992650119,
			"lost_packets":	3250,
			"packets":	8836,
			"lost_percent":	36.781349026708916,
			"sender":	true
		},
		"cpu_utilization_percent":	{
			"host_total":	5.7905587426192078,
			"host_user":	0.71592987790657237,
			"host_system":	5.0746255329776462,
			"remote_total":	0.905719386039105,
			"remote_user":	0.10854521588001033,
			"remote_system":	0.79717749823562023
		}
	}
}
