{
	"start":	{
		"connected":	[{
				"socket":	6,
				"local_host":	"10.20.15.3",
				"local_port":	50296,
				"remote_host":	"10.20.15.2",
				"remote_port":	5201
			}],
		"version":	"iperf 3.7",
		"system_info":	"Linux node2 5.8.0-1006-raspi #9-Ubuntu SMP PREEMPT Fri Oct 16 12:55:30 UTC 2020 aarch64",
		"timestamp":	{
			"time":	"Sun, 08 Aug 2021 13:14:02 GMT",
			"timesecs":	1628428442
		},
		"connecting_to":	{
			"host":	"10.20.15.2",
			"port":	5201
		},
		"cookie":	"e6dd5odflwednwnjeydgwhg46zucvrgrbrf4",
		"sock_bufsize":	0,
		"sndbuf_actual":	212992,
		"rcvbuf_actual":	212992,
		"test_start":	{
			"protocol":	"UDP",
			"num_streams":	1,
			"blksize":	1448,
			"omit":	0,
			"duration":	30,
			"bytes":	0,
			"blocks":	0,
			"reverse":	0,
			"tos":	0
		}
	},
	"intervals":	[{
			"streams":	[{
					"socket":	6,
					"start":	0,
					"end":	10.00009,
					"seconds":	10.000089645385742,
					"bytes":	17565688,
					"bits_per_second":	14052424.426499167,
					"packets":	12131,
					"omitted":	false,
					"sender":	true
				}],
			"sum":	{
				"start":	0,
				"end":	10.00009,
				"seconds":	10.000089645385742,
				"bytes":	17565688,
				"bits_per_second":	14052424.426499167,
				"packets":	12131,
				"omitted":	false,
				"sender":	true
			}
		}, {
			"streams":	[{
					"socket":	6,
					"start":	10.00009,
					"end":	20.000079,
					"seconds":	9.9999885559082031,
					"bytes":	14766704,
					"bits_per_second":	11813376.719336761,
					"packets":	10198,
					"omitted":	false,
					"sender":	true
				}],
			"sum":	{
				"start":	10.00009,
				"end":	20.000079,
				"seconds":	9.9999885559082031,
				"bytes":	14766704,
				"bits_per_second":	11813376.719336761,
				"packets":	10198,
				"omitted":	false,
				"sender":	true
			}
		}, {
			"streams":	[{
					"socket":	6,
					"start":	20.000079,
					"end":	30.000178,
					"seconds":	10.000099182128906,
					"bytes":	11802648,
					"bits_per_second":	9442024.75198839,
					"packets":	8151,
					"omitted":	false,
					"sender":	true
				}],
			"sum":	{
				"start":	20.000079,
				"end":	30.000178,
				"seconds":	10.000099182128906,
				"bytes":	11802648,
				"bits_per_second":	9442024.75198839,
				"packets":	8151,
				"omitted":	false,
				"sender":	true
			}
		}],
	"end":	{
		"streams":	[{
				"udp":	{
					"socket":	6,
					"start":	0,
					"end":	30.000178,
					"seconds":	30.000178,
					"bytes":	44135040,
					"bits_per_second":	11769274.168973265,
					"jitter_ms":	0.48921099407885354,
					"lost_packets":	11304,
					"packets":	30480,
					"lost_percent":	37.086614173228348,
					"out_of_order":	0,
					"sender":	true
				}
			}],
		"sum":	{
			"start":	0,
			"end":	30.003923,
			"seconds":	30.003923,
			"bytes":	44135040,
			"bits_per_second":	11769274.168973265,
			"jitter_ms":	0.48921099407885354,
			"lost_packets":	11304,
			"packets":	30480,
			"lost_percent":	37.086614173228348,
			"sender":	true
		},
		"cpu_utilization_percent":	{
			"host_total":	9.4797686011975184,
			"host_user":	0.61263602117978622,
			"host_system":	8.8671325800177314,
			"remote_total":	3.2786221154848771,
			"remote_user":	0.26841577327442123,
			"remote_system":	3.01020967358827
		}
	}
}
