{
	"start":	{
		"connected":	[{
				"socket":	6,
				"local_host":	"10.20.15.3",
				"local_port":	60750,
				"remote_host":	"10.20.15.2",
				"remote_port":	5201
			}],
		"version":	"iperf 3.7",
		"system_info":	"Linux node2 5.8.0-1006-raspi #9-Ubuntu SMP PREEMPT Fri Oct 16 12:55:30 UTC 2020 aarch64",
		"timestamp":	{
			"time":	"Sun, 08 Aug 2021 13:50:03 GMT",
			"timesecs":	1628430603
		},
		"connecting_to":	{
			"host":	"10.20.15.2",
			"port":	5201
		},
		"cookie":	"ceysnsjqeynpqvaalittsztlltnmgl5mqnwq",
		"sock_bufsize":	0,
		"sndbuf_actual":	212992,
		"rcvbuf_actual":	212992,
		"test_start":	{
			"protocol":	"UDP",
			"num_streams":	1,
			"blksize":	1448,
			"omit":	0,
			"duration":	30,
			"bytes":	0,
			"blocks":	0,
			"reverse":	0,
			"tos":	0
		}
	},
	"intervals":	[{
			"streams":	[{
					"socket":	6,
					"start":	0,
					"end":	10.000824,
					"seconds":	10.000823974609375,
					"bytes":	5214248,
					"bits_per_second":	4171054.7156819962,
					"packets":	3601,
					"omitted":	false,
					"sender":	true
				}],
			"sum":	{
				"start":	0,
				"end":	10.000824,
				"seconds":	10.000823974609375,
				"bytes":	5214248,
				"bits_per_second":	4171054.7156819962,
				"packets":	3601,
				"omitted":	false,
				"sender":	true
			}
		}, {
			"streams":	[{
					"socket":	6,
					"start":	10.000824,
					"end":	20.000117,
					"seconds":	9.999293327331543,
					"bytes":	697936,
					"bits_per_second":	558388.25977215683,
					"packets":	482,
					"omitted":	false,
					"sender":	true
				}],
			"sum":	{
				"start":	10.000824,
				"end":	20.000117,
				"seconds":	9.999293327331543,
				"bytes":	697936,
				"bits_per_second":	558388.25977215683,
				"packets":	482,
				"omitted":	false,
				"sender":	true
			}
		}, {
			"streams":	[{
					"socket":	6,
					"start":	20.000117,
					"end":	30.000101,
					"seconds":	9.9999837875366211,
					"bytes":	8582296,
					"bits_per_second":	6865847.9312308151,
					"packets":	5927,
					"omitted":	false,
					"sender":	true
				}],
			"sum":	{
				"start":	20.000117,
				"end":	30.000101,
				"seconds":	9.9999837875366211,
				"bytes":	8582296,
				"bits_per_second":	6865847.9312308151,
				"packets":	5927,
				"omitted":	false,
				"sender":	true
			}
		}],
	"end":	{
		"streams":	[{
				"udp":	{
					"socket":	6,
					"start":	0,
					"end":	30.000101,
					"seconds":	30.000101,
					"bytes":	14494480,
					"bits_per_second":	3865181.6538884318,
					"jitter_ms":	0.25390678468700245,
					"lost_packets":	1628,
					"packets":	10010,
					"lost_percent":	16.263736263736263,
					"out_of_order":	0,
					"sender":	true
				}
			}],
		"sum":	{
			"start":	0,
			"end":	30.003038,
			"seconds":	30.003038,
			"bytes":	14494480,
			"bits_per_second":	3865181.6538884318,
			"jitter_ms":	0.25390678468700245,
			"lost_packets":	1628,
			"packets":	10010,
			"lost_percent":	16.263736263736263,
			"sender":	true
		},
		"cpu_utilization_percent":	{
			"host_total":	5.9588378676154479,
			"host_user":	0.49607381402922457,
			"host_system":	5.4627573883014922,
			"remote_total":	1.2612670121288463,
			"remote_user":	0.13697459035225523,
			"remote_system":	1.1242890901153073
		}
	}
}
