{
	"start":	{
		"connected":	[{
				"socket":	6,
				"local_host":	"10.20.15.3",
				"local_port":	57536,
				"remote_host":	"10.20.15.2",
				"remote_port":	5201
			}],
		"version":	"iperf 3.7",
		"system_info":	"Linux node2 5.8.0-1006-raspi #9-Ubuntu SMP PREEMPT Fri Oct 16 12:55:30 UTC 2020 aarch64",
		"timestamp":	{
			"time":	"Sun, 08 Aug 2021 10:44:05 GMT",
			"timesecs":	1628419445
		},
		"connecting_to":	{
			"host":	"10.20.15.2",
			"port":	5201
		},
		"cookie":	"jycwcnqizzygtu62gm5hs7g7by6widcugbi4",
		"sock_bufsize":	0,
		"sndbuf_actual":	212992,
		"rcvbuf_actual":	212992,
		"test_start":	{
			"protocol":	"UDP",
			"num_streams":	1,
			"blksize":	1448,
			"omit":	0,
			"duration":	30,
			"bytes":	0,
			"blocks":	0,
			"reverse":	0,
			"tos":	0
		}
	},
	"intervals":	[{
			"streams":	[{
					"socket":	6,
					"start":	0,
					"end":	10.001229,
					"seconds":	10.001229286193848,
					"bytes":	27477248,
					"bits_per_second":	21979096.540007014,
					"packets":	18976,
					"omitted":	false,
					"sender":	true
				}],
			"sum":	{
				"start":	0,
				"end":	10.001229,
				"seconds":	10.001229286193848,
				"bytes":	27477248,
				"bits_per_second":	21979096.540007014,
				"packets":	18976,
				"omitted":	false,
				"sender":	true
			}
		}, {
			"streams":	[{
					"socket":	6,
					"start":	10.001229,
					"end":	20.000079,
					"seconds":	9.9988498687744141,
					"bytes":	28557456,
					"bits_per_second":	22848592.687991116,
					"packets":	19722,
					"omitted":	false,
					"sender":	true
				}],
			"sum":	{
				"start":	10.001229,
				"end":	20.000079,
				"seconds":	9.9988498687744141,
				"bytes":	28557456,
				"bits_per_second":	22848592.687991116,
				"packets":	19722,
				"omitted":	false,
				"sender":	true
			}
		}, {
			"streams":	[{
					"socket":	6,
					"start":	20.000079,
					"end":	30.000224,
					"seconds":	10.000144958496094,
					"bytes":	33503824,
					"bits_per_second":	26802670.6725168,
					"packets":	23138,
					"omitted":	false,
					"sender":	true
				}],
			"sum":	{
				"start":	20.000079,
				"end":	30.000224,
				"seconds":	10.000144958496094,
				"bytes":	33503824,
				"bits_per_second":	26802670.6725168,
				"packets":	23138,
				"omitted":	false,
				"sender":	true
			}
		}],
	"end":	{
		"streams":	[{
				"udp":	{
					"socket":	6,
					"start":	0,
					"end":	30.000224,
					"seconds":	30.000224,
					"bytes":	89538528,
					"bits_per_second":	23876762.520173185,
					"jitter_ms":	0.29734755645061539,
					"lost_packets":	11657,
					"packets":	61836,
					"lost_percent":	18.851478103370205,
					"out_of_order":	0,
					"sender":	true
				}
			}],
		"sum":	{
			"start":	0,
			"end":	30.003089,
			"seconds":	30.003089,
			"bytes":	89538528,
			"bits_per_second":	23876762.520173185,
			"jitter_ms":	0.29734755645061539,
			"lost_packets":	11657,
			"packets":	61836,
			"lost_percent":	18.851478103370205,
			"sender":	true
		},
		"cpu_utilization_percent":	{
			"host_total":	15.84404307027908,
			"host_user":	1.4569139240955185,
			"host_system":	14.387125813519869,
			"remote_total":	8.3338888499666339,
			"remote_user":	0.79359090715716307,
			"remote_system":	7.5403012742435536
		}
	}
}
