{
	"start":	{
		"connected":	[{
				"socket":	6,
				"local_host":	"10.20.15.3",
				"local_port":	38722,
				"remote_host":	"10.20.15.2",
				"remote_port":	5201
			}],
		"version":	"iperf 3.7",
		"system_info":	"Linux node2 5.8.0-1006-raspi #9-Ubuntu SMP PREEMPT Fri Oct 16 12:55:30 UTC 2020 aarch64",
		"timestamp":	{
			"time":	"Sun, 08 Aug 2021 11:23:54 GMT",
			"timesecs":	1628421834
		},
		"connecting_to":	{
			"host":	"10.20.15.2",
			"port":	5201
		},
		"cookie":	"a7wjrvlkgg2wtpcm6evtt2iubjafmne4icgx",
		"sock_bufsize":	0,
		"sndbuf_actual":	212992,
		"rcvbuf_actual":	212992,
		"test_start":	{
			"protocol":	"UDP",
			"num_streams":	1,
			"blksize":	1448,
			"omit":	0,
			"duration":	30,
			"bytes":	0,
			"blocks":	0,
			"reverse":	0,
			"tos":	0
		}
	},
	"intervals":	[{
			"streams":	[{
					"socket":	6,
					"start":	0,
					"end":	10.000667,
					"seconds":	10.000666618347168,
					"bytes":	5875984,
					"bits_per_second":	4700473.8577886019,
					"packets":	4058,
					"omitted":	false,
					"sender":	true
				}],
			"sum":	{
				"start":	0,
				"end":	10.000667,
				"seconds":	10.000666618347168,
				"bytes":	5875984,
				"bits_per_second":	4700473.8577886019,
				"packets":	4058,
				"omitted":	false,
				"sender":	true
			}
		}, {
			"streams":	[{
					"socket":	6,
					"start":	10.000667,
					"end":	20.000088,
					"seconds":	9.9994211196899414,
					"bytes":	863008,
					"bits_per_second":	690446.36858079233,
					"packets":	596,
					"omitted":	false,
					"sender":	true
				}],
			"sum":	{
				"start":	10.000667,
				"end":	20.000088,
				"seconds":	9.9994211196899414,
				"bytes":	863008,
				"bits_per_second":	690446.36858079233,
				"packets":	596,
				"omitted":	false,
				"sender":	true
			}
		}, {
			"streams":	[{
					"socket":	6,
					"start":	20.000088,
					"end":	30.000127,
					"seconds":	10.000039100646973,
					"bytes":	1737600,
					"bits_per_second":	1390074.5647185179,
					"packets":	1200,
					"omitted":	false,
					"sender":	true
				}],
			"sum":	{
				"start":	20.000088,
				"end":	30.000127,
				"seconds":	10.000039100646973,
				"bytes":	1737600,
				"bits_per_second":	1390074.5647185179,
				"packets":	1200,
				"omitted":	false,
				"sender":	true
			}
		}],
	"end":	{
		"streams":	[{
				"udp":	{
					"socket":	6,
					"start":	0,
					"end":	30.000127,
					"seconds":	30.000127,
					"bytes":	8476592,
					"bits_per_second":	2260414.964243318,
					"jitter_ms":	3.4518759738402833,
					"lost_packets":	1864,
					"packets":	5854,
					"lost_percent":	31.841475913905022,
					"out_of_order":	0,
					"sender":	true
				}
			}],
		"sum":	{
			"start":	0,
			"end":	30.016079,
			"seconds":	30.016079,
			"bytes":	8476592,
			"bits_per_second":	2260414.964243318,
			"jitter_ms":	3.4518759738402833,
			"lost_packets":	1864,
			"packets":	5854,
			"lost_percent":	31.841475913905022,
			"sender":	true
		},
		"cpu_utilization_percent":	{
			"host_total":	5.2527286283054835,
			"host_user":	0.38826390894925566,
			"host_system":	4.8644580541674562,
			"remote_total":	0.65395727823230554,
			"remote_user":	0.001162220700715848,
			"remote_system":	0.65279172738631541
		}
	}
}
