{
	"start":	{
		"connected":	[{
				"socket":	6,
				"local_host":	"10.20.15.3",
				"local_port":	49392,
				"remote_host":	"10.20.15.2",
				"remote_port":	5201
			}],
		"version":	"iperf 3.7",
		"system_info":	"Linux node2 5.8.0-1006-raspi #9-Ubuntu SMP PREEMPT Fri Oct 16 12:55:30 UTC 2020 aarch64",
		"timestamp":	{
			"time":	"Sun, 08 Aug 2021 10:24:03 GMT",
			"timesecs":	1628418243
		},
		"connecting_to":	{
			"host":	"10.20.15.2",
			"port":	5201
		},
		"cookie":	"npgmsteffcufcnohejhjrekxw2fphoxlht3p",
		"sock_bufsize":	0,
		"sndbuf_actual":	212992,
		"rcvbuf_actual":	212992,
		"test_start":	{
			"protocol":	"UDP",
			"num_streams":	1,
			"blksize":	1448,
			"omit":	0,
			"duration":	30,
			"bytes":	0,
			"blocks":	0,
			"reverse":	0,
			"tos":	0
		}
	},
	"intervals":	[{
			"streams":	[{
					"socket":	6,
					"start":	0,
					"end":	10.000096,
					"seconds":	10.000096321105957,
					"bytes":	44557856,
					"bits_per_second":	35645941.454349622,
					"packets":	30772,
					"omitted":	false,
					"sender":	true
				}],
			"sum":	{
				"start":	0,
				"end":	10.000096,
				"seconds":	10.000096321105957,
				"bytes":	44557856,
				"bits_per_second":	35645941.454349622,
				"packets":	30772,
				"omitted":	false,
				"sender":	true
			}
		}, {
			"streams":	[{
					"socket":	6,
					"start":	10.000096,
					"end":	20.000105,
					"seconds":	10.000008583068848,
					"bytes":	45234072,
					"bits_per_second":	36187226.540254317,
					"packets":	31239,
					"omitted":	false,
					"sender":	true
				}],
			"sum":	{
				"start":	10.000096,
				"end":	20.000105,
				"seconds":	10.000008583068848,
				"bytes":	45234072,
				"bits_per_second":	36187226.540254317,
				"packets":	31239,
				"omitted":	false,
				"sender":	true
			}
		}, {
			"streams":	[{
					"socket":	6,
					"start":	20.000105,
					"end":	30.000151,
					"seconds":	10.000045776367188,
					"bytes":	44242192,
					"bits_per_second":	35393591.580995567,
					"packets":	30554,
					"omitted":	false,
					"sender":	true
				}],
			"sum":	{
				"start":	20.000105,
				"end":	30.000151,
				"seconds":	10.000045776367188,
				"bytes":	44242192,
				"bits_per_second":	35393591.580995567,
				"packets":	30554,
				"omitted":	false,
				"sender":	true
			}
		}],
	"end":	{
		"streams":	[{
				"udp":	{
					"socket":	6,
					"start":	0,
					"end":	30.000151,
					"seconds":	30.000151,
					"bytes":	134034120,
					"bits_per_second":	35742252.097331114,
					"jitter_ms":	0.23429218658619222,
					"lost_packets":	5110,
					"packets":	92565,
					"lost_percent":	5.5204450926376056,
					"out_of_order":	0,
					"sender":	true
				}
			}],
		"sum":	{
			"start":	0,
			"end":	30.002265,
			"seconds":	30.002265,
			"bytes":	134034120,
			"bits_per_second":	35742252.097331114,
			"jitter_ms":	0.23429218658619222,
			"lost_packets":	5110,
			"packets":	92565,
			"lost_percent":	5.5204450926376056,
			"sender":	true
		},
		"cpu_utilization_percent":	{
			"host_total":	21.579509941485895,
			"host_user":	1.7941188752475468,
			"host_system":	19.785394398913255,
			"remote_total":	13.289084789036817,
			"remote_user":	1.1006457553512012,
			"remote_system":	12.188435702302252
		}
	}
}
