{
	"start":	{
		"connected":	[{
				"socket":	6,
				"local_host":	"10.20.15.3",
				"local_port":	34008,
				"remote_host":	"10.20.15.2",
				"remote_port":	5201
			}],
		"version":	"iperf 3.7",
		"system_info":	"Linux node2 5.8.0-1006-raspi #9-Ubuntu SMP PREEMPT Fri Oct 16 12:55:30 UTC 2020 aarch64",
		"timestamp":	{
			"time":	"Sun, 08 Aug 2021 11:24:24 GMT",
			"timesecs":	1628421864
		},
		"connecting_to":	{
			"host":	"10.20.15.2",
			"port":	5201
		},
		"cookie":	"flonkkk724dypeosjijgscpgdau4ck2ui2b4",
		"sock_bufsize":	0,
		"sndbuf_actual":	212992,
		"rcvbuf_actual":	212992,
		"test_start":	{
			"protocol":	"UDP",
			"num_streams":	1,
			"blksize":	1448,
			"omit":	0,
			"duration":	30,
			"bytes":	0,
			"blocks":	0,
			"reverse":	0,
			"tos":	0
		}
	},
	"intervals":	[{
			"streams":	[{
					"socket":	6,
					"start":	0,
					"end":	10.000088,
					"seconds":	10.000087738037109,
					"bytes":	5754352,
					"bits_per_second":	4603441.2103104256,
					"packets":	3974,
					"omitted":	false,
					"sender":	true
				}],
			"sum":	{
				"start":	0,
				"end":	10.000088,
				"seconds":	10.000087738037109,
				"bytes":	5754352,
				"bits_per_second":	4603441.2103104256,
				"packets":	3974,
				"omitted":	false,
				"sender":	true
			}
		}, {
			"streams":	[{
					"socket":	6,
					"start":	10.000088,
					"end":	20.000087,
					"seconds":	9.9999990463256836,
					"bytes":	876040,
					"bits_per_second":	700832.06683655421,
					"packets":	605,
					"omitted":	false,
					"sender":	true
				}],
			"sum":	{
				"start":	10.000088,
				"end":	20.000087,
				"seconds":	9.9999990463256836,
				"bytes":	876040,
				"bits_per_second":	700832.06683655421,
				"packets":	605,
				"omitted":	false,
				"sender":	true
			}
		}, {
			"streams":	[{
					"socket":	6,
					"start":	20.000087,
					"end":	30.000112,
					"seconds":	10.000024795532227,
					"bytes":	3984896,
					"bits_per_second":	3187908.8954102248,
					"packets":	2752,
					"omitted":	false,
					"sender":	true
				}],
			"sum":	{
				"start":	20.000087,
				"end":	30.000112,
				"seconds":	10.000024795532227,
				"bytes":	3984896,
				"bits_per_second":	3187908.8954102248,
				"packets":	2752,
				"omitted":	false,
				"sender":	true
			}
		}],
	"end":	{
		"streams":	[{
				"udp":	{
					"socket":	6,
					"start":	0,
					"end":	30.000112,
					"seconds":	30.000112,
					"bytes":	10615288,
					"bits_per_second":	2830732.8985971785,
					"jitter_ms":	0.21301545908445121,
					"lost_packets":	1890,
					"packets":	7331,
					"lost_percent":	25.780930296003273,
					"out_of_order":	0,
					"sender":	true
				}
			}],
		"sum":	{
			"start":	0,
			"end":	30.003742,
			"seconds":	30.003742,
			"bytes":	10615288,
			"bits_per_second":	2830732.8985971785,
			"jitter_ms":	0.21301545908445121,
			"lost_packets":	1890,
			"packets":	7331,
			"lost_percent":	25.780930296003273,
			"sender":	true
		},
		"cpu_utilization_percent":	{
			"host_total":	5.5714425822755569,
			"host_user":	0.66023795559776444,
			"host_system":	4.9112012941623693,
			"remote_total":	0.90337602498625791,
			"remote_user":	0.051170821099300871,
			"remote_system":	0.85221186632053558
		}
	}
}
