{
	"start":	{
		"connected":	[{
				"socket":	6,
				"local_host":	"10.20.15.3",
				"local_port":	57334,
				"remote_host":	"10.20.15.2",
				"remote_port":	5201
			}],
		"version":	"iperf 3.7",
		"system_info":	"Linux node2 5.8.0-1006-raspi #9-Ubuntu SMP PREEMPT Fri Oct 16 12:55:30 UTC 2020 aarch64",
		"timestamp":	{
			"time":	"Sun, 08 Aug 2021 12:20:38 GMT",
			"timesecs":	1628425238
		},
		"connecting_to":	{
			"host":	"10.20.15.2",
			"port":	5201
		},
		"cookie":	"og7lkgyztpkqesoxtndhgd3boytv2izr7es2",
		"sock_bufsize":	0,
		"sndbuf_actual":	212992,
		"rcvbuf_actual":	212992,
		"test_start":	{
			"protocol":	"UDP",
			"num_streams":	1,
			"blksize":	1448,
			"omit":	0,
			"duration":	30,
			"bytes":	0,
			"blocks":	0,
			"reverse":	0,
			"tos":	0
		}
	},
	"intervals":	[{
			"streams":	[{
					"socket":	6,
					"start":	0,
					"end":	10.000099,
					"seconds":	10.000099182128906,
					"bytes":	8488176,
					"bits_per_second":	6790473.4506386882,
					"packets":	5862,
					"omitted":	false,
					"sender":	true
				}],
			"sum":	{
				"start":	0,
				"end":	10.000099,
				"seconds":	10.000099182128906,
				"bytes":	8488176,
				"bits_per_second":	6790473.4506386882,
				"packets":	5862,
				"omitted":	false,
				"sender":	true
			}
		}, {
			"streams":	[{
					"socket":	6,
					"start":	10.000099,
					"end":	20.000088,
					"seconds":	9.9999885559082031,
					"bytes":	718208,
					"bits_per_second":	574567.057539815,
					"packets":	496,
					"omitted":	false,
					"sender":	true
				}],
			"sum":	{
				"start":	10.000099,
				"end":	20.000088,
				"seconds":	9.9999885559082031,
				"bytes":	718208,
				"bits_per_second":	574567.057539815,
				"packets":	496,
				"omitted":	false,
				"sender":	true
			}
		}, {
			"streams":	[{
					"socket":	6,
					"start":	20.000088,
					"end":	30.000116,
					"seconds":	10.000027656555176,
					"bytes":	4097840,
					"bits_per_second":	3278262.93345403,
					"packets":	2830,
					"omitted":	false,
					"sender":	true
				}],
			"sum":	{
				"start":	20.000088,
				"end":	30.000116,
				"seconds":	10.000027656555176,
				"bytes":	4097840,
				"bits_per_second":	3278262.93345403,
				"packets":	2830,
				"omitted":	false,
				"sender":	true
			}
		}],
	"end":	{
		"streams":	[{
				"udp":	{
					"socket":	6,
					"start":	0,
					"end":	30.000116,
					"seconds":	30.000116,
					"bytes":	13304224,
					"bits_per_second":	3547779.3485865188,
					"jitter_ms":	0.24994004876099263,
					"lost_packets":	1660,
					"packets":	9188,
					"lost_percent":	18.06704397039617,
					"out_of_order":	0,
					"sender":	true
				}
			}],
		"sum":	{
			"start":	0,
			"end":	30.001609,
			"seconds":	30.001609,
			"bytes":	13304224,
			"bits_per_second":	3547779.3485865188,
			"jitter_ms":	0.24994004876099263,
			"lost_packets":	1660,
			"packets":	9188,
			"lost_percent":	18.06704397039617,
			"sender":	true
		},
		"cpu_utilization_percent":	{
			"host_total":	5.7261846624161095,
			"host_user":	0.34949488338184354,
			"host_system":	5.3766864464489865,
			"remote_total":	1.1745461514329192,
			"remote_user":	0.1535118172947163,
			"remote_system":	1.0210310023570353
		}
	}
}
