{
	"start":	{
		"connected":	[{
				"socket":	6,
				"local_host":	"10.20.15.3",
				"local_port":	36773,
				"remote_host":	"10.20.15.2",
				"remote_port":	5201
			}],
		"version":	"iperf 3.7",
		"system_info":	"Linux node2 5.8.0-1006-raspi #9-Ubuntu SMP PREEMPT Fri Oct 16 12:55:30 UTC 2020 aarch64",
		"timestamp":	{
			"time":	"Sun, 08 Aug 2021 11:57:06 GMT",
			"timesecs":	1628423826
		},
		"connecting_to":	{
			"host":	"10.20.15.2",
			"port":	5201
		},
		"cookie":	"rmzhw2cizw5yvcxpb4qmruezqdd6qpsz36jc",
		"sock_bufsize":	0,
		"sndbuf_actual":	212992,
		"rcvbuf_actual":	212992,
		"test_start":	{
			"protocol":	"UDP",
			"num_streams":	1,
			"blksize":	1448,
			"omit":	0,
			"duration":	30,
			"bytes":	0,
			"blocks":	0,
			"reverse":	0,
			"tos":	0
		}
	},
	"intervals":	[{
			"streams":	[{
					"socket":	6,
					"start":	0,
					"end":	10.000101,
					"seconds":	10.000101089477539,
					"bytes":	11514496,
					"bits_per_second":	9211503.68139055,
					"packets":	7952,
					"omitted":	false,
					"sender":	true
				}],
			"sum":	{
				"start":	0,
				"end":	10.000101,
				"seconds":	10.000101089477539,
				"bytes":	11514496,
				"bits_per_second":	9211503.68139055,
				"packets":	7952,
				"omitted":	false,
				"sender":	true
			}
		}, {
			"streams":	[{
					"socket":	6,
					"start":	10.000101,
					"end":	20.0001,
					"seconds":	9.9999990463256836,
					"bytes":	6083048,
					"bits_per_second":	4866438.8640997754,
					"packets":	4201,
					"omitted":	false,
					"sender":	true
				}],
			"sum":	{
				"start":	10.000101,
				"end":	20.0001,
				"seconds":	9.9999990463256836,
				"bytes":	6083048,
				"bits_per_second":	4866438.8640997754,
				"packets":	4201,
				"omitted":	false,
				"sender":	true
			}
		}, {
			"streams":	[{
					"socket":	6,
					"start":	20.0001,
					"end":	30.000177,
					"seconds":	10.000077247619629,
					"bytes":	6788224,
					"bits_per_second":	5430537.25039241,
					"packets":	4688,
					"omitted":	false,
					"sender":	true
				}],
			"sum":	{
				"start":	20.0001,
				"end":	30.000177,
				"seconds":	10.000077247619629,
				"bytes":	6788224,
				"bits_per_second":	5430537.25039241,
				"packets":	4688,
				"omitted":	false,
				"sender":	true
			}
		}],
	"end":	{
		"streams":	[{
				"udp":	{
					"socket":	6,
					"start":	0,
					"end":	30.000177,
					"seconds":	30.000177,
					"bytes":	24385768,
					"bits_per_second":	6502833.0999513771,
					"jitter_ms":	2.940578436265421,
					"lost_packets":	9110,
					"packets":	16841,
					"lost_percent":	54.0941749302298,
					"out_of_order":	0,
					"sender":	true
				}
			}],
		"sum":	{
			"start":	0,
			"end":	30.015755,
			"seconds":	30.015755,
			"bytes":	24385768,
			"bits_per_second":	6502833.0999513771,
			"jitter_ms":	2.940578436265421,
			"lost_packets":	9110,
			"packets":	16841,
			"lost_percent":	54.0941749302298,
			"sender":	true
		},
		"cpu_utilization_percent":	{
			"host_total":	7.1468940062587931,
			"host_user":	0.830232291150995,
			"host_system":	6.3166650476207771,
			"remote_total":	1.222173489247919,
			"remote_user":	0.16729348164482014,
			"remote_system":	1.0548866676405861
		}
	}
}
