{
	"start":	{
		"connected":	[{
				"socket":	6,
				"local_host":	"10.20.15.3",
				"local_port":	55976,
				"remote_host":	"10.20.15.2",
				"remote_port":	5201
			}],
		"version":	"iperf 3.7",
		"system_info":	"Linux node2 5.8.0-1006-raspi #9-Ubuntu SMP PREEMPT Fri Oct 16 12:55:30 UTC 2020 aarch64",
		"timestamp":	{
			"time":	"Sun, 08 Aug 2021 12:00:07 GMT",
			"timesecs":	1628424007
		},
		"connecting_to":	{
			"host":	"10.20.15.2",
			"port":	5201
		},
		"cookie":	"zz4ruutufej5yguw4n4fvuj2hwjf5l2b6tt5",
		"sock_bufsize":	0,
		"sndbuf_actual":	212992,
		"rcvbuf_actual":	212992,
		"test_start":	{
			"protocol":	"UDP",
			"num_streams":	1,
			"blksize":	1448,
			"omit":	0,
			"duration":	30,
			"bytes":	0,
			"blocks":	0,
			"reverse":	0,
			"tos":	0
		}
	},
	"intervals":	[{
			"streams":	[{
					"socket":	6,
					"start":	0,
					"end":	10.000184,
					"seconds":	10.000184059143066,
					"bytes":	7853952,
					"bits_per_second":	6283045.9547945717,
					"packets":	5424,
					"omitted":	false,
					"sender":	true
				}],
			"sum":	{
				"start":	0,
				"end":	10.000184,
				"seconds":	10.000184059143066,
				"bytes":	7853952,
				"bits_per_second":	6283045.9547945717,
				"packets":	5424,
				"omitted":	false,
				"sender":	true
			}
		}, {
			"streams":	[{
					"socket":	6,
					"start":	10.000184,
					"end":	20.000123,
					"seconds":	9.99993896484375,
					"bytes":	2693280,
					"bits_per_second":	2154637.1508615166,
					"packets":	1860,
					"omitted":	false,
					"sender":	true
				}],
			"sum":	{
				"start":	10.000184,
				"end":	20.000123,
				"seconds":	9.99993896484375,
				"bytes":	2693280,
				"bits_per_second":	2154637.1508615166,
				"packets":	1860,
				"omitted":	false,
				"sender":	true
			}
		}, {
			"streams":	[{
					"socket":	6,
					"start":	20.000123,
					"end":	30.000128,
					"seconds":	10.000004768371582,
					"bytes":	3308680,
					"bits_per_second":	2646942.7378393468,
					"packets":	2285,
					"omitted":	false,
					"sender":	true
				}],
			"sum":	{
				"start":	20.000123,
				"end":	30.000128,
				"seconds":	10.000004768371582,
				"bytes":	3308680,
				"bits_per_second":	2646942.7378393468,
				"packets":	2285,
				"omitted":	false,
				"sender":	true
			}
		}],
	"end":	{
		"streams":	[{
				"udp":	{
					"socket":	6,
					"start":	0,
					"end":	30.000128,
					"seconds":	30.000128,
					"bytes":	13855912,
					"bits_per_second":	3694894.1017851657,
					"jitter_ms":	3.5937474238261928,
					"lost_packets":	5494,
					"packets":	9569,
					"lost_percent":	57.414567875431082,
					"out_of_order":	0,
					"sender":	true
				}
			}],
		"sum":	{
			"start":	0,
			"end":	30.018855,
			"seconds":	30.018855,
			"bytes":	13855912,
			"bits_per_second":	3694894.1017851657,
			"jitter_ms":	3.5937474238261928,
			"lost_packets":	5494,
			"packets":	9569,
			"lost_percent":	57.414567875431082,
			"sender":	true
		},
		"cpu_utilization_percent":	{
			"host_total":	5.8551613457805569,
			"host_user":	0.4367374227923303,
			"host_system":	5.4184172581412859,
			"remote_total":	0.67925035927721011,
			"remote_user":	0.018206930354162754,
			"remote_system":	0.66104009919913487
		}
	}
}
