{
	"start":	{
		"connected":	[{
				"socket":	6,
				"local_host":	"10.20.15.3",
				"local_port":	53872,
				"remote_host":	"10.20.15.2",
				"remote_port":	5201
			}],
		"version":	"iperf 3.7",
		"system_info":	"Linux node2 5.8.0-1006-raspi #9-Ubuntu SMP PREEMPT Fri Oct 16 12:55:30 UTC 2020 aarch64",
		"timestamp":	{
			"time":	"Sun, 08 Aug 2021 12:45:05 GMT",
			"timesecs":	1628426705
		},
		"connecting_to":	{
			"host":	"10.20.15.2",
			"port":	5201
		},
		"cookie":	"wrb73w6uk5s7vursrym56micu6wbqg6vjgpv",
		"sock_bufsize":	0,
		"sndbuf_actual":	212992,
		"rcvbuf_actual":	212992,
		"test_start":	{
			"protocol":	"UDP",
			"num_streams":	1,
			"blksize":	1448,
			"omit":	0,
			"duration":	300,
			"bytes":	0,
			"blocks":	0,
			"reverse":	0,
			"tos":	0
		}
	},
	"intervals":	[{
			"streams":	[{
					"socket":	6,
					"start":	0,
					"end":	10.000054,
					"seconds":	10.000054359436035,
					"bytes":	60174536,
					"bits_per_second":	48139367.117115244,
					"packets":	41557,
					"omitted":	false,
					"sender":	true
				}],
			"sum":	{
				"start":	0,
				"end":	10.000054,
				"seconds":	10.000054359436035,
				"bytes":	60174536,
				"bits_per_second":	48139367.117115244,
				"packets":	41557,
				"omitted":	false,
				"sender":	true
			}
		}, {
			"streams":	[{
					"socket":	6,
					"start":	10.000054,
					"end":	20.000097,
					"seconds":	10.000042915344238,
					"bytes":	27840696,
					"bits_per_second":	22272461.216965985,
					"packets":	19227,
					"omitted":	false,
					"sender":	true
				}],
			"sum":	{
				"start":	10.000054,
				"end":	20.000097,
				"seconds":	10.000042915344238,
				"bytes":	27840696,
				"bits_per_second":	22272461.216965985,
				"packets":	19227,
				"omitted":	false,
				"sender":	true
			}
		}, {
			"streams":	[{
					"socket":	6,
					"start":	20.000097,
					"end":	30.000097,
					"seconds":	10,
					"bytes":	806536,
					"bits_per_second":	645228.8,
					"packets":	557,
					"omitted":	false,
					"sender":	true
				}],
			"sum":	{
				"start":	20.000097,
				"end":	30.000097,
				"seconds":	10,
				"bytes":	806536,
				"bits_per_second":	645228.8,
				"packets":	557,
				"omitted":	false,
				"sender":	true
			}
		}, {
			"streams":	[{
					"socket":	6,
					"start":	30.000097,
					"end":	40.000116,
					"seconds":	10.000019073486328,
					"bytes":	18645896,
					"bits_per_second":	14916688.348674873,
					"packets":	12877,
					"omitted":	false,
					"sender":	true
				}],
			"sum":	{
				"start":	30.000097,
				"end":	40.000116,
				"seconds":	10.000019073486328,
				"bytes":	18645896,
				"bits_per_second":	14916688.348674873,
				"packets":	12877,
				"omitted":	false,
				"sender":	true
			}
		}, {
			"streams":	[{
					"socket":	6,
					"start":	40.000116,
					"end":	50.000079,
					"seconds":	9.99996280670166,
					"bytes":	836944,
					"bits_per_second":	669557.69030589308,
					"packets":	578,
					"omitted":	false,
					"sender":	true
				}],
			"sum":	{
				"start":	40.000116,
				"end":	50.000079,
				"seconds":	9.99996280670166,
				"bytes":	836944,
				"bits_per_second":	669557.69030589308,
				"packets":	578,
				"omitted":	false,
				"sender":	true
			}
		}, {
			"streams":	[{
					"socket":	6,
					"start":	50.000079,
					"end":	60.000084,
					"seconds":	10.000004768371582,
					"bytes":	11701288,
					"bits_per_second":	9361025.9363149945,
					"packets":	8081,
					"omitted":	false,
					"sender":	true
				}],
			"sum":	{
				"start":	50.000079,
				"end":	60.000084,
				"seconds":	10.000004768371582,
				"bytes":	11701288,
				"bits_per_second":	9361025.9363149945,
				"packets":	8081,
				"omitted":	false,
				"sender":	true
			}
		}, {
			"streams":	[{
					"socket":	6,
					"start":	60.000084,
					"end":	70.000093,
					"seconds":	10.000008583068848,
					"bytes":	11811336,
					"bits_per_second":	9449060.6898061559,
					"packets":	8157,
					"omitted":	false,
					"sender":	true
				}],
			"sum":	{
				"start":	60.000084,
				"end":	70.000093,
				"seconds":	10.000008583068848,
				"bytes":	11811336,
				"bits_per_second":	9449060.6898061559,
				"packets":	8157,
				"omitted":	false,
				"sender":	true
			}
		}, {
			"streams":	[{
					"socket":	6,
					"start":	70.000093,
					"end":	80.000082,
					"seconds":	9.9999885559082031,
					"bytes":	752960,
					"bits_per_second":	602368.68935625767,
					"packets":	520,
					"omitted":	false,
					"sender":	true
				}],
			"sum":	{
				"start":	70.000093,
				"end":	80.000082,
				"seconds":	9.9999885559082031,
				"bytes":	752960,
				"bits_per_second":	602368.68935625767,
				"packets":	520,
				"omitted":	false,
				"sender":	true
			}
		}, {
			"streams":	[{
					"socket":	6,
					"start":	80.000082,
					"end":	90.000087,
					"seconds":	10.000004768371582,
					"bytes":	20373360,
					"bits_per_second":	16298680.228183638,
					"packets":	14070,
					"omitted":	false,
					"sender":	true
				}],
			"sum":	{
				"start":	80.000082,
				"end":	90.000087,
				"seconds":	10.000004768371582,
				"bytes":	20373360,
				"bits_per_second":	16298680.228183638,
				"packets":	14070,
				"omitted":	false,
				"sender":	true
			}
		}, {
			"streams":	[{
					"socket":	6,
					"start":	90.000087,
					"end":	100.000078,
					"seconds":	9.9999914169311523,
					"bytes":	935408,
					"bits_per_second":	748327.04229425243,
					"packets":	646,
					"omitted":	false,
					"sender":	true
				}],
			"sum":	{
				"start":	90.000087,
				"end":	100.000078,
				"seconds":	9.9999914169311523,
				"bytes":	935408,
				"bits_per_second":	748327.04229425243,
				"packets":	646,
				"omitted":	false,
				"sender":	true
			}
		}, {
			"streams":	[{
					"socket":	6,
					"start":	100.000078,
					"end":	110.000086,
					"seconds":	10.000007629394531,
					"bytes":	18852960,
					"bits_per_second":	15082356.493075185,
					"packets":	13020,
					"omitted":	false,
					"sender":	true
				}],
			"sum":	{
				"start":	100.000078,
				"end":	110.000086,
				"seconds":	10.000007629394531,
				"bytes":	18852960,
				"bits_per_second":	15082356.493075185,
				"packets":	13020,
				"omitted":	false,
				"sender":	true
			}
		}, {
			"streams":	[{
					"socket":	6,
					"start":	110.000086,
					"end":	120.000101,
					"seconds":	10.000015258789062,
					"bytes":	1044008,
					"bits_per_second":	835205.12557811651,
					"packets":	721,
					"omitted":	false,
					"sender":	true
				}],
			"sum":	{
				"start":	110.000086,
				"end":	120.000101,
				"seconds":	10.000015258789062,
				"bytes":	1044008,
				"bits_per_second":	835205.12557811651,
				"packets":	721,
				"omitted":	false,
				"sender":	true
			}
		}, {
			"streams":	[{
					"socket":	6,
					"start":	120.000101,
					"end":	130.000058,
					"seconds":	9.9999570846557617,
					"bytes":	1746288,
					"bits_per_second":	1397036.3954297823,
					"packets":	1206,
					"omitted":	false,
					"sender":	true
				}],
			"sum":	{
				"start":	120.000101,
				"end":	130.000058,
				"seconds":	9.9999570846557617,
				"bytes":	1746288,
				"bits_per_second":	1397036.3954297823,
				"packets":	1206,
				"omitted":	false,
				"sender":	true
			}
		}, {
			"streams":	[{
					"socket":	6,
					"start":	130.000058,
					"end":	140.000079,
					"seconds":	10.000020980834961,
					"bytes":	17015448,
					"bits_per_second":	13612329.840195419,
					"packets":	11751,
					"omitted":	false,
					"sender":	true
				}],
			"sum":	{
				"start":	130.000058,
				"end":	140.000079,
				"seconds":	10.000020980834961,
				"bytes":	17015448,
				"bits_per_second":	13612329.840195419,
				"packets":	11751,
				"omitted":	false,
				"sender":	true
			}
		}, {
			"streams":	[{
					"socket":	6,
					"start":	140.000079,
					"end":	150.000081,
					"seconds":	10.000001907348633,
					"bytes":	822464,
					"bits_per_second":	657971.07450197707,
					"packets":	568,
					"omitted":	false,
					"sender":	true
				}],
			"sum":	{
				"start":	140.000079,
				"end":	150.000081,
				"seconds":	10.000001907348633,
				"bytes":	822464,