{
	"start":	{
		"connected":	[{
				"socket":	6,
				"local_host":	"10.20.15.3",
				"local_port":	33359,
				"remote_host":	"10.20.15.2",
				"remote_port":	5201
			}],
		"version":	"iperf 3.7",
		"system_info":	"Linux node2 5.8.0-1006-raspi #9-Ubuntu SMP PREEMPT Fri Oct 16 12:55:30 UTC 2020 aarch64",
		"timestamp":	{
			"time":	"Sun, 08 Aug 2021 11:11:54 GMT",
			"timesecs":	1628421114
		},
		"connecting_to":	{
			"host":	"10.20.15.2",
			"port":	5201
		},
		"cookie":	"qgknqthjp6chjkgy6uv75auptmopux64gvvz",
		"sock_bufsize":	0,
		"sndbuf_actual":	212992,
		"rcvbuf_actual":	212992,
		"test_start":	{
			"protocol":	"UDP",
			"num_streams":	1,
			"blksize":	1448,
			"omit":	0,
			"duration":	300,
			"bytes":	0,
			"blocks":	0,
			"reverse":	0,
			"tos":	0
		}
	},
	"intervals":	[{
			"streams":	[{
					"socket":	6,
					"start":	0,
					"end":	10.000104,
					"seconds":	10.000103950500488,
					"bytes":	59382480,
					"bits_per_second":	47505490.178052008,
					"packets":	41010,
					"omitted":	false,
					"sender":	true
				}],
			"sum":	{
				"start":	0,
				"end":	10.000104,
				"seconds":	10.000103950500488,
				"bytes":	59382480,
				"bits_per_second":	47505490.178052008,
				"packets":	41010,
				"omitted":	false,
				"sender":	true
			}
		}, {
			"streams":	[{
					"socket":	6,
					"start":	10.000104,
					"end":	20.000089,
					"seconds":	9.9999847412109375,
					"bytes":	20198152,
					"bits_per_second":	16158546.255984887,
					"packets":	13949,
					"omitted":	false,
					"sender":	true
				}],
			"sum":	{
				"start":	10.000104,
				"end":	20.000089,
				"seconds":	9.9999847412109375,
				"bytes":	20198152,
				"bits_per_second":	16158546.255984887,
				"packets":	13949,
				"omitted":	false,
				"sender":	true
			}
		}, {
			"streams":	[{
					"socket":	6,
					"start":	20.000089,
					"end":	30.000006,
					"seconds":	9.9999170303344727,
					"bytes":	20662960,
					"bits_per_second":	16530505.153048355,
					"packets":	14270,
					"omitted":	false,
					"sender":	true
				}],
			"sum":	{
				"start":	20.000089,
				"end":	30.000006,
				"seconds":	9.9999170303344727,
				"bytes":	20662960,
				"bits_per_second":	16530505.153048355,
				"packets":	14270,
				"omitted":	false,
				"sender":	true
			}
		}, {
			"streams":	[{
					"socket":	6,
					"start":	30.000006,
					"end":	40.00012,
					"seconds":	10.000114440917969,
					"bytes":	15270608,
					"bits_per_second":	12216346.595008144,
					"packets":	10546,
					"omitted":	false,
					"sender":	true
				}],
			"sum":	{
				"start":	30.000006,
				"end":	40.00012,
				"seconds":	10.000114440917969,
				"bytes":	15270608,
				"bits_per_second":	12216346.595008144,
				"packets":	10546,
				"omitted":	false,
				"sender":	true
			}
		}, {
			"streams":	[{
					"socket":	6,
					"start":	40.00012,
					"end":	50.00009,
					"seconds":	9.9999704360961914,
					"bytes":	11586896,
					"bits_per_second":	9269544.2043913212,
					"packets":	8002,
					"omitted":	false,
					"sender":	true
				}],
			"sum":	{
				"start":	40.00012,
				"end":	50.00009,
				"seconds":	9.9999704360961914,
				"bytes":	11586896,
				"bits_per_second":	9269544.2043913212,
				"packets":	8002,
				"omitted":	false,
				"sender":	true
			}
		}, {
			"streams":	[{
					"socket":	6,
					"start":	50.00009,
					"end":	60.000078,
					"seconds":	9.9999876022338867,
					"bytes":	6998184,
					"bits_per_second":	5598554.140956481,
					"packets":	4833,
					"omitted":	false,
					"sender":	true
				}],
			"sum":	{
				"start":	50.00009,
				"end":	60.000078,
				"seconds":	9.9999876022338867,
				"bytes":	6998184,
				"bits_per_second":	5598554.140956481,
				"packets":	4833,
				"omitted":	false,
				"sender":	true
			}
		}, {
			"streams":	[{
					"socket":	6,
					"start":	60.000078,
					"end":	70.00009,
					"seconds":	10.000012397766113,
					"bytes":	21423160,
					"bits_per_second":	17138506.752080176,
					"packets":	14795,
					"omitted":	false,
					"sender":	true
				}],
			"sum":	{
				"start":	60.000078,
				"end":	70.00009,
				"seconds":	10.000012397766113,
				"bytes":	21423160,
				"bits_per_second":	17138506.752080176,
				"packets":	14795,
				"omitted":	false,
				"sender":	true
			}
		}, {
			"streams":	[{
					"socket":	6,
					"start":	70.00009,
					"end":	80.000083,
					"seconds":	9.9999933242797852,
					"bytes":	949888,
					"bits_per_second":	759910.90729526058,
					"packets":	656,
					"omitted":	false,
					"sender":	true
				}],
			"sum":	{
				"start":	70.00009,
				"end":	80.000083,
				"seconds":	9.9999933242797852,
				"bytes":	949888,
				"bits_per_second":	759910.90729526058,
				"packets":	656,
				"omitted":	false,
				"sender":	true
			}
		}, {
			"streams":	[{
					"socket":	6,
					"start":	80.000083,
					"end":	90.000081,
					"seconds":	9.9999980926513672,
					"bytes":	18837032,
					"bits_per_second":	15069628.474303527,
					"packets":	13009,
					"omitted":	false,
					"sender":	true
				}],
			"sum":	{
				"start":	80.000083,
				"end":	90.000081,
				"seconds":	9.9999980926513672,
				"bytes":	18837032,
				"bits_per_second":	15069628.474303527,
				"packets":	13009,
				"omitted":	false,
				"sender":	true
			}
		}, {
			"streams":	[{
					"socket":	6,
					"start":	90.000081,
					"end":	100.000101,
					"seconds":	10.000020027160645,
					"bytes":	915136,
					"bits_per_second":	732107.33379688172,
					"packets":	632,
					"omitted":	false,
					"sender":	true
				}],
			"sum":	{
				"start":	90.000081,
				"end":	100.000101,
				"seconds":	10.000020027160645,
				"bytes":	915136,
				"bits_per_second":	732107.33379688172,
				"packets":	632,
				"omitted":	false,
				"sender":	true
			}
		}, {
			"streams":	[{
					"socket":	6,
					"start":	100.000101,
					"end":	110.000087,
					"seconds":	9.9999856948852539,
					"bytes":	19772440,
					"bits_per_second":	15817974.62779421,
					"packets":	13655,
					"omitted":	false,
					"sender":	true
				}],
			"sum":	{
				"start":	100.000101,
				"end":	110.000087,
				"seconds":	9.9999856948852539,
				"bytes":	19772440,
				"bits_per_second":	15817974.62779421,
				"packets":	13655,
				"omitted":	false,
				"sender":	true
			}
		}, {
			"streams":	[{
					"socket":	6,
					"start":	110.000087,
					"end":	120.000088,
					"seconds":	10.000000953674316,
					"bytes":	946992,
					"bits_per_second":	757593.527750251,
					"packets":	654,
					"omitted":	false,
					"sender":	true
				}],
			"sum":	{
				"start":	110.000087,
				"end":	120.000088,
				"seconds":	10.000000953674316,
				"bytes":	946992,
				"bits_per_second":	757593.527750251,
				"packets":	654,
				"omitted":	false,
				"sender":	true
			}
		}, {
			"streams":	[{
					"socket":	6,
					"start":	120.000088,
					"end":	130.000092,
					"seconds":	10.000003814697266,
					"bytes":	21161072,
					"bits_per_second":	16928851.142155785,
					"packets":	14614,
					"omitted":	false,
					"sender":	true
				}],
			"sum":	{
				"start":	120.000088,
				"end":	130.000092,
				"seconds":	10.000003814697266,
				"bytes":	21161072,
				"bits_per_second":	16928851.142155785,
				"packets":	14614,
				"omitted":	false,
				"sender":	true
			}
		}, {
			"streams":	[{
					"socket":	6,
					"start":	130.000092,
					"end":	140.001102,
					"seconds":	10.001009941101074,
					"bytes":	849976,
					"bits_per_second":	679912.13287918863,
					"packets":	587,
					"omitted":	false,
					"sender":	true
				}],
			"sum":	{
				"start":	130.000092,
				"end":	140.001102,
				"seconds":	10.001009941101074,
				"bytes":	849976,
				"bits_per_second":	679912.13287918863,
				"packets":	587,
				"omitted":	false,
				"sender":	true
			}
		}, {
			"streams":	[{
					"socket":	6,
					"start":	140.001102,
					"end":	150.000087,
					"seconds":	9.9989852905273438,
					"bytes":	21724344,
					"bits_per_second":	17381238.8907749,
					"packets":	15003,
					"omitted":	false,
					"sender":	true
				}],
			"sum":	{
				"start":	140.001102,
				"end":	150.000087,