{
	"start":	{
		"connected":	[{
				"socket":	6,
				"local_host":	"10.20.15.3",
				"local_port":	54590,
				"remote_host":	"10.20.15.2",
				"remote_port":	5201
			}],
		"version":	"iperf 3.7",
		"system_info":	"Linux node2 5.8.0-1006-raspi #9-Ubuntu SMP PREEMPT Fri Oct 16 12:55:30 UTC 2020 aarch64",
		"timestamp":	{
			"time":	"Sun, 08 Aug 2021 12:50:29 GMT",
			"timesecs":	1628427029
		},
		"connecting_to":	{
			"host":	"10.20.15.2",
			"port":	5201
		},
		"cookie":	"imz6ybjrvoqhu7joewbqbliratyqsxz5kpku",
		"sock_bufsize":	0,
		"sndbuf_actual":	212992,
		"rcvbuf_actual":	212992,
		"test_start":	{
			"protocol":	"UDP",
			"num_streams":	1,
			"blksize":	1448,
			"omit":	0,
			"duration":	300,
			"bytes":	0,
			"blocks":	0,
			"reverse":	0,
			"tos":	0
		}
	},
	"intervals":	[{
			"streams":	[{
					"socket":	6,
					"start":	0,
					"end":	10.000115,
					"seconds":	10.000115394592285,
					"bytes":	59786472,
					"bits_per_second":	47828625.683523968,
					"packets":	41289,
					"omitted":	false,
					"sender":	true
				}],
			"sum":	{
				"start":	0,
				"end":	10.000115,
				"seconds":	10.000115394592285,
				"bytes":	59786472,
				"bits_per_second":	47828625.683523968,
				"packets":	41289,
				"omitted":	false,
				"sender":	true
			}
		}, {
			"streams":	[{
					"socket":	6,
					"start":	10.000115,
					"end":	20.000093,
					"seconds":	9.9999780654907227,
					"bytes":	3599728,
					"bits_per_second":	2879788.7166752322,
					"packets":	2486,
					"omitted":	false,
					"sender":	true
				}],
			"sum":	{
				"start":	10.000115,
				"end":	20.000093,
				"seconds":	9.9999780654907227,
				"bytes":	3599728,
				"bits_per_second":	2879788.7166752322,
				"packets":	2486,
				"omitted":	false,
				"sender":	true
			}
		}, {
			"streams":	[{
					"socket":	6,
					"start":	20.000093,
					"end":	30.000098,
					"seconds":	10.000004768371582,
					"bytes":	849976,
					"bits_per_second":	679980.47576004232,
					"packets":	587,
					"omitted":	false,
					"sender":	true
				}],
			"sum":	{
				"start":	20.000093,
				"end":	30.000098,
				"seconds":	10.000004768371582,
				"bytes":	849976,
				"bits_per_second":	679980.47576004232,
				"packets":	587,
				"omitted":	false,
				"sender":	true
			}
		}, {
			"streams":	[{
					"socket":	6,
					"start":	30.000098,
					"end":	40.000114,
					"seconds":	10.000016212463379,
					"bytes":	10690584,
					"bits_per_second":	8552453.3343663514,
					"packets":	7383,
					"omitted":	false,
					"sender":	true
				}],
			"sum":	{
				"start":	30.000098,
				"end":	40.000114,
				"seconds":	10.000016212463379,
				"bytes":	10690584,
				"bits_per_second":	8552453.3343663514,
				"packets":	7383,
				"omitted":	false,
				"sender":	true
			}
		}, {
			"streams":	[{
					"socket":	6,
					"start":	40.000114,
					"end":	50.00009,
					"seconds":	9.99997615814209,
					"bytes":	874592,
					"bits_per_second":	699675.26815583266,
					"packets":	604,
					"omitted":	false,
					"sender":	true
				}],
			"sum":	{
				"start":	40.000114,
				"end":	50.00009,
				"seconds":	9.99997615814209,
				"bytes":	874592,
				"bits_per_second":	699675.26815583266,
				"packets":	604,
				"omitted":	false,
				"sender":	true
			}
		}, {
			"streams":	[{
					"socket":	6,
					"start":	50.00009,
					"end":	60.000085,
					"seconds":	9.999995231628418,
					"bytes":	29071496,
					"bits_per_second":	23257207.889900919,
					"packets":	20077,
					"omitted":	false,
					"sender":	true
				}],
			"sum":	{
				"start":	50.00009,
				"end":	60.000085,
				"seconds":	9.999995231628418,
				"bytes":	29071496,
				"bits_per_second":	23257207.889900919,
				"packets":	20077,
				"omitted":	false,
				"sender":	true
			}
		}, {
			"streams":	[{
					"socket":	6,
					"start":	60.000085,
					"end":	70.000082,
					"seconds":	9.99999713897705,
					"bytes":	1064280,
					"bits_per_second":	851424.24359443,
					"packets":	735,
					"omitted":	false,
					"sender":	true
				}],
			"sum":	{
				"start":	60.000085,
				"end":	70.000082,
				"seconds":	9.99999713897705,
				"bytes":	1064280,
				"bits_per_second":	851424.24359443,
				"packets":	735,
				"omitted":	false,
				"sender":	true
			}
		}, {
			"streams":	[{
					"socket":	6,
					"start":	70.000082,
					"end":	80.000116,
					"seconds":	10.000034332275391,
					"bytes":	3454928,
					"bits_per_second":	2763932.9107894148,
					"packets":	2386,
					"omitted":	false,
					"sender":	true
				}],
			"sum":	{
				"start":	70.000082,
				"end":	80.000116,
				"seconds":	10.000034332275391,
				"bytes":	3454928,
				"bits_per_second":	2763932.9107894148,
				"packets":	2386,
				"omitted":	false,
				"sender":	true
			}
		}, {
			"streams":	[{
					"socket":	6,
					"start":	80.000116,
					"end":	90.000089,
					"seconds":	9.99997329711914,
					"bytes":	16536160,
					"bits_per_second":	13228963.325143157,
					"packets":	11420,
					"omitted":	false,
					"sender":	true
				}],
			"sum":	{
				"start":	80.000116,
				"end":	90.000089,
				"seconds":	9.99997329711914,
				"bytes":	16536160,
				"bits_per_second":	13228963.325143157,
				"packets":	11420,
				"omitted":	false,
				"sender":	true
			}
		}, {
			"streams":	[{
					"socket":	6,
					"start":	90.000089,
					"end":	100.000083,
					"seconds":	9.9999942779541016,
					"bytes":	806536,
					"bits_per_second":	645229.16920309211,
					"packets":	557,
					"omitted":	false,
					"sender":	true
				}],
			"sum":	{
				"start":	90.000089,
				"end":	100.000083,
				"seconds":	9.9999942779541016,
				"bytes":	806536,
				"bits_per_second":	645229.16920309211,
				"packets":	557,
				"omitted":	false,
				"sender":	true
			}
		}, {
			"streams":	[{
					"socket":	6,
					"start":	100.000083,
					"end":	110.000104,
					"seconds":	10.000020980834961,
					"bytes":	19091880,
					"bits_per_second":	15273471.954980563,
					"packets":	13185,
					"omitted":	false,
					"sender":	true
				}],
			"sum":	{
				"start":	100.000083,
				"end":	110.000104,
				"seconds":	10.000020980834961,
				"bytes":	19091880,
				"bits_per_second":	15273471.954980563,
				"packets":	13185,
				"omitted":	false,
				"sender":	true
			}
		}, {
			"streams":	[{
					"socket":	6,
					"start":	110.000104,
					"end":	120.000088,
					"seconds":	9.9999837875366211,
					"bytes":	951336,
					"bits_per_second":	761070.03388200526,
					"packets":	657,
					"omitted":	false,
					"sender":	true
				}],
			"sum":	{
				"start":	110.000104,
				"end":	120.000088,
				"seconds":	9.9999837875366211,
				"bytes":	951336,
				"bits_per_second":	761070.03388200526,
				"packets":	657,
				"omitted":	false,
				"sender":	true
			}
		}, {
			"streams":	[{
					"socket":	6,
					"start":	120.000088,
					"end":	130.000076,
					"seconds":	9.9999876022338867,
					"bytes":	21793848,
					"bits_per_second":	17435100.015629217,
					"packets":	15051,
					"omitted":	false,
					"sender":	true
				}],
			"sum":	{
				"start":	120.000088,
				"end":	130.000076,
				"seconds":	9.9999876022338867,
				"bytes":	21793848,
				"bits_per_second":	17435100.015629217,
				"packets":	15051,
				"omitted":	false,
				"sender":	true
			}
		}, {
			"streams":	[{
					"socket":	6,
					"start":	130.000076,
					"end":	140.0001,
					"seconds":	10.00002384185791,
					"bytes":	7952416,
					"bits_per_second":	6361917.6320063779,
					"packets":	5492,
					"omitted":	false,
					"sender":	true
				}],
			"sum":	{
				"start":	130.000076,
				"end":	140.0001,
				"seconds":	10.00002384185791,
				"bytes":	7952416,
				"bits_per_second":	6361917.6320063779,
				"packets":	5492,
				"omitted":	false,
				"sender":	true
			}
		}, {
			"streams":	[{
					"socket":	6,
					"start":	140.0001,
					"end":	150.000083,
					"seconds":	9.9999828338623047,
					"bytes":	696488,
					"bits_per_second":	557191.35648235481,
					"packets":	481,
					"omitted":	false,
					"sender":	true
				}],
			"sum":	{
				"start":	140.0001,
				"end":	150.000083,
				"seconds":	9.9999828338623047,