{
	"start":	{
		"connected":	[{
				"socket":	6,
				"local_host":	"10.20.15.3",
				"local_port":	34014,
				"remote_host":	"10.20.15.2",
				"remote_port":	5201
			}],
		"version":	"iperf 3.7",
		"system_info":	"Linux node2 5.8.0-1006-raspi #9-Ubuntu SMP PREEMPT Fri Oct 16 12:55:30 UTC 2020 aarch64",
		"timestamp":	{
			"time":	"Sun, 08 Aug 2021 11:06:40 GMT",
			"timesecs":	1628420800
		},
		"connecting_to":	{
			"host":	"10.20.15.2",
			"port":	5201
		},
		"cookie":	"xuqbb6ou5r3nppenorlcqmomqpivubj5ynlm",
		"sock_bufsize":	0,
		"sndbuf_actual":	212992,
		"rcvbuf_actual":	212992,
		"test_start":	{
			"protocol":	"UDP",
			"num_streams":	1,
			"blksize":	1448,
			"omit":	0,
			"duration":	300,
			"bytes":	0,
			"blocks":	0,
			"reverse":	0,
			"tos":	0
		}
	},
	"intervals":	[{
			"streams":	[{
					"socket":	6,
					"start":	0,
					"end":	10.000204,
					"seconds":	10.000204086303711,
					"bytes":	59486736,
					"bits_per_second":	47588417.585575551,
					"packets":	41082,
					"omitted":	false,
					"sender":	true
				}],
			"sum":	{
				"start":	0,
				"end":	10.000204,
				"seconds":	10.000204086303711,
				"bytes":	59486736,
				"bits_per_second":	47588417.585575551,
				"packets":	41082,
				"omitted":	false,
				"sender":	true
			}
		}, {
			"streams":	[{
					"socket":	6,
					"start":	10.000204,
					"end":	20.000097,
					"seconds":	9.9998931884765625,
					"bytes":	60362776,
					"bits_per_second":	48290736.600714423,
					"packets":	41687,
					"omitted":	false,
					"sender":	true
				}],
			"sum":	{
				"start":	10.000204,
				"end":	20.000097,
				"seconds":	9.9998931884765625,
				"bytes":	60362776,
				"bits_per_second":	48290736.600714423,
				"packets":	41687,
				"omitted":	false,
				"sender":	true
			}
		}, {
			"streams":	[{
					"socket":	6,
					"start":	20.000097,
					"end":	30.000027,
					"seconds":	9.9999303817749023,
					"bytes":	59651808,
					"bits_per_second":	47721778.630552679,
					"packets":	41196,
					"omitted":	false,
					"sender":	true
				}],
			"sum":	{
				"start":	20.000097,
				"end":	30.000027,
				"seconds":	9.9999303817749023,
				"bytes":	59651808,
				"bits_per_second":	47721778.630552679,
				"packets":	41196,
				"omitted":	false,
				"sender":	true
			}
		}, {
			"streams":	[{
					"socket":	6,
					"start":	30.000027,
					"end":	40.000097,
					"seconds":	10.000069618225098,
					"bytes":	23512624,
					"bits_per_second":	18809968.248339642,
					"packets":	16238,
					"omitted":	false,
					"sender":	true
				}],
			"sum":	{
				"start":	30.000027,
				"end":	40.000097,
				"seconds":	10.000069618225098,
				"bytes":	23512624,
				"bits_per_second":	18809968.248339642,
				"packets":	16238,
				"omitted":	false,
				"sender":	true
			}
		}, {
			"streams":	[{
					"socket":	6,
					"start":	40.000097,
					"end":	50.000105,
					"seconds":	10.000007629394531,
					"bytes":	17448400,
					"bits_per_second":	13958709.350349922,
					"packets":	12050,
					"omitted":	false,
					"sender":	true
				}],
			"sum":	{
				"start":	40.000097,
				"end":	50.000105,
				"seconds":	10.000007629394531,
				"bytes":	17448400,
				"bits_per_second":	13958709.350349922,
				"packets":	12050,
				"omitted":	false,
				"sender":	true
			}
		}, {
			"streams":	[{
					"socket":	6,
					"start":	50.000105,
					"end":	60.000108,
					"seconds":	10.000002861022949,
					"bytes":	16928568,
					"bits_per_second":	13542850.525359385,
					"packets":	11691,
					"omitted":	false,
					"sender":	true
				}],
			"sum":	{
				"start":	50.000105,
				"end":	60.000108,
				"seconds":	10.000002861022949,
				"bytes":	16928568,
				"bits_per_second":	13542850.525359385,
				"packets":	11691,
				"omitted":	false,
				"sender":	true
			}
		}, {
			"streams":	[{
					"socket":	6,
					"start":	60.000108,
					"end":	70.000018,
					"seconds":	9.9999103546142578,
					"bytes":	21782264,
					"bits_per_second":	17425967.41575709,
					"packets":	15043,
					"omitted":	false,
					"sender":	true
				}],
			"sum":	{
				"start":	60.000108,
				"end":	70.000018,
				"seconds":	9.9999103546142578,
				"bytes":	21782264,
				"bits_per_second":	17425967.41575709,
				"packets":	15043,
				"omitted":	false,
				"sender":	true
			}
		}, {
			"streams":	[{
					"socket":	6,
					"start":	70.000018,
					"end":	80.000101,
					"seconds":	10.000082969665527,
					"bytes":	11384176,
					"bits_per_second":	9107265.2373249382,
					"packets":	7862,
					"omitted":	false,
					"sender":	true
				}],
			"sum":	{
				"start":	70.000018,
				"end":	80.000101,
				"seconds":	10.000082969665527,
				"bytes":	11384176,
				"bits_per_second":	9107265.2373249382,
				"packets":	7862,
				"omitted":	false,
				"sender":	true
			}
		}, {
			"streams":	[{
					"socket":	6,
					"start":	80.000101,
					"end":	90.000209,
					"seconds":	10.000107765197754,
					"bytes":	15852704,
					"bits_per_second":	12682026.531890286,
					"packets":	10948,
					"omitted":	false,
					"sender":	true
				}],
			"sum":	{
				"start":	80.000101,
				"end":	90.000209,
				"seconds":	10.000107765197754,
				"bytes":	15852704,
				"bits_per_second":	12682026.531890286,
				"packets":	10948,
				"omitted":	false,
				"sender":	true
			}
		}, {
			"streams":	[{
					"socket":	6,
					"start":	90.000209,
					"end":	100.000086,
					"seconds":	9.9998769760131836,
					"bytes":	3130576,
					"bits_per_second":	2504491.6112542963,
					"packets":	2162,
					"omitted":	false,
					"sender":	true
				}],
			"sum":	{
				"start":	90.000209,
				"end":	100.000086,
				"seconds":	9.9998769760131836,
				"bytes":	3130576,
				"bits_per_second":	2504491.6112542963,
				"packets":	2162,
				"omitted":	false,
				"sender":	true
			}
		}, {
			"streams":	[{
					"socket":	6,
					"start":	100.000086,
					"end":	110.000087,
					"seconds":	10.000000953674316,
					"bytes":	20551464,
					"bits_per_second":	16441169.632047879,
					"packets":	14193,
					"omitted":	false,
					"sender":	true
				}],
			"sum":	{
				"start":	100.000086,
				"end":	110.000087,
				"seconds":	10.000000953674316,
				"bytes":	20551464,
				"bits_per_second":	16441169.632047879,
				"packets":	14193,
				"omitted":	false,
				"sender":	true
			}
		}, {
			"streams":	[{
					"socket":	6,
					"start":	110.000087,
					"end":	120.000101,
					"seconds":	10.000014305114746,
					"bytes":	1068624,
					"bits_per_second":	854897.97705863416,
					"packets":	738,
					"omitted":	false,
					"sender":	true
				}],
			"sum":	{
				"start":	110.000087,
				"end":	120.000101,
				"seconds":	10.000014305114746,
				"bytes":	1068624,
				"bits_per_second":	854897.97705863416,
				"packets":	738,
				"omitted":	false,
				"sender":	true
			}
		}, {
			"streams":	[{
					"socket":	6,
					"start":	120.000101,
					"end":	130.000106,
					"seconds":	10.000004768371582,
					"bytes":	11824368,
					"bits_per_second":	9459489.8893637229,
					"packets":	8166,
					"omitted":	false,
					"sender":	true
				}],
			"sum":	{
				"start":	120.000101,
				"end":	130.000106,
				"seconds":	10.000004768371582,
				"bytes":	11824368,
				"bits_per_second":	9459489.8893637229,
				"packets":	8166,
				"omitted":	false,
				"sender":	true
			}
		}, {
			"streams":	[{
					"socket":	6,
					"start":	130.000106,
					"end":	140.000084,
					"seconds":	9.9999780654907227,
					"bytes":	954232,
					"bits_per_second":	763387.27445252542,
					"packets":	659,
					"omitted":	false,
					"sender":	true
				}],
			"sum":	{
				"start":	130.000106,
				"end":	140.000084,
				"seconds":	9.9999780654907227,
				"bytes":	954232,
				"bits_per_second":	763387.27445252542,
				"packets":	659,
				"omitted":	false,
				"sender":	true
			}
		}, {
			"streams":	[{
					"socket":	6,
					"start":	140.000084,
					"end":	150.000097,
					"seconds":	10.00001335144043,
					"bytes":	27233984,
					"bits_per_second":	21787158.111005634,
					"packets":	18808,
					"omitted":	false,
					"sender":	true
				}],
			"sum":	{
				"start":	140.000084,