{
	"start":	{
		"connected":	[{
				"socket":	6,
				"local_host":	"10.20.15.3",
				"local_port":	54670,
				"remote_host":	"10.20.15.2",
				"remote_port":	5201
			}],
		"version":	"iperf 3.7",
		"system_info":	"Linux node2 5.8.0-1006-raspi #9-Ubuntu SMP PREEMPT Fri Oct 16 12:55:30 UTC 2020 aarch64",
		"timestamp":	{
			"time":	"Sun, 08 Aug 2021 11:17:07 GMT",
			"timesecs":	1628421427
		},
		"connecting_to":	{
			"host":	"10.20.15.2",
			"port":	5201
		},
		"cookie":	"hydqwufbi4zk7d7bg57nhanopmzt7p7ter5i",
		"sock_bufsize":	0,
		"sndbuf_actual":	212992,
		"rcvbuf_actual":	212992,
		"test_start":	{
			"protocol":	"UDP",
			"num_streams":	1,
			"blksize":	1448,
			"omit":	0,
			"duration":	300,
			"bytes":	0,
			"blocks":	0,
			"reverse":	0,
			"tos":	0
		}
	},
	"intervals":	[{
			"streams":	[{
					"socket":	6,
					"start":	0,
					"end":	10.000027,
					"seconds":	10.000026702880859,
					"bytes":	60480064,
					"bits_per_second":	48383922.000989527,
					"packets":	41768,
					"omitted":	false,
					"sender":	true
				}],
			"sum":	{
				"start":	0,
				"end":	10.000027,
				"seconds":	10.000026702880859,
				"bytes":	60480064,
				"bits_per_second":	48383922.000989527,
				"packets":	41768,
				"omitted":	false,
				"sender":	true
			}
		}, {
			"streams":	[{
					"socket":	6,
					"start":	10.000027,
					"end":	20.000102,
					"seconds":	10.000075340270996,
					"bytes":	1308992,
					"bits_per_second":	1047185.710474479,
					"packets":	904,
					"omitted":	false,
					"sender":	true
				}],
			"sum":	{
				"start":	10.000027,
				"end":	20.000102,
				"seconds":	10.000075340270996,
				"bytes":	1308992,
				"bits_per_second":	1047185.710474479,
				"packets":	904,
				"omitted":	false,
				"sender":	true
			}
		}, {
			"streams":	[{
					"socket":	6,
					"start":	20.000102,
					"end":	30.000086,
					"seconds":	9.9999837875366211,
					"bytes":	13534456,
					"bits_per_second":	10827582.354178241,
					"packets":	9347,
					"omitted":	false,
					"sender":	true
				}],
			"sum":	{
				"start":	20.000102,
				"end":	30.000086,
				"seconds":	9.9999837875366211,
				"bytes":	13534456,
				"bits_per_second":	10827582.354178241,
				"packets":	9347,
				"omitted":	false,
				"sender":	true
			}
		}, {
			"streams":	[{
					"socket":	6,
					"start":	30.000086,
					"end":	40.000086,
					"seconds":	10,
					"bytes":	949888,
					"bits_per_second":	759910.4,
					"packets":	656,
					"omitted":	false,
					"sender":	true
				}],
			"sum":	{
				"start":	30.000086,
				"end":	40.000086,
				"seconds":	10,
				"bytes":	949888,
				"bits_per_second":	759910.4,
				"packets":	656,
				"omitted":	false,
				"sender":	true
			}
		}, {
			"streams":	[{
					"socket":	6,
					"start":	40.000086,
					"end":	50.000112,
					"seconds":	10.000025749206543,
					"bytes":	20182224,
					"bits_per_second":	16145737.626006708,
					"packets":	13938,
					"omitted":	false,
					"sender":	true
				}],
			"sum":	{
				"start":	40.000086,
				"end":	50.000112,
				"seconds":	10.000025749206543,
				"bytes":	20182224,
				"bits_per_second":	16145737.626006708,
				"packets":	13938,
				"omitted":	false,
				"sender":	true
			}
		}, {
			"streams":	[{
					"socket":	6,
					"start":	50.000112,
					"end":	60.000224,
					"seconds":	10.00011157989502,
					"bytes":	858664,
					"bits_per_second":	686923.53531440429,
					"packets":	593,
					"omitted":	false,
					"sender":	true
				}],
			"sum":	{
				"start":	50.000112,
				"end":	60.000224,
				"seconds":	10.00011157989502,
				"bytes":	858664,
				"bits_per_second":	686923.53531440429,
				"packets":	593,
				"omitted":	false,
				"sender":	true
			}
		}, {
			"streams":	[{
					"socket":	6,
					"start":	60.000224,
					"end":	70.000096,
					"seconds":	9.9998722076416016,
					"bytes":	13363592,
					"bits_per_second":	10691010.222941006,
					"packets":	9229,
					"omitted":	false,
					"sender":	true
				}],
			"sum":	{
				"start":	60.000224,
				"end":	70.000096,
				"seconds":	9.9998722076416016,
				"bytes":	13363592,
				"bits_per_second":	10691010.222941006,
				"packets":	9229,
				"omitted":	false,
				"sender":	true
			}
		}, {
			"streams":	[{
					"socket":	6,
					"start":	70.000096,
					"end":	80.00009,
					"seconds":	9.9999942779541016,
					"bytes":	957128,
					"bits_per_second":	765702.83813867846,
					"packets":	661,
					"omitted":	false,
					"sender":	true
				}],
			"sum":	{
				"start":	70.000096,
				"end":	80.00009,
				"seconds":	9.9999942779541016,
				"bytes":	957128,
				"bits_per_second":	765702.83813867846,
				"packets":	661,
				"omitted":	false,
				"sender":	true
			}
		}, {
			"streams":	[{
					"socket":	6,
					"start":	80.00009,
					"end":	90.000141,
					"seconds":	10.00005054473877,
					"bytes":	19788368,
					"bits_per_second":	15830614.384573137,
					"packets":	13666,
					"omitted":	false,
					"sender":	true
				}],
			"sum":	{
				"start":	80.00009,
				"end":	90.000141,
				"seconds":	10.00005054473877,
				"bytes":	19788368,
				"bits_per_second":	15830614.384573137,
				"packets":	13666,
				"omitted":	false,
				"sender":	true
			}
		}, {
			"streams":	[{
					"socket":	6,
					"start":	90.000141,
					"end":	100.000096,
					"seconds":	9.9999551773071289,
					"bytes":	1051248,
					"bits_per_second":	841002.16959819524,
					"packets":	726,
					"omitted":	false,
					"sender":	true
				}],
			"sum":	{
				"start":	90.000141,
				"end":	100.000096,
				"seconds":	9.9999551773071289,
				"bytes":	1051248,
				"bits_per_second":	841002.16959819524,
				"packets":	726,
				"omitted":	false,
				"sender":	true
			}
		}, {
			"streams":	[{
					"socket":	6,
					"start":	100.000096,
					"end":	110.000092,
					"seconds":	9.9999961853027344,
					"bytes":	17565688,
					"bits_per_second":	14052555.760624604,
					"packets":	12131,
					"omitted":	false,
					"sender":	true
				}],
			"sum":	{
				"start":	100.000096,
				"end":	110.000092,
				"seconds":	9.9999961853027344,
				"bytes":	17565688,
				"bits_per_second":	14052555.760624604,
				"packets":	12131,
				"omitted":	false,
				"sender":	true
			}
		}, {
			"streams":	[{
					"socket":	6,
					"start":	110.000092,
					"end":	120.000051,
					"seconds":	9.9999589920043945,
					"bytes":	9293264,
					"bits_per_second":	7434641.6879753666,
					"packets":	6418,
					"omitted":	false,
					"sender":	true
				}],
			"sum":	{
				"start":	110.000092,
				"end":	120.000051,
				"seconds":	9.9999589920043945,
				"bytes":	9293264,
				"bits_per_second":	7434641.6879753666,
				"packets":	6418,
				"omitted":	false,
				"sender":	true
			}
		}, {
			"streams":	[{
					"socket":	6,
					"start":	120.000051,
					"end":	130.000089,
					"seconds":	10.000038146972656,
					"bytes":	12555608,
					"bits_per_second":	10044448.083471362,
					"packets":	8671,
					"omitted":	false,
					"sender":	true
				}],
			"sum":	{
				"start":	120.000051,
				"end":	130.000089,
				"seconds":	10.000038146972656,
				"bytes":	12555608,
				"bits_per_second":	10044448.083471362,
				"packets":	8671,
				"omitted":	false,
				"sender":	true
			}
		}, {
			"streams":	[{
					"socket":	6,
					"start":	130.000089,
					"end":	140.000092,
					"seconds":	10.000002861022949,
					"bytes":	17307944,
					"bits_per_second":	13846351.238527134,
					"packets":	11953,
					"omitted":	false,
					"sender":	true
				}],
			"sum":	{
				"start":	130.000089,
				"end":	140.000092,
				"seconds":	10.000002861022949,
				"bytes":	17307944,
				"bits_per_second":	13846351.238527134,
				"packets":	11953,
				"omitted":	false,
				"sender":	true
			}
		}, {
			"streams":	[{
					"socket":	6,
					"start":	140.000092,
					"end":	150.000092,
					"seconds":	10,
					"bytes":	3879192,
					"bits_per_second":	3103353.6,
					"packets":	2679,
					"omitted":	false,
					"sender":	true
				}],
			"sum":	{
				"start":	140.000092,
				"end":	150.000092,
				"seconds":	10,
				"bytes":	3879192,
				"bits_per_second":	3103353.6,