{
	"start":	{
		"connected":	[{
				"socket":	6,
				"local_host":	"10.20.15.3",
				"local_port":	34917,
				"remote_host":	"10.20.15.2",
				"remote_port":	5201
			}],
		"version":	"iperf 3.7",
		"system_info":	"Linux node2 5.8.0-1006-raspi #9-Ubuntu SMP PREEMPT Fri Oct 16 12:55:30 UTC 2020 aarch64",
		"timestamp":	{
			"time":	"Sun, 08 Aug 2021 12:49:46 GMT",
			"timesecs":	1628426986
		},
		"connecting_to":	{
			"host":	"10.20.15.2",
			"port":	5201
		},
		"cookie":	"giiuoycawqszg4nmuqepvjsgonusgdoxuiof",
		"sock_bufsize":	0,
		"sndbuf_actual":	212992,
		"rcvbuf_actual":	212992,
		"test_start":	{
			"protocol":	"UDP",
			"num_streams":	1,
			"blksize":	1448,
			"omit":	0,
			"duration":	300,
			"bytes":	0,
			"blocks":	0,
			"reverse":	0,
			"tos":	0
		}
	},
	"intervals":	[{
			"streams":	[{
					"socket":	6,
					"start":	0,
					"end":	10.000084,
					"seconds":	10.000083923339844,
					"bytes":	30651264,
					"bits_per_second":	24520805.413211405,
					"packets":	21168,
					"omitted":	false,
					"sender":	true
				}],
			"sum":	{
				"start":	0,
				"end":	10.000084,
				"seconds":	10.000083923339844,
				"bytes":	30651264,
				"bits_per_second":	24520805.413211405,
				"packets":	21168,
				"omitted":	false,
				"sender":	true
			}
		}, {
			"streams":	[{
					"socket":	6,
					"start":	10.000084,
					"end":	20.00009,
					"seconds":	10.000005722045898,
					"bytes":	796400,
					"bits_per_second":	637119.63543722034,
					"packets":	550,
					"omitted":	false,
					"sender":	true
				}],
			"sum":	{
				"start":	10.000084,
				"end":	20.00009,
				"seconds":	10.000005722045898,
				"bytes":	796400,
				"bits_per_second":	637119.63543722034,
				"packets":	550,
				"omitted":	false,
				"sender":	true
			}
		}, {
			"streams":	[{
					"socket":	6,
					"start":	20.00009,
					"end":	30.000137,
					"seconds":	10.000046730041504,
					"bytes":	20628208,
					"bits_per_second":	16502489.283799086,
					"packets":	14246,
					"omitted":	false,
					"sender":	true
				}],
			"sum":	{
				"start":	20.00009,
				"end":	30.000137,
				"seconds":	10.000046730041504,
				"bytes":	20628208,
				"bits_per_second":	16502489.283799086,
				"packets":	14246,
				"omitted":	false,
				"sender":	true
			}
		}, {
			"streams":	[{
					"socket":	6,
					"start":	30.000137,
					"end":	40.000105,
					"seconds":	9.9999675750732422,
					"bytes":	841288,
					"bits_per_second":	673032.58230321866,
					"packets":	581,
					"omitted":	false,
					"sender":	true
				}],
			"sum":	{
				"start":	30.000137,
				"end":	40.000105,
				"seconds":	9.9999675750732422,
				"bytes":	841288,
				"bits_per_second":	673032.58230321866,
				"packets":	581,
				"omitted":	false,
				"sender":	true
			}
		}, {
			"streams":	[{
					"socket":	6,
					"start":	40.000105,
					"end":	50.000097,
					"seconds":	9.9999923706054688,
					"bytes":	3357912,
					"bits_per_second":	2686331.6495083994,
					"packets":	2319,
					"omitted":	false,
					"sender":	true
				}],
			"sum":	{
				"start":	40.000105,
				"end":	50.000097,
				"seconds":	9.9999923706054688,
				"bytes":	3357912,
				"bits_per_second":	2686331.6495083994,
				"packets":	2319,
				"omitted":	false,
				"sender":	true
			}
		}, {
			"streams":	[{
					"socket":	6,
					"start":	50.000097,
					"end":	60.000077,
					"seconds":	9.9999799728393555,
					"bytes":	18016016,
					"bits_per_second":	14412841.664829537,
					"packets":	12442,
					"omitted":	false,
					"sender":	true
				}],
			"sum":	{
				"start":	50.000097,
				"end":	60.000077,
				"seconds":	9.9999799728393555,
				"bytes":	18016016,
				"bits_per_second":	14412841.664829537,
				"packets":	12442,
				"omitted":	false,
				"sender":	true
			}
		}, {
			"streams":	[{
					"socket":	6,
					"start":	60.000077,
					"end":	70.000114,
					"seconds":	10.00003719329834,
					"bytes":	771784,
					"bits_per_second":	617424.90359313576,
					"packets":	533,
					"omitted":	false,
					"sender":	true
				}],
			"sum":	{
				"start":	60.000077,
				"end":	70.000114,
				"seconds":	10.00003719329834,
				"bytes":	771784,
				"bits_per_second":	617424.90359313576,
				"packets":	533,
				"omitted":	false,
				"sender":	true
			}
		}, {
			"streams":	[{
					"socket":	6,
					"start":	70.000114,
					"end":	80.000089,
					"seconds":	9.9999752044677734,
					"bytes":	18951424,
					"bits_per_second":	15161176.792944776,
					"packets":	13088,
					"omitted":	false,
					"sender":	true
				}],
			"sum":	{
				"start":	70.000114,
				"end":	80.000089,
				"seconds":	9.9999752044677734,
				"bytes":	18951424,
				"bits_per_second":	15161176.792944776,
				"packets":	13088,
				"omitted":	false,
				"sender":	true
			}
		}, {
			"streams":	[{
					"socket":	6,
					"start":	80.000089,
					"end":	90.000097,
					"seconds":	10.000007629394531,
					"bytes":	787712,
					"bits_per_second":	630169.11921911675,
					"packets":	544,
					"omitted":	false,
					"sender":	true
				}],
			"sum":	{
				"start":	80.000089,
				"end":	90.000097,
				"seconds":	10.000007629394531,
				"bytes":	787712,
				"bits_per_second":	630169.11921911675,
				"packets":	544,
				"omitted":	false,
				"sender":	true
			}
		}, {
			"streams":	[{
					"socket":	6,
					"start":	90.000097,
					"end":	100.000054,
					"seconds":	9.9999570846557617,
					"bytes":	19647912,
					"bits_per_second":	15718397.056042053,
					"packets":	13569,
					"omitted":	false,
					"sender":	true
				}],
			"sum":	{
				"start":	90.000097,
				"end":	100.000054,
				"seconds":	9.9999570846557617,
				"bytes":	19647912,
				"bits_per_second":	15718397.056042053,
				"packets":	13569,
				"omitted":	false,
				"sender":	true
			}
		}, {
			"streams":	[{
					"socket":	6,
					"start":	100.000054,
					"end":	110.00009,
					"seconds":	10.000036239624023,
					"bytes":	2114080,
					"bits_per_second":	1691257.870945063,
					"packets":	1460,
					"omitted":	false,
					"sender":	true
				}],
			"sum":	{
				"start":	100.000054,
				"end":	110.00009,
				"seconds":	10.000036239624023,
				"bytes":	2114080,
				"bits_per_second":	1691257.870945063,
				"packets":	1460,
				"omitted":	false,
				"sender":	true
			}
		}, {
			"streams":	[{
					"socket":	6,
					"start":	110.00009,
					"end":	120.000102,
					"seconds":	10.000012397766113,
					"bytes":	744272,
					"bits_per_second":	595416.86181610078,
					"packets":	514,
					"omitted":	false,
					"sender":	true
				}],
			"sum":	{
				"start":	110.00009,
				"end":	120.000102,
				"seconds":	10.000012397766113,
				"bytes":	744272,
				"bits_per_second":	595416.86181610078,
				"packets":	514,
				"omitted":	false,
				"sender":	true
			}
		}, {
			"streams":	[{
					"socket":	6,
					"start":	120.000102,
					"end":	130.000086,
					"seconds":	9.9999837875366211,
					"bytes":	15412512,
					"bits_per_second":	12330029.590015318,
					"packets":	10644,
					"omitted":	false,
					"sender":	true
				}],
			"sum":	{
				"start":	120.000102,
				"end":	130.000086,
				"seconds":	9.9999837875366211,
				"bytes":	15412512,
				"bits_per_second":	12330029.590015318,
				"packets":	10644,
				"omitted":	false,
				"sender":	true
			}
		}, {
			"streams":	[{
					"socket":	6,
					"start":	130.000086,
					"end":	140.000091,
					"seconds":	10.000004768371582,
					"bytes":	767440,
					"bits_per_second":	613951.70724501263,
					"packets":	530,
					"omitted":	false,
					"sender":	true
				}],
			"sum":	{
				"start":	130.000086,
				"end":	140.000091,
				"seconds":	10.000004768371582,
				"bytes":	767440,
				"bits_per_second":	613951.70724501263,
				"packets":	530,
				"omitted":	false,
				"sender":	true
			}
		}, {
			"streams":	[{
					"socket":	6,
					"start":	140.000091,
					"end":	150.0001,
					"seconds":	10.000008583068848,
					"bytes":	13764688,
					"bits_per_second":	11011740.948546931,
					"packets":	9506,
					"omitted":	false,
					"sender":	true
				}],
			"sum":	{
				"start":	140.000091,
				"end":	150.0001,