{
	"start":	{
		"connected":	[{
				"socket":	6,
				"local_host":	"10.20.15.3",
				"local_port":	60635,
				"remote_host":	"10.20.15.2",
				"remote_port":	5201
			}],
		"version":	"iperf 3.7",
		"system_info":	"Linux node2 5.8.0-1006-raspi #9-Ubuntu SMP PREEMPT Fri Oct 16 12:55:30 UTC 2020 aarch64",
		"timestamp":	{
			"time":	"Sun, 08 Aug 2021 08:23:35 GMT",
			"timesecs":	1628411015
		},
		"connecting_to":	{
			"host":	"10.20.15.2",
			"port":	5201
		},
		"cookie":	"hjlnsngfj4thhehrqacbyihjfngdumzqoqrw",
		"sock_bufsize":	0,
		"sndbuf_actual":	212992,
		"rcvbuf_actual":	212992,
		"test_start":	{
			"protocol":	"UDP",
			"num_streams":	1,
			"blksize":	1448,
			"omit":	0,
			"duration":	300,
			"bytes":	0,
			"blocks":	0,
			"reverse":	0,
			"tos":	0
		}
	},
	"intervals":	[{
			"streams":	[{
					"socket":	6,
					"start":	0,
					"end":	10.000097,
					"seconds":	10.000097274780273,
					"bytes":	18973144,
					"bits_per_second":	15178367.55276314,
					"packets":	13103,
					"omitted":	false,
					"sender":	true
				}],
			"sum":	{
				"start":	0,
				"end":	10.000097,
				"seconds":	10.000097274780273,
				"bytes":	18973144,
				"bits_per_second":	15178367.55276314,
				"packets":	13103,
				"omitted":	false,
				"sender":	true
			}
		}, {
			"streams":	[{
					"socket":	6,
					"start":	10.000097,
					"end":	20.000095,
					"seconds":	9.9999980926513672,
					"bytes":	18079728,
					"bits_per_second":	14463785.158748085,
					"packets":	12486,
					"omitted":	false,
					"sender":	true
				}],
			"sum":	{
				"start":	10.000097,
				"end":	20.000095,
				"seconds":	9.9999980926513672,
				"bytes":	18079728,
				"bits_per_second":	14463785.158748085,
				"packets":	12486,
				"omitted":	false,
				"sender":	true
			}
		}, {
			"streams":	[{
					"socket":	6,
					"start":	20.000095,
					"end":	30.000098,
					"seconds":	10.000002861022949,
					"bytes":	16666480,
					"bits_per_second":	13333180.185346551,
					"packets":	11510,
					"omitted":	false,
					"sender":	true
				}],
			"sum":	{
				"start":	20.000095,
				"end":	30.000098,
				"seconds":	10.000002861022949,
				"bytes":	16666480,
				"bits_per_second":	13333180.185346551,
				"packets":	11510,
				"omitted":	false,
				"sender":	true
			}
		}, {
			"streams":	[{
					"socket":	6,
					"start":	30.000098,
					"end":	40.000085,
					"seconds":	9.99998664855957,
					"bytes":	44948816,
					"bits_per_second":	35959100.81057924,
					"packets":	31042,
					"omitted":	false,
					"sender":	true
				}],
			"sum":	{
				"start":	30.000098,
				"end":	40.000085,
				"seconds":	9.99998664855957,
				"bytes":	44948816,
				"bits_per_second":	35959100.81057924,
				"packets":	31042,
				"omitted":	false,
				"sender":	true
			}
		}, {
			"streams":	[{
					"socket":	6,
					"start":	40.000085,
					"end":	50.000092,
					"seconds":	10.000006675720215,
					"bytes":	14020984,
					"bits_per_second":	11216779.711991694,
					"packets":	9683,
					"omitted":	false,
					"sender":	true
				}],
			"sum":	{
				"start":	40.000085,
				"end":	50.000092,
				"seconds":	10.000006675720215,
				"bytes":	14020984,
				"bits_per_second":	11216779.711991694,
				"packets":	9683,
				"omitted":	false,
				"sender":	true
			}
		}, {
			"streams":	[{
					"socket":	6,
					"start":	50.000092,
					"end":	60.00008,
					"seconds":	9.9999876022338867,
					"bytes":	22509160,
					"bits_per_second":	18007350.325091764,
					"packets":	15545,
					"omitted":	false,
					"sender":	true
				}],
			"sum":	{
				"start":	50.000092,
				"end":	60.00008,
				"seconds":	9.9999876022338867,
				"bytes":	22509160,
				"bits_per_second":	18007350.325091764,
				"packets":	15545,
				"omitted":	false,
				"sender":	true
			}
		}, {
			"streams":	[{
					"socket":	6,
					"start":	60.00008,
					"end":	70.000096,
					"seconds":	10.000016212463379,
					"bytes":	16712816,
					"bits_per_second":	13370231.123561755,
					"packets":	11542,
					"omitted":	false,
					"sender":	true
				}],
			"sum":	{
				"start":	60.00008,
				"end":	70.000096,
				"seconds":	10.000016212463379,
				"bytes":	16712816,
				"bits_per_second":	13370231.123561755,
				"packets":	11542,
				"omitted":	false,
				"sender":	true
			}
		}, {
			"streams":	[{
					"socket":	6,
					"start":	70.000096,
					"end":	80.000091,
					"seconds":	9.999995231628418,
					"bytes":	13724144,
					"bits_per_second":	10979320.435347956,
					"packets":	9478,
					"omitted":	false,
					"sender":	true
				}],
			"sum":	{
				"start":	70.000096,
				"end":	80.000091,
				"seconds":	9.999995231628418,
				"bytes":	13724144,
				"bits_per_second":	10979320.435347956,
				"packets":	9478,
				"omitted":	false,
				"sender":	true
			}
		}, {
			"streams":	[{
					"socket":	6,
					"start":	80.000091,
					"end":	90.00009,
					"seconds":	9.9999990463256836,
					"bytes":	19707280,
					"bits_per_second":	15765825.503546286,
					"packets":	13610,
					"omitted":	false,
					"sender":	true
				}],
			"sum":	{
				"start":	80.000091,
				"end":	90.00009,
				"seconds":	9.9999990463256836,
				"bytes":	19707280,
				"bits_per_second":	15765825.503546286,
				"packets":	13610,
				"omitted":	false,
				"sender":	true
			}
		}, {
			"streams":	[{
					"socket":	6,
					"start":	90.00009,
					"end":	100.000081,
					"seconds":	9.9999914169311523,
					"bytes":	14025328,
					"bits_per_second":	11220272.030436732,
					"packets":	9686,
					"omitted":	false,
					"sender":	true
				}],
			"sum":	{
				"start":	90.00009,
				"end":	100.000081,
				"seconds":	9.9999914169311523,
				"bytes":	14025328,
				"bits_per_second":	11220272.030436732,
				"packets":	9686,
				"omitted":	false,
				"sender":	true
			}
		}, {
			"streams":	[{
					"socket":	6,
					"start":	100.000081,
					"end":	110.000088,
					"seconds":	10.000006675720215,
					"bytes":	14089040,
					"bits_per_second":	11271224.475645892,
					"packets":	9730,
					"omitted":	false,
					"sender":	true
				}],
			"sum":	{
				"start":	100.000081,
				"end":	110.000088,
				"seconds":	10.000006675720215,
				"bytes":	14089040,
				"bits_per_second":	11271224.475645892,
				"packets":	9730,
				"omitted":	false,
				"sender":	true
			}
		}, {
			"streams":	[{
					"socket":	6,
					"start":	110.000088,
					"end":	120.000098,
					"seconds":	10.000009536743164,
					"bytes":	16061216,
					"bits_per_second":	12848960.546276335,
					"packets":	11092,
					"omitted":	false,
					"sender":	true
				}],
			"sum":	{
				"start":	110.000088,
				"end":	120.000098,
				"seconds":	10.000009536743164,
				"bytes":	16061216,
				"bits_per_second":	12848960.546276335,
				"packets":	11092,
				"omitted":	false,
				"sender":	true
			}
		}, {
			"streams":	[{
					"socket":	6,
					"start":	120.000098,
					"end":	130.000091,
					"seconds":	9.9999933242797852,
					"bytes":	11599928,
					"bits_per_second":	9279948.5950340424,
					"packets":	8011,
					"omitted":	false,
					"sender":	true
				}],
			"sum":	{
				"start":	120.000098,
				"end":	130.000091,
				"seconds":	9.9999933242797852,
				"bytes":	11599928,
				"bits_per_second":	9279948.5950340424,
				"packets":	8011,
				"omitted":	false,
				"sender":	true
			}
		}, {
			"streams":	[{
					"socket":	6,
					"start":	130.000091,
					"end":	140.000139,
					"seconds":	10.00004768371582,
					"bytes":	13858808,
					"bits_per_second":	11086993.533095106,
					"packets":	9571,
					"omitted":	false,
					"sender":	true
				}],
			"sum":	{
				"start":	130.000091,
				"end":	140.000139,
				"seconds":	10.00004768371582,
				"bytes":	13858808,
				"bits_per_second":	11086993.533095106,
				"packets":	9571,
				"omitted":	false,
				"sender":	true
			}
		}, {
			"streams":	[{
					"socket":	6,
					"start":	140.000139,
					"end":	150.00008,
					"seconds":	9.9999408721923828,
					"bytes":	24265584,
					"bits_per_second":	19412581.982341282,
					"packets":	16758,
					"omitted":	false,
					"sender":	true
				}],
			"sum":	{
				"start":	140.000139,