{
	"start":	{
		"connected":	[{
				"socket":	6,
				"local_host":	"10.20.15.3",
				"local_port":	42664,
				"remote_host":	"10.20.15.2",
				"remote_port":	5201
			}],
		"version":	"iperf 3.7",
		"system_info":	"Linux node2 5.8.0-1006-raspi #9-Ubuntu SMP PREEMPT Fri Oct 16 12:55:30 UTC 2020 aarch64",
		"timestamp":	{
			"time":	"Sun, 08 Aug 2021 13:00:05 GMT",
			"timesecs":	1628427605
		},
		"connecting_to":	{
			"host":	"10.20.15.2",
			"port":	5201
		},
		"cookie":	"izqjwis34opjidvp2hpmplxil2oomn74cosn",
		"sock_bufsize":	0,
		"sndbuf_actual":	212992,
		"rcvbuf_actual":	212992,
		"test_start":	{
			"protocol":	"UDP",
			"num_streams":	1,
			"blksize":	1448,
			"omit":	0,
			"duration":	300,
			"bytes":	0,
			"blocks":	0,
			"reverse":	0,
			"tos":	0
		}
	},
	"intervals":	[{
			"streams":	[{
					"socket":	6,
					"start":	0,
					"end":	10.000079,
					"seconds":	10.000079154968262,
					"bytes":	41499680,
					"bits_per_second":	33199481.209611855,
					"packets":	28660,
					"omitted":	false,
					"sender":	true
				}],
			"sum":	{
				"start":	0,
				"end":	10.000079,
				"seconds":	10.000079154968262,
				"bytes":	41499680,
				"bits_per_second":	33199481.209611855,
				"packets":	28660,
				"omitted":	false,
				"sender":	true
			}
		}, {
			"streams":	[{
					"socket":	6,
					"start":	10.000079,
					"end":	20.000103,
					"seconds":	10.00002384185791,
					"bytes":	777576,
					"bits_per_second":	622059.31689501554,
					"packets":	537,
					"omitted":	false,
					"sender":	true
				}],
			"sum":	{
				"start":	10.000079,
				"end":	20.000103,
				"seconds":	10.00002384185791,
				"bytes":	777576,
				"bits_per_second":	622059.31689501554,
				"packets":	537,
				"omitted":	false,
				"sender":	true
			}
		}, {
			"streams":	[{
					"socket":	6,
					"start":	20.000103,
					"end":	30.000046,
					"seconds":	9.9999427795410156,
					"bytes":	13120328,
					"bits_per_second":	10496322.460438883,
					"packets":	9061,
					"omitted":	false,
					"sender":	true
				}],
			"sum":	{
				"start":	20.000103,
				"end":	30.000046,
				"seconds":	9.9999427795410156,
				"bytes":	13120328,
				"bits_per_second":	10496322.460438883,
				"packets":	9061,
				"omitted":	false,
				"sender":	true
			}
		}, {
			"streams":	[{
					"socket":	6,
					"start":	30.000046,
					"end":	40.000079,
					"seconds":	10.000033378601074,
					"bytes":	5289544,
					"bits_per_second":	4231621.0754408222,
					"packets":	3653,
					"omitted":	false,
					"sender":	true
				}],
			"sum":	{
				"start":	30.000046,
				"end":	40.000079,
				"seconds":	10.000033378601074,
				"bytes":	5289544,
				"bits_per_second":	4231621.0754408222,
				"packets":	3653,
				"omitted":	false,
				"sender":	true
			}
		}, {
			"streams":	[{
					"socket":	6,
					"start":	40.000079,
					"end":	50.000112,
					"seconds":	10.000033378601074,
					"bytes":	803640,
					"bits_per_second":	642909.85405684542,
					"packets":	555,
					"omitted":	false,
					"sender":	true
				}],
			"sum":	{
				"start":	40.000079,
				"end":	50.000112,
				"seconds":	10.000033378601074,
				"bytes":	803640,
				"bits_per_second":	642909.85405684542,
				"packets":	555,
				"omitted":	false,
				"sender":	true
			}
		}, {
			"streams":	[{
					"socket":	6,
					"start":	50.000112,
					"end":	60.000102,
					"seconds":	9.9999904632568359,
					"bytes":	10526960,
					"bits_per_second":	8421576.0314407647,
					"packets":	7270,
					"omitted":	false,
					"sender":	true
				}],
			"sum":	{
				"start":	50.000112,
				"end":	60.000102,
				"seconds":	9.9999904632568359,
				"bytes":	10526960,
				"bits_per_second":	8421576.0314407647,
				"packets":	7270,
				"omitted":	false,
				"sender":	true
			}
		}, {
			"streams":	[{
					"socket":	6,
					"start":	60.000102,
					"end":	70.000087,
					"seconds":	9.9999847412109375,
					"bytes":	745720,
					"bits_per_second":	596576.91030412342,
					"packets":	515,
					"omitted":	false,
					"sender":	true
				}],
			"sum":	{
				"start":	60.000102,
				"end":	70.000087,
				"seconds":	9.9999847412109375,
				"bytes":	745720,
				"bits_per_second":	596576.91030412342,
				"packets":	515,
				"omitted":	false,
				"sender":	true
			}
		}, {
			"streams":	[{
					"socket":	6,
					"start":	70.000087,
					"end":	80.000763,
					"seconds":	10.000676155090332,
					"bytes":	11883736,
					"bits_per_second":	9506346.02357457,
					"packets":	8207,
					"omitted":	false,
					"sender":	true
				}],
			"sum":	{
				"start":	70.000087,
				"end":	80.000763,
				"seconds":	10.000676155090332,
				"bytes":	11883736,
				"bits_per_second":	9506346.02357457,
				"packets":	8207,
				"omitted":	false,
				"sender":	true
			}
		}, {
			"streams":	[{
					"socket":	6,
					"start":	80.000763,
					"end":	90.000085,
					"seconds":	9.9993219375610352,
					"bytes":	818120,
					"bits_per_second":	654540.381924777,
					"packets":	565,
					"omitted":	false,
					"sender":	true
				}],
			"sum":	{
				"start":	80.000763,
				"end":	90.000085,
				"seconds":	9.9993219375610352,
				"bytes":	818120,
				"bits_per_second":	654540.381924777,
				"packets":	565,
				"omitted":	false,
				"sender":	true
			}
		}, {
			"streams":	[{
					"socket":	6,
					"start":	90.000085,
					"end":	100.000042,
					"seconds":	9.9999570846557617,
					"bytes":	2455808,
					"bits_per_second":	1964654.8313838397,
					"packets":	1696,
					"omitted":	false,
					"sender":	true
				}],
			"sum":	{
				"start":	90.000085,
				"end":	100.000042,
				"seconds":	9.9999570846557617,
				"bytes":	2455808,
				"bits_per_second":	1964654.8313838397,
				"packets":	1696,
				"omitted":	false,
				"sender":	true
			}
		}, {
			"streams":	[{
					"socket":	6,
					"start":	100.000042,
					"end":	110.000128,
					"seconds":	10.000085830688477,
					"bytes":	9581416,
					"bits_per_second":	7665067.0102021294,
					"packets":	6617,
					"omitted":	false,
					"sender":	true
				}],
			"sum":	{
				"start":	100.000042,
				"end":	110.000128,
				"seconds":	10.000085830688477,
				"bytes":	9581416,
				"bits_per_second":	7665067.0102021294,
				"packets":	6617,
				"omitted":	false,
				"sender":	true
			}
		}, {
			"streams":	[{
					"socket":	6,
					"start":	110.000128,
					"end":	120.000088,
					"seconds":	9.9999599456787109,
					"bytes":	792056,
					"bits_per_second":	633647.33803140617,
					"packets":	547,
					"omitted":	false,
					"sender":	true
				}],
			"sum":	{
				"start":	110.000128,
				"end":	120.000088,
				"seconds":	9.9999599456787109,
				"bytes":	792056,
				"bits_per_second":	633647.33803140617,
				"packets":	547,
				"omitted":	false,
				"sender":	true
			}
		}, {
			"streams":	[{
					"socket":	6,
					"start":	120.000088,
					"end":	130.000087,
					"seconds":	9.9999990463256836,
					"bytes":	12342752,
					"bits_per_second":	9874202.5416773353,
					"packets":	8524,
					"omitted":	false,
					"sender":	true
				}],
			"sum":	{
				"start":	120.000088,
				"end":	130.000087,
				"seconds":	9.9999990463256836,
				"bytes":	12342752,
				"bits_per_second":	9874202.5416773353,
				"packets":	8524,
				"omitted":	false,
				"sender":	true
			}
		}, {
			"streams":	[{
					"socket":	6,
					"start":	130.000087,
					"end":	140.000079,
					"seconds":	9.9999923706054688,
					"bytes":	822464,
					"bits_per_second":	657971.70199257054,
					"packets":	568,
					"omitted":	false,
					"sender":	true
				}],
			"sum":	{
				"start":	130.000087,
				"end":	140.000079,
				"seconds":	9.9999923706054688,
				"bytes":	822464,
				"bits_per_second":	657971.70199257054,
				"packets":	568,
				"omitted":	false,
				"sender":	true
			}
		}, {
			"streams":	[{
					"socket":	6,
					"start":	140.000079,
					"end":	150.000083,
					"seconds":	10.000003814697266,
					"bytes":	16944496,
					"bits_per_second":	13555591.628952168,
					"packets":	11702,
					"omitted":	false,
					"sender":	true
				}],
			"sum":	{
				"start":	140.000079,
				"end":	150.000083,