{
	"start":	{
		"connected":	[{
				"socket":	6,
				"local_host":	"10.20.15.3",
				"local_port":	59329,
				"remote_host":	"10.20.15.2",
				"remote_port":	5201
			}],
		"version":	"iperf 3.7",
		"system_info":	"Linux node2 5.8.0-1006-raspi #9-Ubuntu SMP PREEMPT Fri Oct 16 12:55:30 UTC 2020 aarch64",
		"timestamp":	{
			"time":	"Sun, 08 Aug 2021 11:22:12 GMT",
			"timesecs":	1628421732
		},
		"connecting_to":	{
			"host":	"10.20.15.2",
			"port":	5201
		},
		"cookie":	"2reyq2bue6je5b74frovezyt4w4t2sxecghd",
		"sock_bufsize":	0,
		"sndbuf_actual":	212992,
		"rcvbuf_actual":	212992,
		"test_start":	{
			"protocol":	"UDP",
			"num_streams":	1,
			"blksize":	1448,
			"omit":	0,
			"duration":	300,
			"bytes":	0,
			"blocks":	0,
			"reverse":	0,
			"tos":	0
		}
	},
	"intervals":	[{
			"streams":	[{
					"socket":	6,
					"start":	0,
					"end":	10.000012,
					"seconds":	10.000012397766113,
					"bytes":	56437248,
					"bits_per_second":	45149742.424405336,
					"packets":	38976,
					"omitted":	false,
					"sender":	true
				}],
			"sum":	{
				"start":	0,
				"end":	10.000012,
				"seconds":	10.000012397766113,
				"bytes":	56437248,
				"bits_per_second":	45149742.424405336,
				"packets":	38976,
				"omitted":	false,
				"sender":	true
			}
		}, {
			"streams":	[{
					"socket":	6,
					"start":	10.000012,
					"end":	20.000086,
					"seconds":	10.00007438659668,
					"bytes":	27947848,
					"bits_per_second":	22358112.085613377,
					"packets":	19301,
					"omitted":	false,
					"sender":	true
				}],
			"sum":	{
				"start":	10.000012,
				"end":	20.000086,
				"seconds":	10.00007438659668,
				"bytes":	27947848,
				"bits_per_second":	22358112.085613377,
				"packets":	19301,
				"omitted":	false,
				"sender":	true
			}
		}, {
			"streams":	[{
					"socket":	6,
					"start":	20.000086,
					"end":	30.0001,
					"seconds":	10.000014305114746,
					"bytes":	13627128,
					"bits_per_second":	10901686.805011934,
					"packets":	9411,
					"omitted":	false,
					"sender":	true
				}],
			"sum":	{
				"start":	20.000086,
				"end":	30.0001,
				"seconds":	10.000014305114746,
				"bytes":	13627128,
				"bits_per_second":	10901686.805011934,
				"packets":	9411,
				"omitted":	false,
				"sender":	true
			}
		}, {
			"streams":	[{
					"socket":	6,
					"start":	30.0001,
					"end":	40.000103,
					"seconds":	10.000002861022949,
					"bytes":	21553480,
					"bits_per_second":	17242779.066801339,
					"packets":	14885,
					"omitted":	false,
					"sender":	true
				}],
			"sum":	{
				"start":	30.0001,
				"end":	40.000103,
				"seconds":	10.000002861022949,
				"bytes":	21553480,
				"bits_per_second":	17242779.066801339,
				"packets":	14885,
				"omitted":	false,
				"sender":	true
			}
		}, {
			"streams":	[{
					"socket":	6,
					"start":	40.000103,
					"end":	50.000097,
					"seconds":	9.9999942779541016,
					"bytes":	18789248,
					"bits_per_second":	15031407.001040079,
					"packets":	12976,
					"omitted":	false,
					"sender":	true
				}],
			"sum":	{
				"start":	40.000103,
				"end":	50.000097,
				"seconds":	9.9999942779541016,
				"bytes":	18789248,
				"bits_per_second":	15031407.001040079,
				"packets":	12976,
				"omitted":	false,
				"sender":	true
			}
		}, {
			"streams":	[{
					"socket":	6,
					"start":	50.000097,
					"end":	60.000086,
					"seconds":	9.9999885559082031,
					"bytes":	13344768,
					"bits_per_second":	10675826.617513983,
					"packets":	9216,
					"omitted":	false,
					"sender":	true
				}],
			"sum":	{
				"start":	50.000097,
				"end":	60.000086,
				"seconds":	9.9999885559082031,
				"bytes":	13344768,
				"bits_per_second":	10675826.617513983,
				"packets":	9216,
				"omitted":	false,
				"sender":	true
			}
		}, {
			"streams":	[{
					"socket":	6,
					"start":	60.000086,
					"end":	70.000093,
					"seconds":	10.000006675720215,
					"bytes":	25835216,
					"bits_per_second":	20668159.002515316,
					"packets":	17842,
					"omitted":	false,
					"sender":	true
				}],
			"sum":	{
				"start":	60.000086,
				"end":	70.000093,
				"seconds":	10.000006675720215,
				"bytes":	25835216,
				"bits_per_second":	20668159.002515316,
				"packets":	17842,
				"omitted":	false,
				"sender":	true
			}
		}, {
			"streams":	[{
					"socket":	6,
					"start":	70.000093,
					"end":	80.000113,
					"seconds":	10.000020027160645,
					"bytes":	6946056,
					"bits_per_second":	5556833.6712399395,
					"packets":	4797,
					"omitted":	false,
					"sender":	true
				}],
			"sum":	{
				"start":	70.000093,
				"end":	80.000113,
				"seconds":	10.000020027160645,
				"bytes":	6946056,
				"bits_per_second":	5556833.6712399395,
				"packets":	4797,
				"omitted":	false,
				"sender":	true
			}
		}, {
			"streams":	[{
					"socket":	6,
					"start":	80.000113,
					"end":	90.0001,
					"seconds":	9.99998664855957,
					"bytes":	27008096,
					"bits_per_second":	21606505.647797305,
					"packets":	18652,
					"omitted":	false,
					"sender":	true
				}],
			"sum":	{
				"start":	80.000113,
				"end":	90.0001,
				"seconds":	9.99998664855957,
				"bytes":	27008096,
				"bits_per_second":	21606505.647797305,
				"packets":	18652,
				"omitted":	false,
				"sender":	true
			}
		}, {
			"streams":	[{
					"socket":	6,
					"start":	90.0001,
					"end":	100.000083,
					"seconds":	9.9999828338623047,
					"bytes":	9818888,
					"bits_per_second":	7855123.884213821,
					"packets":	6781,
					"omitted":	false,
					"sender":	true
				}],
			"sum":	{
				"start":	90.0001,
				"end":	100.000083,
				"seconds":	9.9999828338623047,
				"bytes":	9818888,
				"bits_per_second":	7855123.884213821,
				"packets":	6781,
				"omitted":	false,
				"sender":	true
			}
		}, {
			"streams":	[{
					"socket":	6,
					"start":	100.000083,
					"end":	110.000125,
					"seconds":	10.000041961669922,
					"bytes":	32918832,
					"bits_per_second":	26334955.094130695,
					"packets":	22734,
					"omitted":	false,
					"sender":	true
				}],
			"sum":	{
				"start":	100.000083,
				"end":	110.000125,
				"seconds":	10.000041961669922,
				"bytes":	32918832,
				"bits_per_second":	26334955.094130695,
				"packets":	22734,
				"omitted":	false,
				"sender":	true
			}
		}, {
			"streams":	[{
					"socket":	6,
					"start":	110.000125,
					"end":	120.000097,
					"seconds":	9.9999723434448242,
					"bytes":	936856,
					"bits_per_second":	749486.87282250519,
					"packets":	647,
					"omitted":	false,
					"sender":	true
				}],
			"sum":	{
				"start":	110.000125,
				"end":	120.000097,
				"seconds":	9.9999723434448242,
				"bytes":	936856,
				"bits_per_second":	749486.87282250519,
				"packets":	647,
				"omitted":	false,
				"sender":	true
			}
		}, {
			"streams":	[{
					"socket":	6,
					"start":	120.000097,
					"end":	130.000078,
					"seconds":	9.9999809265136719,
					"bytes":	21074192,
					"bits_per_second":	16859385.756726373,
					"packets":	14554,
					"omitted":	false,
					"sender":	true
				}],
			"sum":	{
				"start":	120.000097,
				"end":	130.000078,
				"seconds":	9.9999809265136719,
				"bytes":	21074192,
				"bits_per_second":	16859385.756726373,
				"packets":	14554,
				"omitted":	false,
				"sender":	true
			}
		}, {
			"streams":	[{
					"socket":	6,
					"start":	130.000078,
					"end":	140.000242,
					"seconds":	10.000164031982422,
					"bytes":	822464,
					"bits_per_second":	657960.40734500287,
					"packets":	568,
					"omitted":	false,
					"sender":	true
				}],
			"sum":	{
				"start":	130.000078,
				"end":	140.000242,
				"seconds":	10.000164031982422,
				"bytes":	822464,
				"bits_per_second":	657960.40734500287,
				"packets":	568,
				"omitted":	false,
				"sender":	true
			}
		}, {
			"streams":	[{
					"socket":	6,
					"start":	140.000242,
					"end":	150.000081,
					"seconds":	9.9998388290405273,
					"bytes":	19881040,
					"bits_per_second":	15905088.343834888,
					"packets":	13730,
					"omitted":	false,
					"sender":	true
				}],
			"sum":	{
				"start":	140.000242,
				"end":	150.000081,