{
	"start":	{
		"connected":	[{
				"socket":	6,
				"local_host":	"10.20.15.3",
				"local_port":	41070,
				"remote_host":	"10.20.15.2",
				"remote_port":	5201
			}],
		"version":	"iperf 3.7",
		"system_info":	"Linux node2 5.8.0-1006-raspi #9-Ubuntu SMP PREEMPT Fri Oct 16 12:55:30 UTC 2020 aarch64",
		"timestamp":	{
			"time":	"Sun, 08 Aug 2021 10:49:02 GMT",
			"timesecs":	1628419742
		},
		"connecting_to":	{
			"host":	"10.20.15.2",
			"port":	5201
		},
		"cookie":	"w335v2cj7kc7wbrnicescaug2y6mm63u5lsz",
		"sock_bufsize":	0,
		"sndbuf_actual":	212992,
		"rcvbuf_actual":	212992,
		"test_start":	{
			"protocol":	"UDP",
			"num_streams":	1,
			"blksize":	1448,
			"omit":	0,
			"duration":	300,
			"bytes":	0,
			"blocks":	0,
			"reverse":	0,
			"tos":	0
		}
	},
	"intervals":	[{
			"streams":	[{
					"socket":	6,
					"start":	0,
					"end":	10.000081,
					"seconds":	10.000081062316895,
					"bytes":	57310392,
					"bits_per_second":	45847941.945960104,
					"packets":	39579,
					"omitted":	false,
					"sender":	true
				}],
			"sum":	{
				"start":	0,
				"end":	10.000081,
				"seconds":	10.000081062316895,
				"bytes":	57310392,
				"bits_per_second":	45847941.945960104,
				"packets":	39579,
				"omitted":	false,
				"sender":	true
			}
		}, {
			"streams":	[{
					"socket":	6,
					"start":	10.000081,
					"end":	20.000097,
					"seconds":	10.000016212463379,
					"bytes":	12667104,
					"bits_per_second":	10133666.770829858,
					"packets":	8748,
					"omitted":	false,
					"sender":	true
				}],
			"sum":	{
				"start":	10.000081,
				"end":	20.000097,
				"seconds":	10.000016212463379,
				"bytes":	12667104,
				"bits_per_second":	10133666.770829858,
				"packets":	8748,
				"omitted":	false,
				"sender":	true
			}
		}, {
			"streams":	[{
					"socket":	6,
					"start":	20.000097,
					"end":	30.000116,
					"seconds":	10.000019073486328,
					"bytes":	27915992,
					"bits_per_second":	22332751.003657907,
					"packets":	19279,
					"omitted":	false,
					"sender":	true
				}],
			"sum":	{
				"start":	20.000097,
				"end":	30.000116,
				"seconds":	10.000019073486328,
				"bytes":	27915992,
				"bits_per_second":	22332751.003657907,
				"packets":	19279,
				"omitted":	false,
				"sender":	true
			}
		}, {
			"streams":	[{
					"socket":	6,
					"start":	30.000116,
					"end":	40.000091,
					"seconds":	9.9999752044677734,
					"bytes":	6893928,
					"bits_per_second":	5515156.0751230195,
					"packets":	4761,
					"omitted":	false,
					"sender":	true
				}],
			"sum":	{
				"start":	30.000116,
				"end":	40.000091,
				"seconds":	9.9999752044677734,
				"bytes":	6893928,
				"bits_per_second":	5515156.0751230195,
				"packets":	4761,
				"omitted":	false,
				"sender":	true
			}
		}, {
			"streams":	[{
					"socket":	6,
					"start":	40.000091,
					"end":	50.000094,
					"seconds":	10.000002861022949,
					"bytes":	19426368,
					"bits_per_second":	15541089.953658499,
					"packets":	13416,
					"omitted":	false,
					"sender":	true
				}],
			"sum":	{
				"start":	40.000091,
				"end":	50.000094,
				"seconds":	10.000002861022949,
				"bytes":	19426368,
				"bits_per_second":	15541089.953658499,
				"packets":	13416,
				"omitted":	false,
				"sender":	true
			}
		}, {
			"streams":	[{
					"socket":	6,
					"start":	50.000094,
					"end":	60.000088,
					"seconds":	9.9999942779541016,
					"bytes":	1042560,
					"bits_per_second":	834048.47724636679,
					"packets":	720,
					"omitted":	false,
					"sender":	true
				}],
			"sum":	{
				"start":	50.000094,
				"end":	60.000088,
				"seconds":	9.9999942779541016,
				"bytes":	1042560,
				"bits_per_second":	834048.47724636679,
				"packets":	720,
				"omitted":	false,
				"sender":	true
			}
		}, {
			"streams":	[{
					"socket":	6,
					"start":	60.000088,
					"end":	70.000087,
					"seconds":	9.9999990463256836,
					"bytes":	20871472,
					"bits_per_second":	16697179.192367096,
					"packets":	14414,
					"omitted":	false,
					"sender":	true
				}],
			"sum":	{
				"start":	60.000088,
				"end":	70.000087,
				"seconds":	9.9999990463256836,
				"bytes":	20871472,
				"bits_per_second":	16697179.192367096,
				"packets":	14414,
				"omitted":	false,
				"sender":	true
			}
		}, {
			"streams":	[{
					"socket":	6,
					"start":	70.000087,
					"end":	80.000079,
					"seconds":	9.9999923706054688,
					"bytes":	466256,
					"bits_per_second":	373005.08458029525,
					"packets":	322,
					"omitted":	false,
					"sender":	true
				}],
			"sum":	{
				"start":	70.000087,
				"end":	80.000079,
				"seconds":	9.9999923706054688,
				"bytes":	466256,
				"bits_per_second":	373005.08458029525,
				"packets":	322,
				"omitted":	false,
				"sender":	true
			}
		}, {
			"streams":	[{
					"socket":	6,
					"start":	80.000079,
					"end":	90.000091,
					"seconds":	10.000012397766113,
					"bytes":	10870136,
					"bits_per_second":	8696098.0187810659,
					"packets":	7507,
					"omitted":	false,
					"sender":	true
				}],
			"sum":	{
				"start":	80.000079,
				"end":	90.000091,
				"seconds":	10.000012397766113,
				"bytes":	10870136,
				"bits_per_second":	8696098.0187810659,
				"packets":	7507,
				"omitted":	false,
				"sender":	true
			}
		}, {
			"streams":	[{
					"socket":	6,
					"start":	90.000091,
					"end":	100.000097,
					"seconds":	10.000005722045898,
					"bytes":	884728,
					"bits_per_second":	707781.99500389386,
					"packets":	611,
					"omitted":	false,
					"sender":	true
				}],
			"sum":	{
				"start":	90.000091,
				"end":	100.000097,
				"seconds":	10.000005722045898,
				"bytes":	884728,
				"bits_per_second":	707781.99500389386,
				"packets":	611,
				"omitted":	false,
				"sender":	true
			}
		}, {
			"streams":	[{
					"socket":	6,
					"start":	100.000097,
					"end":	110.000079,
					"seconds":	9.9999818801879883,
					"bytes":	20219872,
					"bits_per_second":	16175926.910475474,
					"packets":	13964,
					"omitted":	false,
					"sender":	true
				}],
			"sum":	{
				"start":	100.000097,
				"end":	110.000079,
				"seconds":	9.9999818801879883,
				"bytes":	20219872,
				"bits_per_second":	16175926.910475474,
				"packets":	13964,
				"omitted":	false,
				"sender":	true
			}
		}, {
			"streams":	[{
					"socket":	6,
					"start":	110.000079,
					"end":	120.0001,
					"seconds":	10.000020980834961,
					"bytes":	883280,
					"bits_per_second":	706622.51744695823,
					"packets":	610,
					"omitted":	false,
					"sender":	true
				}],
			"sum":	{
				"start":	110.000079,
				"end":	120.0001,
				"seconds":	10.000020980834961,
				"bytes":	883280,
				"bits_per_second":	706622.51744695823,
				"packets":	610,
				"omitted":	false,
				"sender":	true
			}
		}, {
			"streams":	[{
					"socket":	6,
					"start":	120.0001,
					"end":	130.000128,
					"seconds":	10.000027656555176,
					"bytes":	16798248,
					"bits_per_second":	13438561.233568976,
					"packets":	11601,
					"omitted":	false,
					"sender":	true
				}],
			"sum":	{
				"start":	120.0001,
				"end":	130.000128,
				"seconds":	10.000027656555176,
				"bytes":	16798248,
				"bits_per_second":	13438561.233568976,
				"packets":	11601,
				"omitted":	false,
				"sender":	true
			}
		}, {
			"streams":	[{
					"socket":	6,
					"start":	130.000128,
					"end":	140.000082,
					"seconds":	9.9999542236328125,
					"bytes":	3453480,
					"bits_per_second":	2762796.6470793779,
					"packets":	2385,
					"omitted":	false,
					"sender":	true
				}],
			"sum":	{
				"start":	130.000128,
				"end":	140.000082,
				"seconds":	9.9999542236328125,
				"bytes":	3453480,
				"bits_per_second":	2762796.6470793779,
				"packets":	2385,
				"omitted":	false,
				"sender":	true
			}
		}, {
			"streams":	[{
					"socket":	6,
					"start":	140.000082,
					"end":	150.000081,
					"seconds":	9.9999990463256836,
					"bytes":	15649984,
					"bits_per_second":	12519988.393999137,
					"packets":	10808,
					"omitted":	false,
					"sender":	true
				}],
			"sum":	{
				"start":	140.000082,
				"end":	150.000081,