{
	"start":	{
		"connected":	[{
				"socket":	6,
				"local_host":	"10.20.15.3",
				"local_port":	57878,
				"remote_host":	"10.20.15.2",
				"remote_port":	5201
			}],
		"version":	"iperf 3.7",
		"system_info":	"Linux node2 5.8.0-1006-raspi #9-Ubuntu SMP PREEMPT Fri Oct 16 12:55:30 UTC 2020 aarch64",
		"timestamp":	{
			"time":	"Sun, 08 Aug 2021 10:32:27 GMT",
			"timesecs":	1628418747
		},
		"connecting_to":	{
			"host":	"10.20.15.2",
			"port":	5201
		},
		"cookie":	"7b4glxuhr5ayfkwlktfe7ior5ggaed3c36cg",
		"sock_bufsize":	0,
		"sndbuf_actual":	212992,
		"rcvbuf_actual":	212992,
		"test_start":	{
			"protocol":	"UDP",
			"num_streams":	1,
			"blksize":	1448,
			"omit":	0,
			"duration":	300,
			"bytes":	0,
			"blocks":	0,
			"reverse":	0,
			"tos":	0
		}
	},
	"intervals":	[{
			"streams":	[{
					"socket":	6,
					"start":	0,
					"end":	10.000037,
					"seconds":	10.00003719329834,
					"bytes":	60180328,
					"bits_per_second":	48144083.33627452,
					"packets":	41561,
					"omitted":	false,
					"sender":	true
				}],
			"sum":	{
				"start":	0,
				"end":	10.000037,
				"seconds":	10.00003719329834,
				"bytes":	60180328,
				"bits_per_second":	48144083.33627452,
				"packets":	41561,
				"omitted":	false,
				"sender":	true
			}
		}, {
			"streams":	[{
					"socket":	6,
					"start":	10.000037,
					"end":	20.000078,
					"seconds":	10.000041007995605,
					"bytes":	60063040,
					"bits_per_second":	48050234.955617607,
					"packets":	41480,
					"omitted":	false,
					"sender":	true
				}],
			"sum":	{
				"start":	10.000037,
				"end":	20.000078,
				"seconds":	10.000041007995605,
				"bytes":	60063040,
				"bits_per_second":	48050234.955617607,
				"packets":	41480,
				"omitted":	false,
				"sender":	true
			}
		}, {
			"streams":	[{
					"socket":	6,
					"start":	20.000078,
					"end":	30.00009,
					"seconds":	10.000012397766113,
					"bytes":	56570464,
					"bits_per_second":	45256315.092279032,
					"packets":	39068,
					"omitted":	false,
					"sender":	true
				}],
			"sum":	{
				"start":	20.000078,
				"end":	30.00009,
				"seconds":	10.000012397766113,
				"bytes":	56570464,
				"bits_per_second":	45256315.092279032,
				"packets":	39068,
				"omitted":	false,
				"sender":	true
			}
		}, {
			"streams":	[{
					"socket":	6,
					"start":	30.00009,
					"end":	40.000082,
					"seconds":	9.9999923706054688,
					"bytes":	4936232,
					"bits_per_second":	3948988.6128392126,
					"packets":	3409,
					"omitted":	false,
					"sender":	true
				}],
			"sum":	{
				"start":	30.00009,
				"end":	40.000082,
				"seconds":	9.9999923706054688,
				"bytes":	4936232,
				"bits_per_second":	3948988.6128392126,
				"packets":	3409,
				"omitted":	false,
				"sender":	true
			}
		}, {
			"streams":	[{
					"socket":	6,
					"start":	40.000082,
					"end":	50.000075,
					"seconds":	9.9999933242797852,
					"bytes":	18076832,
					"bits_per_second":	14461475.254076269,
					"packets":	12484,
					"omitted":	false,
					"sender":	true
				}],
			"sum":	{
				"start":	40.000082,
				"end":	50.000075,
				"seconds":	9.9999933242797852,
				"bytes":	18076832,
				"bits_per_second":	14461475.254076269,
				"packets":	12484,
				"omitted":	false,
				"sender":	true
			}
		}, {
			"streams":	[{
					"socket":	6,
					"start":	50.000075,
					"end":	60.000105,
					"seconds":	10.000029563903809,
					"bytes":	20159056,
					"bits_per_second":	16127197.121709559,
					"packets":	13922,
					"omitted":	false,
					"sender":	true
				}],
			"sum":	{
				"start":	50.000075,
				"end":	60.000105,
				"seconds":	10.000029563903809,
				"bytes":	20159056,
				"bits_per_second":	16127197.121709559,
				"packets":	13922,
				"omitted":	false,
				"sender":	true
			}
		}, {
			"streams":	[{
					"socket":	6,
					"start":	60.000105,
					"end":	70.000016,
					"seconds":	9.9999113082885742,
					"bytes":	14099176,
					"bits_per_second":	11279440.839291196,
					"packets":	9737,
					"omitted":	false,
					"sender":	true
				}],
			"sum":	{
				"start":	60.000105,
				"end":	70.000016,
				"seconds":	9.9999113082885742,
				"bytes":	14099176,
				"bits_per_second":	11279440.839291196,
				"packets":	9737,
				"omitted":	false,
				"sender":	true
			}
		}, {
			"streams":	[{
					"socket":	6,
					"start":	70.000016,
					"end":	80.000081,
					"seconds":	10.000064849853516,
					"bytes":	1203288,
					"bits_per_second":	962624.15739644028,
					"packets":	831,
					"omitted":	false,
					"sender":	true
				}],
			"sum":	{
				"start":	70.000016,
				"end":	80.000081,
				"seconds":	10.000064849853516,
				"bytes":	1203288,
				"bits_per_second":	962624.15739644028,
				"packets":	831,
				"omitted":	false,
				"sender":	true
			}
		}, {
			"streams":	[{
					"socket":	6,
					"start":	80.000081,
					"end":	90.000109,
					"seconds":	10.000027656555176,
					"bytes":	17305048,
					"bits_per_second":	13844000.112264704,
					"packets":	11951,
					"omitted":	false,
					"sender":	true
				}],
			"sum":	{
				"start":	80.000081,
				"end":	90.000109,
				"seconds":	10.000027656555176,
				"bytes":	17305048,
				"bits_per_second":	13844000.112264704,
				"packets":	11951,
				"omitted":	false,
				"sender":	true
			}
		}, {
			"streams":	[{
					"socket":	6,
					"start":	90.000109,
					"end":	100.000087,
					"seconds":	9.9999780654907227,
					"bytes":	20736808,
					"bits_per_second":	16589482.788216412,
					"packets":	14321,
					"omitted":	false,
					"sender":	true
				}],
			"sum":	{
				"start":	90.000109,
				"end":	100.000087,
				"seconds":	9.9999780654907227,
				"bytes":	20736808,
				"bits_per_second":	16589482.788216412,
				"packets":	14321,
				"omitted":	false,
				"sender":	true
			}
		}, {
			"streams":	[{
					"socket":	6,
					"start":	100.000087,
					"end":	110.000024,
					"seconds":	9.9999370574951172,
					"bytes":	14704440,
					"bits_per_second":	11763626.043208966,
					"packets":	10155,
					"omitted":	false,
					"sender":	true
				}],
			"sum":	{
				"start":	100.000087,
				"end":	110.000024,
				"seconds":	9.9999370574951172,
				"bytes":	14704440,
				"bits_per_second":	11763626.043208966,
				"packets":	10155,
				"omitted":	false,
				"sender":	true
			}
		}, {
			"streams":	[{
					"socket":	6,
					"start":	110.000024,
					"end":	120.00009,
					"seconds":	10.000065803527832,
					"bytes":	6201784,
					"bits_per_second":	4961394.5522735491,
					"packets":	4283,
					"omitted":	false,
					"sender":	true
				}],
			"sum":	{
				"start":	110.000024,
				"end":	120.00009,
				"seconds":	10.000065803527832,
				"bytes":	6201784,
				"bits_per_second":	4961394.5522735491,
				"packets":	4283,
				"omitted":	false,
				"sender":	true
			}
		}, {
			"streams":	[{
					"socket":	6,
					"start":	120.00009,
					"end":	130.000133,
					"seconds":	10.000042915344238,
					"bytes":	20073624,
					"bits_per_second":	16058830.282977033,
					"packets":	13863,
					"omitted":	false,
					"sender":	true
				}],
			"sum":	{
				"start":	120.00009,
				"end":	130.000133,
				"seconds":	10.000042915344238,
				"bytes":	20073624,
				"bits_per_second":	16058830.282977033,
				"packets":	13863,
				"omitted":	false,
				"sender":	true
			}
		}, {
			"streams":	[{
					"socket":	6,
					"start":	130.000133,
					"end":	140.000078,
					"seconds":	9.9999446868896484,
					"bytes":	4018200,
					"bits_per_second":	3214577.7808295526,
					"packets":	2775,
					"omitted":	false,
					"sender":	true
				}],
			"sum":	{
				"start":	130.000133,
				"end":	140.000078,
				"seconds":	9.9999446868896484,
				"bytes":	4018200,
				"bits_per_second":	3214577.7808295526,
				"packets":	2775,
				"omitted":	false,
				"sender":	true
			}
		}, {
			"streams":	[{
					"socket":	6,
					"start":	140.000078,
					"end":	150.000088,
					"seconds":	10.000009536743164,
					"bytes":	8344824,
					"bits_per_second":	6675852.8334106123,
					"packets":	5763,
					"omitted":	false,
					"sender":	true
				}],
			"sum":	{
				"start":	140.000078,