{
	"start":	{
		"connected":	[{
				"socket":	6,
				"local_host":	"10.20.15.3",
				"local_port":	43535,
				"remote_host":	"10.20.15.2",
				"remote_port":	5201
			}],
		"version":	"iperf 3.7",
		"system_info":	"Linux node2 5.8.0-1006-raspi #9-Ubuntu SMP PREEMPT Fri Oct 16 12:55:30 UTC 2020 aarch64",
		"timestamp":	{
			"time":	"Sun, 08 Aug 2021 11:10:13 GMT",
			"timesecs":	1628421013
		},
		"connecting_to":	{
			"host":	"10.20.15.2",
			"port":	5201
		},
		"cookie":	"voudx2p5y2dlsxju52ghnmgkw4wdarkayac7",
		"sock_bufsize":	0,
		"sndbuf_actual":	212992,
		"rcvbuf_actual":	212992,
		"test_start":	{
			"protocol":	"UDP",
			"num_streams":	1,
			"blksize":	1448,
			"omit":	0,
			"duration":	300,
			"bytes":	0,
			"blocks":	0,
			"reverse":	0,
			"tos":	0
		}
	},
	"intervals":	[{
			"streams":	[{
					"socket":	6,
					"start":	0,
					"end":	10.000104,
					"seconds":	10.000103950500488,
					"bytes":	15335768,
					"bits_per_second":	12268486.868464978,
					"packets":	10591,
					"omitted":	false,
					"sender":	true
				}],
			"sum":	{
				"start":	0,
				"end":	10.000104,
				"seconds":	10.000103950500488,
				"bytes":	15335768,
				"bits_per_second":	12268486.868464978,
				"packets":	10591,
				"omitted":	false,
				"sender":	true
			}
		}, {
			"streams":	[{
					"socket":	6,
					"start":	10.000104,
					"end":	20.000099,
					"seconds":	9.999995231628418,
					"bytes":	11071408,
					"bits_per_second":	8857130.6234089956,
					"packets":	7646,
					"omitted":	false,
					"sender":	true
				}],
			"sum":	{
				"start":	10.000104,
				"end":	20.000099,
				"seconds":	9.999995231628418,
				"bytes":	11071408,
				"bits_per_second":	8857130.6234089956,
				"packets":	7646,
				"omitted":	false,
				"sender":	true
			}
		}, {
			"streams":	[{
					"socket":	6,
					"start":	20.000099,
					"end":	30.000087,
					"seconds":	9.9999876022338867,
					"bytes":	21285600,
					"bits_per_second":	17028501.111537404,
					"packets":	14700,
					"omitted":	false,
					"sender":	true
				}],
			"sum":	{
				"start":	20.000099,
				"end":	30.000087,
				"seconds":	9.9999876022338867,
				"bytes":	21285600,
				"bits_per_second":	17028501.111537404,
				"packets":	14700,
				"omitted":	false,
				"sender":	true
			}
		}, {
			"streams":	[{
					"socket":	6,
					"start":	30.000087,
					"end":	40.00009,
					"seconds":	10.000002861022949,
					"bytes":	15774512,
					"bits_per_second":	12619605.989501765,
					"packets":	10894,
					"omitted":	false,
					"sender":	true
				}],
			"sum":	{
				"start":	30.000087,
				"end":	40.00009,
				"seconds":	10.000002861022949,
				"bytes":	15774512,
				"bits_per_second":	12619605.989501765,
				"packets":	10894,
				"omitted":	false,
				"sender":	true
			}
		}, {
			"streams":	[{
					"socket":	6,
					"start":	40.00009,
					"end":	50.000087,
					"seconds":	9.99999713897705,
					"bytes":	11466712,
					"bits_per_second":	9173372.2245228458,
					"packets":	7919,
					"omitted":	false,
					"sender":	true
				}],
			"sum":	{
				"start":	40.00009,
				"end":	50.000087,
				"seconds":	9.99999713897705,
				"bytes":	11466712,
				"bits_per_second":	9173372.2245228458,
				"packets":	7919,
				"omitted":	false,
				"sender":	true
			}
		}, {
			"streams":	[{
					"socket":	6,
					"start":	50.000087,
					"end":	60.000097,
					"seconds":	10.000009536743164,
					"bytes":	25370408,
					"bits_per_second":	20296307.043933254,
					"packets":	17521,
					"omitted":	false,
					"sender":	true
				}],
			"sum":	{
				"start":	50.000087,
				"end":	60.000097,
				"seconds":	10.000009536743164,
				"bytes":	25370408,
				"bits_per_second":	20296307.043933254,
				"packets":	17521,
				"omitted":	false,
				"sender":	true
			}
		}, {
			"streams":	[{
					"socket":	6,
					"start":	60.000097,
					"end":	70.000086,
					"seconds":	9.9999885559082031,
					"bytes":	7209592,
					"bits_per_second":	5767680.2005861672,
					"packets":	4979,
					"omitted":	false,
					"sender":	true
				}],
			"sum":	{
				"start":	60.000097,
				"end":	70.000086,
				"seconds":	9.9999885559082031,
				"bytes":	7209592,
				"bits_per_second":	5767680.2005861672,
				"packets":	4979,
				"omitted":	false,
				"sender":	true
			}
		}, {
			"streams":	[{
					"socket":	6,
					"start":	70.000086,
					"end":	80.000097,
					"seconds":	10.000011444091797,
					"bytes":	24395904,
					"bits_per_second":	19516700.864908375,
					"packets":	16848,
					"omitted":	false,
					"sender":	true
				}],
			"sum":	{
				"start":	70.000086,
				"end":	80.000097,
				"seconds":	10.000011444091797,
				"bytes":	24395904,
				"bits_per_second":	19516700.864908375,
				"packets":	16848,
				"omitted":	false,
				"sender":	true
			}
		}, {
			"streams":	[{
					"socket":	6,
					"start":	80.000097,
					"end":	90.000108,
					"seconds":	10.000011444091797,
					"bytes":	8140656,
					"bits_per_second":	6512517.347015365,
					"packets":	5622,
					"omitted":	false,
					"sender":	true
				}],
			"sum":	{
				"start":	80.000097,
				"end":	90.000108,
				"seconds":	10.000011444091797,
				"bytes":	8140656,
				"bits_per_second":	6512517.347015365,
				"packets":	5622,
				"omitted":	false,
				"sender":	true
			}
		}, {
			"streams":	[{
					"socket":	6,
					"start":	90.000108,
					"end":	100.000086,
					"seconds":	9.9999780654907227,
					"bytes":	28209936,
					"bits_per_second":	22567998.301796813,
					"packets":	19482,
					"omitted":	false,
					"sender":	true
				}],
			"sum":	{
				"start":	90.000108,
				"end":	100.000086,
				"seconds":	9.9999780654907227,
				"bytes":	28209936,
				"bits_per_second":	22567998.301796813,
				"packets":	19482,
				"omitted":	false,
				"sender":	true
			}
		}, {
			"streams":	[{
					"socket":	6,
					"start":	100.000086,
					"end":	110.000097,
					"seconds":	10.000011444091797,
					"bytes":	6646320,
					"bits_per_second":	5317049.915119268,
					"packets":	4590,
					"omitted":	false,
					"sender":	true
				}],
			"sum":	{
				"start":	100.000086,
				"end":	110.000097,
				"seconds":	10.000011444091797,
				"bytes":	6646320,
				"bits_per_second":	5317049.915119268,
				"packets":	4590,
				"omitted":	false,
				"sender":	true
			}
		}, {
			"streams":	[{
					"socket":	6,
					"start":	110.000097,
					"end":	120.000082,
					"seconds":	9.9999847412109375,
					"bytes":	38590648,
					"bits_per_second":	30872565.507796489,
					"packets":	26651,
					"omitted":	false,
					"sender":	true
				}],
			"sum":	{
				"start":	110.000097,
				"end":	120.000082,
				"seconds":	9.9999847412109375,
				"bytes":	38590648,
				"bits_per_second":	30872565.507796489,
				"packets":	26651,
				"omitted":	false,
				"sender":	true
			}
		}, {
			"streams":	[{
					"socket":	6,
					"start":	120.000082,
					"end":	130.000141,
					"seconds":	10.000059127807617,
					"bytes":	29720200,
					"bits_per_second":	23776019.417609796,
					"packets":	20525,
					"omitted":	false,
					"sender":	true
				}],
			"sum":	{
				"start":	120.000082,
				"end":	130.000141,
				"seconds":	10.000059127807617,
				"bytes":	29720200,
				"bits_per_second":	23776019.417609796,
				"packets":	20525,
				"omitted":	false,
				"sender":	true
			}
		}, {
			"streams":	[{
					"socket":	6,
					"start":	130.000141,
					"end":	140.000086,
					"seconds":	9.9999446868896484,
					"bytes":	6527584,
					"bits_per_second":	5222096.0850377018,
					"packets":	4508,
					"omitted":	false,
					"sender":	true
				}],
			"sum":	{
				"start":	130.000141,
				"end":	140.000086,
				"seconds":	9.9999446868896484,
				"bytes":	6527584,
				"bits_per_second":	5222096.0850377018,
				"packets":	4508,
				"omitted":	false,
				"sender":	true
			}
		}, {
			"streams":	[{
					"socket":	6,
					"start":	140.000086,
					"end":	150.000121,
					"seconds":	10.000035285949707,
					"bytes":	22137024,
					"bits_per_second":	17709556.710147258,
					"packets":	15288,
					"omitted":	false,
					"sender":	true
				}],
			"sum":	{
				"start":	140.000086,