{
	"start":	{
		"connected":	[{
				"socket":	6,
				"local_host":	"10.20.15.3",
				"local_port":	45110,
				"remote_host":	"10.20.15.2",
				"remote_port":	5201
			}],
		"version":	"iperf 3.7",
		"system_info":	"Linux node2 5.8.0-1006-raspi #9-Ubuntu SMP PREEMPT Fri Oct 16 12:55:30 UTC 2020 aarch64",
		"timestamp":	{
			"time":	"Sun, 08 Aug 2021 08:13:33 GMT",
			"timesecs":	1628410413
		},
		"connecting_to":	{
			"host":	"10.20.15.2",
			"port":	5201
		},
		"cookie":	"yp3vievvaft4afb3ux66fqovvvnuhk3csvri",
		"sock_bufsize":	0,
		"sndbuf_actual":	212992,
		"rcvbuf_actual":	212992,
		"test_start":	{
			"protocol":	"UDP",
			"num_streams":	1,
			"blksize":	1448,
			"omit":	0,
			"duration":	300,
			"bytes":	0,
			"blocks":	0,
			"reverse":	0,
			"tos":	0
		}
	},
	"intervals":	[{
			"streams":	[{
					"socket":	6,
					"start":	0,
					"end":	10.000048,
					"seconds":	10.00004768371582,
					"bytes":	56529920,
					"bits_per_second":	45223720.35649702,
					"packets":	39040,
					"omitted":	false,
					"sender":	true
				}],
			"sum":	{
				"start":	0,
				"end":	10.000048,
				"seconds":	10.00004768371582,
				"bytes":	56529920,
				"bits_per_second":	45223720.35649702,
				"packets":	39040,
				"omitted":	false,
				"sender":	true
			}
		}, {
			"streams":	[{
					"socket":	6,
					"start":	10.000048,
					"end":	20.000101,
					"seconds":	10.000053405761719,
					"bytes":	41543120,
					"bits_per_second":	33234318.50959048,
					"packets":	28690,
					"omitted":	false,
					"sender":	true
				}],
			"sum":	{
				"start":	10.000048,
				"end":	20.000101,
				"seconds":	10.000053405761719,
				"bytes":	41543120,
				"bits_per_second":	33234318.50959048,
				"packets":	28690,
				"omitted":	false,
				"sender":	true
			}
		}, {
			"streams":	[{
					"socket":	6,
					"start":	20.000101,
					"end":	30.000077,
					"seconds":	9.99997615814209,
					"bytes":	13181144,
					"bits_per_second":	10544940.341096928,
					"packets":	9103,
					"omitted":	false,
					"sender":	true
				}],
			"sum":	{
				"start":	20.000101,
				"end":	30.000077,
				"seconds":	9.99997615814209,
				"bytes":	13181144,
				"bits_per_second":	10544940.341096928,
				"packets":	9103,
				"omitted":	false,
				"sender":	true
			}
		}, {
			"streams":	[{
					"socket":	6,
					"start":	30.000077,
					"end":	40.000117,
					"seconds":	10.000040054321289,
					"bytes":	21420264,
					"bits_per_second":	17136142.562344015,
					"packets":	14793,
					"omitted":	false,
					"sender":	true
				}],
			"sum":	{
				"start":	30.000077,
				"end":	40.000117,
				"seconds":	10.000040054321289,
				"bytes":	21420264,
				"bits_per_second":	17136142.562344015,
				"packets":	14793,
				"omitted":	false,
				"sender":	true
			}
		}, {
			"streams":	[{
					"socket":	6,
					"start":	40.000117,
					"end":	50.000081,
					"seconds":	9.9999637603759766,
					"bytes":	5564664,
					"bits_per_second":	4451747.33296496,
					"packets":	3843,
					"omitted":	false,
					"sender":	true
				}],
			"sum":	{
				"start":	40.000117,
				"end":	50.000081,
				"seconds":	9.9999637603759766,
				"bytes":	5564664,
				"bits_per_second":	4451747.33296496,
				"packets":	3843,
				"omitted":	false,
				"sender":	true
			}
		}, {
			"streams":	[{
					"socket":	6,
					"start":	50.000081,
					"end":	60.000325,
					"seconds":	10.000244140625,
					"bytes":	13879080,
					"bits_per_second":	11102992.93083665,
					"packets":	9585,
					"omitted":	false,
					"sender":	true
				}],
			"sum":	{
				"start":	50.000081,
				"end":	60.000325,
				"seconds":	10.000244140625,
				"bytes":	13879080,
				"bits_per_second":	11102992.93083665,
				"packets":	9585,
				"omitted":	false,
				"sender":	true
			}
		}, {
			"streams":	[{
					"socket":	6,
					"start":	60.000325,
					"end":	70.000064,
					"seconds":	9.9997386932373047,
					"bytes":	24643512,
					"bits_per_second":	19715324.774769239,
					"packets":	17019,
					"omitted":	false,
					"sender":	true
				}],
			"sum":	{
				"start":	60.000325,
				"end":	70.000064,
				"seconds":	9.9997386932373047,
				"bytes":	24643512,
				"bits_per_second":	19715324.774769239,
				"packets":	17019,
				"omitted":	false,
				"sender":	true
			}
		}, {
			"streams":	[{
					"socket":	6,
					"start":	70.000064,
					"end":	80.000076,
					"seconds":	10.000012397766113,
					"bytes":	12565744,
					"bits_per_second":	10052582.73704304,
					"packets":	8678,
					"omitted":	false,
					"sender":	true
				}],
			"sum":	{
				"start":	70.000064,
				"end":	80.000076,
				"seconds":	10.000012397766113,
				"bytes":	12565744,
				"bits_per_second":	10052582.73704304,
				"packets":	8678,
				"omitted":	false,
				"sender":	true
			}
		}, {
			"streams":	[{
					"socket":	6,
					"start":	80.000076,
					"end":	90.000086,
					"seconds":	10.000009536743164,
					"bytes":	12296416,
					"bits_per_second":	9837123.4185880478,
					"packets":	8492,
					"omitted":	false,
					"sender":	true
				}],
			"sum":	{
				"start":	80.000076,
				"end":	90.000086,
				"seconds":	10.000009536743164,
				"bytes":	12296416,
				"bits_per_second":	9837123.4185880478,
				"packets":	8492,
				"omitted":	false,
				"sender":	true
			}
		}, {
			"streams":	[{
					"socket":	6,
					"start":	90.000086,
					"end":	100.000087,
					"seconds":	10.000000953674316,
					"bytes":	20835272,
					"bits_per_second":	16668216.010395048,
					"packets":	14389,
					"omitted":	false,
					"sender":	true
				}],
			"sum":	{
				"start":	90.000086,
				"end":	100.000087,
				"seconds":	10.000000953674316,
				"bytes":	20835272,
				"bits_per_second":	16668216.010395048,
				"packets":	14389,
				"omitted":	false,
				"sender":	true
			}
		}, {
			"streams":	[{
					"socket":	6,
					"start":	100.000087,
					"end":	110.000076,
					"seconds":	9.9999885559082031,
					"bytes":	17687320,
					"bits_per_second":	14149872.19324363,
					"packets":	12215,
					"omitted":	false,
					"sender":	true
				}],
			"sum":	{
				"start":	100.000087,
				"end":	110.000076,
				"seconds":	9.9999885559082031,
				"bytes":	17687320,
				"bits_per_second":	14149872.19324363,
				"packets":	12215,
				"omitted":	false,
				"sender":	true
			}
		}, {
			"streams":	[{
					"socket":	6,
					"start":	110.000076,
					"end":	120.000108,
					"seconds":	10.000032424926758,
					"bytes":	7392040,
					"bits_per_second":	5913612.8251537271,
					"packets":	5105,
					"omitted":	false,
					"sender":	true
				}],
			"sum":	{
				"start":	110.000076,
				"end":	120.000108,
				"seconds":	10.000032424926758,
				"bytes":	7392040,
				"bits_per_second":	5913612.8251537271,
				"packets":	5105,
				"omitted":	false,
				"sender":	true
			}
		}, {
			"streams":	[{
					"socket":	6,
					"start":	120.000108,
					"end":	130.000089,
					"seconds":	9.9999809265136719,
					"bytes":	15235856,
					"bits_per_second":	12188708.048115632,
					"packets":	10522,
					"omitted":	false,
					"sender":	true
				}],
			"sum":	{
				"start":	120.000108,
				"end":	130.000089,
				"seconds":	9.9999809265136719,
				"bytes":	15235856,
				"bits_per_second":	12188708.048115632,
				"packets":	10522,
				"omitted":	false,
				"sender":	true
			}
		}, {
			"streams":	[{
					"socket":	6,
					"start":	130.000089,
					"end":	140.000093,
					"seconds":	10.000003814697266,
					"bytes":	15286536,
					"bits_per_second":	12229224.134921214,
					"packets":	10557,
					"omitted":	false,
					"sender":	true
				}],
			"sum":	{
				"start":	130.000089,
				"end":	140.000093,
				"seconds":	10.000003814697266,
				"bytes":	15286536,
				"bits_per_second":	12229224.134921214,
				"packets":	10557,
				"omitted":	false,
				"sender":	true
			}
		}, {
			"streams":	[{
					"socket":	6,
					"start":	140.000093,
					"end":	150.00009,
					"seconds":	9.99999713897705,
					"bytes":	9966584,
					"bits_per_second":	7973269.4811706962,
					"packets":	6883,
					"omitted":	false,
					"sender":	true
				}],
			"sum":	{
				"start":	140.000093,
				"end":	150.00009,