{
	"start":	{
		"connected":	[{
				"socket":	6,
				"local_host":	"10.20.15.3",
				"local_port":	58815,
				"remote_host":	"10.20.15.2",
				"remote_port":	5201
			}],
		"version":	"iperf 3.7",
		"system_info":	"Linux node2 5.8.0-1006-raspi #9-Ubuntu SMP PREEMPT Fri Oct 16 12:55:30 UTC 2020 aarch64",
		"timestamp":	{
			"time":	"Sun, 08 Aug 2021 11:49:12 GMT",
			"timesecs":	1628423352
		},
		"connecting_to":	{
			"host":	"10.20.15.2",
			"port":	5201
		},
		"cookie":	"fc7efb3herq43kruw3hxmyqcf3tuql2kwwh6",
		"sock_bufsize":	0,
		"sndbuf_actual":	212992,
		"rcvbuf_actual":	212992,
		"test_start":	{
			"protocol":	"UDP",
			"num_streams":	1,
			"blksize":	1448,
			"omit":	0,
			"duration":	300,
			"bytes":	0,
			"blocks":	0,
			"reverse":	0,
			"tos":	0
		}
	},
	"intervals":	[{
			"streams":	[{
					"socket":	6,
					"start":	0,
					"end":	10.000083,
					"seconds":	10.000082969665527,
					"bytes":	17800264,
					"bits_per_second":	14240093.050424254,
					"packets":	12293,
					"omitted":	false,
					"sender":	true
				}],
			"sum":	{
				"start":	0,
				"end":	10.000083,
				"seconds":	10.000082969665527,
				"bytes":	17800264,
				"bits_per_second":	14240093.050424254,
				"packets":	12293,
				"omitted":	false,
				"sender":	true
			}
		}, {
			"streams":	[{
					"socket":	6,
					"start":	10.000083,
					"end":	20.000048,
					"seconds":	9.999964714050293,
					"bytes":	5797792,
					"bits_per_second":	4638249.9665055042,
					"packets":	4004,
					"omitted":	false,
					"sender":	true
				}],
			"sum":	{
				"start":	10.000083,
				"end":	20.000048,
				"seconds":	9.999964714050293,
				"bytes":	5797792,
				"bits_per_second":	4638249.9665055042,
				"packets":	4004,
				"omitted":	false,
				"sender":	true
			}
		}, {
			"streams":	[{
					"socket":	6,
					"start":	20.000048,
					"end":	30.000074,
					"seconds":	10.000025749206543,
					"bytes":	58806176,
					"bits_per_second":	47044819.663322173,
					"packets":	40612,
					"omitted":	false,
					"sender":	true
				}],
			"sum":	{
				"start":	20.000048,
				"end":	30.000074,
				"seconds":	10.000025749206543,
				"bytes":	58806176,
				"bits_per_second":	47044819.663322173,
				"packets":	40612,
				"omitted":	false,
				"sender":	true
			}
		}, {
			"streams":	[{
					"socket":	6,
					"start":	30.000074,
					"end":	40.000097,
					"seconds":	10.000022888183594,
					"bytes":	52408912,
					"bits_per_second":	41927033.636635661,
					"packets":	36194,
					"omitted":	false,
					"sender":	true
				}],
			"sum":	{
				"start":	30.000074,
				"end":	40.000097,
				"seconds":	10.000022888183594,
				"bytes":	52408912,
				"bits_per_second":	41927033.636635661,
				"packets":	36194,
				"omitted":	false,
				"sender":	true
			}
		}, {
			"streams":	[{
					"socket":	6,
					"start":	40.000097,
					"end":	50.000084,
					"seconds":	9.99998664855957,
					"bytes":	831152,
					"bits_per_second":	664922.48776729859,
					"packets":	574,
					"omitted":	false,
					"sender":	true
				}],
			"sum":	{
				"start":	40.000097,
				"end":	50.000084,
				"seconds":	9.99998664855957,
				"bytes":	831152,
				"bits_per_second":	664922.48776729859,
				"packets":	574,
				"omitted":	false,
				"sender":	true
			}
		}, {
			"streams":	[{
					"socket":	6,
					"start":	50.000084,
					"end":	60.00012,
					"seconds":	10.000036239624023,
					"bytes":	13003040,
					"bits_per_second":	10402394.302114155,
					"packets":	8980,
					"omitted":	false,
					"sender":	true
				}],
			"sum":	{
				"start":	50.000084,
				"end":	60.00012,
				"seconds":	10.000036239624023,
				"bytes":	13003040,
				"bits_per_second":	10402394.302114155,
				"packets":	8980,
				"omitted":	false,
				"sender":	true
			}
		}, {
			"streams":	[{
					"socket":	6,
					"start":	60.00012,
					"end":	70.000097,
					"seconds":	9.9999771118164062,
					"bytes":	644360,
					"bits_per_second":	515489.17986109894,
					"packets":	445,
					"omitted":	false,
					"sender":	true
				}],
			"sum":	{
				"start":	60.00012,
				"end":	70.000097,
				"seconds":	9.9999771118164062,
				"bytes":	644360,
				"bits_per_second":	515489.17986109894,
				"packets":	445,
				"omitted":	false,
				"sender":	true
			}
		}, {
			"streams":	[{
					"socket":	6,
					"start":	70.000097,
					"end":	80.000085,
					"seconds":	9.9999876022338867,
					"bytes":	16960424,
					"bits_per_second":	13568356.021730449,
					"packets":	11713,
					"omitted":	false,
					"sender":	true
				}],
			"sum":	{
				"start":	70.000097,
				"end":	80.000085,
				"seconds":	9.9999876022338867,
				"bytes":	16960424,
				"bits_per_second":	13568356.021730449,
				"packets":	11713,
				"omitted":	false,
				"sender":	true
			}
		}, {
			"streams":	[{
					"socket":	6,
					"start":	80.000085,
					"end":	90.000087,
					"seconds":	10.000001907348633,
					"bytes":	857216,
					"bits_per_second":	685772.66919924365,
					"packets":	592,
					"omitted":	false,
					"sender":	true
				}],
			"sum":	{
				"start":	80.000085,
				"end":	90.000087,
				"seconds":	10.000001907348633,
				"bytes":	857216,
				"bits_per_second":	685772.66919924365,
				"packets":	592,
				"omitted":	false,
				"sender":	true
			}
		}, {
			"streams":	[{
					"socket":	6,
					"start":	90.000087,
					"end":	100.000094,
					"seconds":	10.000006675720215,
					"bytes":	19907104,
					"bits_per_second":	15925672.56846657,
					"packets":	13748,
					"omitted":	false,
					"sender":	true
				}],
			"sum":	{
				"start":	90.000087,
				"end":	100.000094,
				"seconds":	10.000006675720215,
				"bytes":	19907104,
				"bits_per_second":	15925672.56846657,
				"packets":	13748,
				"omitted":	false,
				"sender":	true
			}
		}, {
			"streams":	[{
					"socket":	6,
					"start":	100.000094,
					"end":	110.000138,
					"seconds":	10.000043869018555,
					"bytes":	1039664,
					"bits_per_second":	831727.551292862,
					"packets":	718,
					"omitted":	false,
					"sender":	true
				}],
			"sum":	{
				"start":	100.000094,
				"end":	110.000138,
				"seconds":	10.000043869018555,
				"bytes":	1039664,
				"bits_per_second":	831727.551292862,
				"packets":	718,
				"omitted":	false,
				"sender":	true
			}
		}, {
			"streams":	[{
					"socket":	6,
					"start":	110.000138,
					"end":	120.000089,
					"seconds":	9.9999513626098633,
					"bytes":	17646776,
					"bits_per_second":	14117489.463784279,
					"packets":	12187,
					"omitted":	false,
					"sender":	true
				}],
			"sum":	{
				"start":	110.000138,
				"end":	120.000089,
				"seconds":	9.9999513626098633,
				"bytes":	17646776,
				"bits_per_second":	14117489.463784279,
				"packets":	12187,
				"omitted":	false,
				"sender":	true
			}
		}, {
			"streams":	[{
					"socket":	6,
					"start":	120.000089,
					"end":	130.000079,
					"seconds":	9.9999904632568359,
					"bytes":	7729424,
					"bits_per_second":	6183545.0970881432,
					"packets":	5338,
					"omitted":	false,
					"sender":	true
				}],
			"sum":	{
				"start":	120.000089,
				"end":	130.000079,
				"seconds":	9.9999904632568359,
				"bytes":	7729424,
				"bits_per_second":	6183545.0970881432,
				"packets":	5338,
				"omitted":	false,
				"sender":	true
			}
		}, {
			"streams":	[{
					"socket":	6,
					"start":	130.000079,
					"end":	140.000077,
					"seconds":	9.9999980926513672,
					"bytes":	11660744,
					"bits_per_second":	9328596.97928867,
					"packets":	8053,
					"omitted":	false,
					"sender":	true
				}],
			"sum":	{
				"start":	130.000079,
				"end":	140.000077,
				"seconds":	9.9999980926513672,
				"bytes":	11660744,
				"bits_per_second":	9328596.97928867,
				"packets":	8053,
				"omitted":	false,
				"sender":	true
			}
		}, {
			"streams":	[{
					"socket":	6,
					"start":	140.000077,
					"end":	150.000088,
					"seconds":	10.000011444091797,
					"bytes":	11937312,
					"bits_per_second":	9549838.67107696,
					"packets":	8244,
					"omitted":	false,
					"sender":	true
				}],
			"sum":	{
				"start":	140.000077,
				"end":	150.000088,