{
	"start":	{
		"connected":	[{
				"socket":	6,
				"local_host":	"10.20.15.3",
				"local_port":	35181,
				"remote_host":	"10.20.15.2",
				"remote_port":	5201
			}],
		"version":	"iperf 3.7",
		"system_info":	"Linux node2 5.8.0-1006-raspi #9-Ubuntu SMP PREEMPT Fri Oct 16 12:55:30 UTC 2020 aarch64",
		"timestamp":	{
			"time":	"Sun, 08 Aug 2021 11:32:33 GMT",
			"timesecs":	1628422353
		},
		"connecting_to":	{
			"host":	"10.20.15.2",
			"port":	5201
		},
		"cookie":	"c2ksepxbelmemqpocropdhjiil7jsq2ypqhi",
		"sock_bufsize":	0,
		"sndbuf_actual":	212992,
		"rcvbuf_actual":	212992,
		"test_start":	{
			"protocol":	"UDP",
			"num_streams":	1,
			"blksize":	1448,
			"omit":	0,
			"duration":	300,
			"bytes":	0,
			"blocks":	0,
			"reverse":	0,
			"tos":	0
		}
	},
	"intervals":	[{
			"streams":	[{
					"socket":	6,
					"start":	0,
					"end":	10.000018,
					"seconds":	10.000018119812012,
					"bytes":	59159488,
					"bits_per_second":	47327504.643451288,
					"packets":	40856,
					"omitted":	false,
					"sender":	true
				}],
			"sum":	{
				"start":	0,
				"end":	10.000018,
				"seconds":	10.000018119812012,
				"bytes":	59159488,
				"bits_per_second":	47327504.643451288,
				"packets":	40856,
				"omitted":	false,
				"sender":	true
			}
		}, {
			"streams":	[{
					"socket":	6,
					"start":	10.000018,
					"end":	20.000087,
					"seconds":	10.000068664550781,
					"bytes":	19805744,
					"bits_per_second":	15844486.404545868,
					"packets":	13678,
					"omitted":	false,
					"sender":	true
				}],
			"sum":	{
				"start":	10.000018,
				"end":	20.000087,
				"seconds":	10.000068664550781,
				"bytes":	19805744,
				"bits_per_second":	15844486.404545868,
				"packets":	13678,
				"omitted":	false,
				"sender":	true
			}
		}, {
			"streams":	[{
					"socket":	6,
					"start":	20.000087,
					"end":	30.000091,
					"seconds":	10.000003814697266,
					"bytes":	10146136,
					"bits_per_second":	8116905.7036462007,
					"packets":	7007,
					"omitted":	false,
					"sender":	true
				}],
			"sum":	{
				"start":	20.000087,
				"end":	30.000091,
				"seconds":	10.000003814697266,
				"bytes":	10146136,
				"bits_per_second":	8116905.7036462007,
				"packets":	7007,
				"omitted":	false,
				"sender":	true
			}
		}, {
			"streams":	[{
					"socket":	6,
					"start":	30.000091,
					"end":	40.000097,
					"seconds":	10.000005722045898,
					"bytes":	11491328,
					"bits_per_second":	9193057.1396905091,
					"packets":	7936,
					"omitted":	false,
					"sender":	true
				}],
			"sum":	{
				"start":	30.000091,
				"end":	40.000097,
				"seconds":	10.000005722045898,
				"bytes":	11491328,
				"bits_per_second":	9193057.1396905091,
				"packets":	7936,
				"omitted":	false,
				"sender":	true
			}
		}, {
			"streams":	[{
					"socket":	6,
					"start":	40.000097,
					"end":	50.000019,
					"seconds":	9.9999217987060547,
					"bytes":	18810968,
					"bits_per_second":	15048892.084283343,
					"packets":	12991,
					"omitted":	false,
					"sender":	true
				}],
			"sum":	{
				"start":	40.000097,
				"end":	50.000019,
				"seconds":	9.9999217987060547,
				"bytes":	18810968,
				"bits_per_second":	15048892.084283343,
				"packets":	12991,
				"omitted":	false,
				"sender":	true
			}
		}, {
			"streams":	[{
					"socket":	6,
					"start":	50.000019,
					"end":	60.000102,
					"seconds":	10.000082969665527,
					"bytes":	3712672,
					"bits_per_second":	2970112.9570721374,
					"packets":	2564,
					"omitted":	false,
					"sender":	true
				}],
			"sum":	{
				"start":	50.000019,
				"end":	60.000102,
				"seconds":	10.000082969665527,
				"bytes":	3712672,
				"bits_per_second":	2970112.9570721374,
				"packets":	2564,
				"omitted":	false,
				"sender":	true
			}
		}, {
			"streams":	[{
					"socket":	6,
					"start":	60.000102,
					"end":	70.00009,
					"seconds":	9.9999876022338867,
					"bytes":	19288808,
					"bits_per_second":	15431065.531074133,
					"packets":	13321,
					"omitted":	false,
					"sender":	true
				}],
			"sum":	{
				"start":	60.000102,
				"end":	70.00009,
				"seconds":	9.9999876022338867,
				"bytes":	19288808,
				"bits_per_second":	15431065.531074133,
				"packets":	13321,
				"omitted":	false,
				"sender":	true
			}
		}, {
			"streams":	[{
					"socket":	6,
					"start":	70.00009,
					"end":	80.00017,
					"seconds":	10.000080108642578,
					"bytes":	821016,
					"bits_per_second":	656807.53840396635,
					"packets":	567,
					"omitted":	false,
					"sender":	true
				}],
			"sum":	{
				"start":	70.00009,
				"end":	80.00017,
				"seconds":	10.000080108642578,
				"bytes":	821016,
				"bits_per_second":	656807.53840396635,
				"packets":	567,
				"omitted":	false,
				"sender":	true
			}
		}, {
			"streams":	[{
					"socket":	6,
					"start":	80.00017,
					"end":	90.000096,
					"seconds":	9.99992561340332,
					"bytes":	12237048,
					"bits_per_second":	9789711.22233003,
					"packets":	8451,
					"omitted":	false,
					"sender":	true
				}],
			"sum":	{
				"start":	80.00017,
				"end":	90.000096,
				"seconds":	9.99992561340332,
				"bytes":	12237048,
				"bits_per_second":	9789711.22233003,
				"packets":	8451,
				"omitted":	false,
				"sender":	true
			}
		}, {
			"streams":	[{
					"socket":	6,
					"start":	90.000096,
					"end":	100.000144,
					"seconds":	10.00004768371582,
					"bytes":	903552,
					"bits_per_second":	722838.15323909174,
					"packets":	624,
					"omitted":	false,
					"sender":	true
				}],
			"sum":	{
				"start":	90.000096,
				"end":	100.000144,
				"seconds":	10.00004768371582,
				"bytes":	903552,
				"bits_per_second":	722838.15323909174,
				"packets":	624,
				"omitted":	false,
				"sender":	true
			}
		}, {
			"streams":	[{
					"socket":	6,
					"start":	100.000144,
					"end":	110.000086,
					"seconds":	9.9999418258667,
					"bytes":	16950288,
					"bits_per_second":	13560309.285924,
					"packets":	11706,
					"omitted":	false,
					"sender":	true
				}],
			"sum":	{
				"start":	100.000144,
				"end":	110.000086,
				"seconds":	9.9999418258667,
				"bytes":	16950288,
				"bits_per_second":	13560309.285924,
				"packets":	11706,
				"omitted":	false,
				"sender":	true
			}
		}, {
			"streams":	[{
					"socket":	6,
					"start":	110.000086,
					"end":	120.00008,
					"seconds":	9.9999942779541016,
					"bytes":	877488,
					"bits_per_second":	701990.80168235872,
					"packets":	606,
					"omitted":	false,
					"sender":	true
				}],
			"sum":	{
				"start":	110.000086,
				"end":	120.00008,
				"seconds":	9.9999942779541016,
				"bytes":	877488,
				"bits_per_second":	701990.80168235872,
				"packets":	606,
				"omitted":	false,
				"sender":	true
			}
		}, {
			"streams":	[{
					"socket":	6,
					"start":	120.00008,
					"end":	130.000106,
					"seconds":	10.000025749206543,
					"bytes":	15395136,
					"bits_per_second":	12316077.087078728,
					"packets":	10632,
					"omitted":	false,
					"sender":	true
				}],
			"sum":	{
				"start":	120.00008,
				"end":	130.000106,
				"seconds":	10.000025749206543,
				"bytes":	15395136,
				"bits_per_second":	12316077.087078728,
				"packets":	10632,
				"omitted":	false,
				"sender":	true
			}
		}, {
			"streams":	[{
					"socket":	6,
					"start":	130.000106,
					"end":	140.000198,
					"seconds":	10.000091552734375,
					"bytes":	926720,
					"bits_per_second":	741369.21256214089,
					"packets":	640,
					"omitted":	false,
					"sender":	true
				}],
			"sum":	{
				"start":	130.000106,
				"end":	140.000198,
				"seconds":	10.000091552734375,
				"bytes":	926720,
				"bits_per_second":	741369.21256214089,
				"packets":	640,
				"omitted":	false,
				"sender":	true
			}
		}, {
			"streams":	[{
					"socket":	6,
					"start":	140.000198,
					"end":	150.000094,
					"seconds":	9.9998960494995117,
					"bytes":	19242472,
					"bits_per_second":	15394137.622831048,
					"packets":	13289,
					"omitted":	false,
					"sender":	true
				}],
			"sum":	{
				"start":	140.000198,
				"end":	150.000094,