{
	"start":	{
		"connected":	[{
				"socket":	6,
				"local_host":	"10.20.15.3",
				"local_port":	33133,
				"remote_host":	"10.20.15.2",
				"remote_port":	5201
			}],
		"version":	"iperf 3.7",
		"system_info":	"Linux node2 5.8.0-1006-raspi #9-Ubuntu SMP PREEMPT Fri Oct 16 12:55:30 UTC 2020 aarch64",
		"timestamp":	{
			"time":	"Sun, 08 Aug 2021 08:43:39 GMT",
			"timesecs":	1628412219
		},
		"connecting_to":	{
			"host":	"10.20.15.2",
			"port":	5201
		},
		"cookie":	"q3453xausfdsxovg2ksgz4sayy5qhmypkang",
		"sock_bufsize":	0,
		"sndbuf_actual":	212992,
		"rcvbuf_actual":	212992,
		"test_start":	{
			"protocol":	"UDP",
			"num_streams":	1,
			"blksize":	1448,
			"omit":	0,
			"duration":	300,
			"bytes":	0,
			"blocks":	0,
			"reverse":	0,
			"tos":	0
		}
	},
	"intervals":	[{
			"streams":	[{
					"socket":	6,
					"start":	0,
					"end":	10.000096,
					"seconds":	10.000096321105957,
					"bytes":	24309024,
					"bits_per_second":	19447031.884038135,
					"packets":	16788,
					"omitted":	false,
					"sender":	true
				}],
			"sum":	{
				"start":	0,
				"end":	10.000096,
				"seconds":	10.000096321105957,
				"bytes":	24309024,
				"bits_per_second":	19447031.884038135,
				"packets":	16788,
				"omitted":	false,
				"sender":	true
			}
		}, {
			"streams":	[{
					"socket":	6,
					"start":	10.000096,
					"end":	20.00008,
					"seconds":	9.9999837875366211,
					"bytes":	20176432,
					"bits_per_second":	16141171.76881562,
					"packets":	13934,
					"omitted":	false,
					"sender":	true
				}],
			"sum":	{
				"start":	10.000096,
				"end":	20.00008,
				"seconds":	9.9999837875366211,
				"bytes":	20176432,
				"bits_per_second":	16141171.76881562,
				"packets":	13934,
				"omitted":	false,
				"sender":	true
			}
		}, {
			"streams":	[{
					"socket":	6,
					"start":	20.00008,
					"end":	30.000081,
					"seconds":	10.000000953674316,
					"bytes":	12370264,
					"bits_per_second":	9896210.2562238444,
					"packets":	8543,
					"omitted":	false,
					"sender":	true
				}],
			"sum":	{
				"start":	20.00008,
				"end":	30.000081,
				"seconds":	10.000000953674316,
				"bytes":	12370264,
				"bits_per_second":	9896210.2562238444,
				"packets":	8543,
				"omitted":	false,
				"sender":	true
			}
		}, {
			"streams":	[{
					"socket":	6,
					"start":	30.000081,
					"end":	40.000091,
					"seconds":	10.000009536743164,
					"bytes":	19954888,
					"bits_per_second":	15963895.175643181,
					"packets":	13781,
					"omitted":	false,
					"sender":	true
				}],
			"sum":	{
				"start":	30.000081,
				"end":	40.000091,
				"seconds":	10.000009536743164,
				"bytes":	19954888,
				"bits_per_second":	15963895.175643181,
				"packets":	13781,
				"omitted":	false,
				"sender":	true
			}
		}, {
			"streams":	[{
					"socket":	6,
					"start":	40.000091,
					"end":	50.000092,
					"seconds":	10.000000953674316,
					"bytes":	17903072,
					"bits_per_second":	14322456.234104134,
					"packets":	12364,
					"omitted":	false,
					"sender":	true
				}],
			"sum":	{
				"start":	40.000091,
				"end":	50.000092,
				"seconds":	10.000000953674316,
				"bytes":	17903072,
				"bits_per_second":	14322456.234104134,
				"packets":	12364,
				"omitted":	false,
				"sender":	true
			}
		}, {
			"streams":	[{
					"socket":	6,
					"start":	50.000092,
					"end":	60.000091,
					"seconds":	9.9999990463256836,
					"bytes":	13693736,
					"bits_per_second":	10954989.844749246,
					"packets":	9457,
					"omitted":	false,
					"sender":	true
				}],
			"sum":	{
				"start":	50.000092,
				"end":	60.000091,
				"seconds":	9.9999990463256836,
				"bytes":	13693736,
				"bits_per_second":	10954989.844749246,
				"packets":	9457,
				"omitted":	false,
				"sender":	true
			}
		}, {
			"streams":	[{
					"socket":	6,
					"start":	60.000091,
					"end":	70.000117,
					"seconds":	10.000025749206543,
					"bytes":	20289376,
					"bits_per_second":	16231459.005280958,
					"packets":	14012,
					"omitted":	false,
					"sender":	true
				}],
			"sum":	{
				"start":	60.000091,
				"end":	70.000117,
				"seconds":	10.000025749206543,
				"bytes":	20289376,
				"bits_per_second":	16231459.005280958,
				"packets":	14012,
				"omitted":	false,
				"sender":	true
			}
		}, {
			"streams":	[{
					"socket":	6,
					"start":	70.000117,
					"end":	80.000092,
					"seconds":	9.9999752044677734,
					"bytes":	15183728,
					"bits_per_second":	12147012.519164037,
					"packets":	10486,
					"omitted":	false,
					"sender":	true
				}],
			"sum":	{
				"start":	70.000117,
				"end":	80.000092,
				"seconds":	9.9999752044677734,
				"bytes":	15183728,
				"bits_per_second":	12147012.519164037,
				"packets":	10486,
				"omitted":	false,
				"sender":	true
			}
		}, {
			"streams":	[{
					"socket":	6,
					"start":	80.000092,
					"end":	90.000118,
					"seconds":	10.000025749206543,
					"bytes":	14213568,
					"bits_per_second":	11370825.121027539,
					"packets":	9816,
					"omitted":	false,
					"sender":	true
				}],
			"sum":	{
				"start":	80.000092,
				"end":	90.000118,
				"seconds":	10.000025749206543,
				"bytes":	14213568,
				"bits_per_second":	11370825.121027539,
				"packets":	9816,
				"omitted":	false,
				"sender":	true
			}
		}, {
			"streams":	[{
					"socket":	6,
					"start":	90.000118,
					"end":	100.000107,
					"seconds":	9.9999885559082031,
					"bytes":	24921528,
					"bits_per_second":	19937245.216366444,
					"packets":	17211,
					"omitted":	false,
					"sender":	true
				}],
			"sum":	{
				"start":	90.000118,
				"end":	100.000107,
				"seconds":	9.9999885559082031,
				"bytes":	24921528,
				"bits_per_second":	19937245.216366444,
				"packets":	17211,
				"omitted":	false,
				"sender":	true
			}
		}, {
			"streams":	[{
					"socket":	6,
					"start":	100.000107,
					"end":	110.000092,
					"seconds":	9.9999847412109375,
					"bytes":	11272680,
					"bits_per_second":	9018157.7606167,
					"packets":	7785,
					"omitted":	false,
					"sender":	true
				}],
			"sum":	{
				"start":	100.000107,
				"end":	110.000092,
				"seconds":	9.9999847412109375,
				"bytes":	11272680,
				"bits_per_second":	9018157.7606167,
				"packets":	7785,
				"omitted":	false,
				"sender":	true
			}
		}, {
			"streams":	[{
					"socket":	6,
					"start":	110.000092,
					"end":	120.000083,
					"seconds":	9.9999914169311523,
					"bytes":	12539680,
					"bits_per_second":	10031752.610322332,
					"packets":	8660,
					"omitted":	false,
					"sender":	true
				}],
			"sum":	{
				"start":	110.000092,
				"end":	120.000083,
				"seconds":	9.9999914169311523,
				"bytes":	12539680,
				"bits_per_second":	10031752.610322332,
				"packets":	8660,
				"omitted":	false,
				"sender":	true
			}
		}, {
			"streams":	[{
					"socket":	6,
					"start":	120.000083,
					"end":	130.000672,
					"seconds":	10.000589370727539,
					"bytes":	27231088,
					"bits_per_second":	21783586.539175298,
					"packets":	18806,
					"omitted":	false,
					"sender":	true
				}],
			"sum":	{
				"start":	120.000083,
				"end":	130.000672,
				"seconds":	10.000589370727539,
				"bytes":	27231088,
				"bits_per_second":	21783586.539175298,
				"packets":	18806,
				"omitted":	false,
				"sender":	true
			}
		}, {
			"streams":	[{
					"socket":	6,
					"start":	130.000672,
					"end":	140.000095,
					"seconds":	9.9994230270385742,
					"bytes":	14455384,
					"bits_per_second":	11564974.467756748,
					"packets":	9983,
					"omitted":	false,
					"sender":	true
				}],
			"sum":	{
				"start":	130.000672,
				"end":	140.000095,
				"seconds":	9.9994230270385742,
				"bytes":	14455384,
				"bits_per_second":	11564974.467756748,
				"packets":	9983,
				"omitted":	false,
				"sender":	true
			}
		}, {
			"streams":	[{
					"socket":	6,
					"start":	140.000095,
					"end":	150.000124,
					"seconds":	10.000028610229492,
					"bytes":	13913832,
					"bits_per_second":	11131033.753856981,
					"packets":	9609,
					"omitted":	false,
					"sender":	true
				}],
			"sum":	{
				"start":	140.000095,