{
	"start":	{
		"connected":	[{
				"socket":	6,
				"local_host":	"10.20.15.3",
				"local_port":	53505,
				"remote_host":	"10.20.15.2",
				"remote_port":	5201
			}],
		"version":	"iperf 3.7",
		"system_info":	"Linux node2 5.8.0-1006-raspi #9-Ubuntu SMP PREEMPT Fri Oct 16 12:55:30 UTC 2020 aarch64",
		"timestamp":	{
			"time":	"Sun, 08 Aug 2021 08:43:48 GMT",
			"timesecs":	1628412228
		},
		"connecting_to":	{
			"host":	"10.20.15.2",
			"port":	5201
		},
		"cookie":	"rytch4gdnwv746ggu4opbbeoep5lijk3oj6d",
		"sock_bufsize":	0,
		"sndbuf_actual":	212992,
		"rcvbuf_actual":	212992,
		"test_start":	{
			"protocol":	"UDP",
			"num_streams":	1,
			"blksize":	1448,
			"omit":	0,
			"duration":	300,
			"bytes":	0,
			"blocks":	0,
			"reverse":	0,
			"tos":	0
		}
	},
	"intervals":	[{
			"streams":	[{
					"socket":	6,
					"start":	0,
					"end":	10.000107,
					"seconds":	10.000106811523438,
					"bytes":	8712616,
					"bits_per_second":	6970018.3521721419,
					"packets":	6017,
					"omitted":	false,
					"sender":	true
				}],
			"sum":	{
				"start":	0,
				"end":	10.000107,
				"seconds":	10.000106811523438,
				"bytes":	8712616,
				"bits_per_second":	6970018.3521721419,
				"packets":	6017,
				"omitted":	false,
				"sender":	true
			}
		}, {
			"streams":	[{
					"socket":	6,
					"start":	10.000107,
					"end":	20.000103,
					"seconds":	9.9999961853027344,
					"bytes":	49523048,
					"bits_per_second":	39618453.513240628,
					"packets":	34201,
					"omitted":	false,
					"sender":	true
				}],
			"sum":	{
				"start":	10.000107,
				"end":	20.000103,
				"seconds":	9.9999961853027344,
				"bytes":	49523048,
				"bits_per_second":	39618453.513240628,
				"packets":	34201,
				"omitted":	false,
				"sender":	true
			}
		}, {
			"streams":	[{
					"socket":	6,
					"start":	20.000103,
					"end":	30.000108,
					"seconds":	10.000004768371582,
					"bytes":	40759752,
					"bits_per_second":	32607786.051395964,
					"packets":	28149,
					"omitted":	false,
					"sender":	true
				}],
			"sum":	{
				"start":	20.000103,
				"end":	30.000108,
				"seconds":	10.000004768371582,
				"bytes":	40759752,
				"bits_per_second":	32607786.051395964,
				"packets":	28149,
				"omitted":	false,
				"sender":	true
			}
		}, {
			"streams":	[{
					"socket":	6,
					"start":	30.000108,
					"end":	40.000077,
					"seconds":	9.9999685287475586,
					"bytes":	18873232,
					"bits_per_second":	15098633.117289435,
					"packets":	13034,
					"omitted":	false,
					"sender":	true
				}],
			"sum":	{
				"start":	30.000108,
				"end":	40.000077,
				"seconds":	9.9999685287475586,
				"bytes":	18873232,
				"bits_per_second":	15098633.117289435,
				"packets":	13034,
				"omitted":	false,
				"sender":	true
			}
		}, {
			"streams":	[{
					"socket":	6,
					"start":	40.000077,
					"end":	50.000111,
					"seconds":	10.000034332275391,
					"bytes":	2842424,
					"bits_per_second":	2273931.3930761195,
					"packets":	1963,
					"omitted":	false,
					"sender":	true
				}],
			"sum":	{
				"start":	40.000077,
				"end":	50.000111,
				"seconds":	10.000034332275391,
				"bytes":	2842424,
				"bits_per_second":	2273931.3930761195,
				"packets":	1963,
				"omitted":	false,
				"sender":	true
			}
		}, {
			"streams":	[{
					"socket":	6,
					"start":	50.000111,
					"end":	60.000195,
					"seconds":	10.000083923339844,
					"bytes":	19223648,
					"bits_per_second":	15378789.336063616,
					"packets":	13276,
					"omitted":	false,
					"sender":	true
				}],
			"sum":	{
				"start":	50.000111,
				"end":	60.000195,
				"seconds":	10.000083923339844,
				"bytes":	19223648,
				"bits_per_second":	15378789.336063616,
				"packets":	13276,
				"omitted":	false,
				"sender":	true
			}
		}, {
			"streams":	[{
					"socket":	6,
					"start":	60.000195,
					"end":	70.000143,
					"seconds":	9.9999475479125977,
					"bytes":	15060648,
					"bits_per_second":	12048581.597325502,
					"packets":	10401,
					"omitted":	false,
					"sender":	true
				}],
			"sum":	{
				"start":	60.000195,
				"end":	70.000143,
				"seconds":	9.9999475479125977,
				"bytes":	15060648,
				"bits_per_second":	12048581.597325502,
				"packets":	10401,
				"omitted":	false,
				"sender":	true
			}
		}, {
			"streams":	[{
					"socket":	6,
					"start":	70.000143,
					"end":	80.004301,
					"seconds":	10.004158020019531,
					"bytes":	8575056,
					"bits_per_second":	6857193.5651878146,
					"packets":	5922,
					"omitted":	false,
					"sender":	true
				}],
			"sum":	{
				"start":	70.000143,
				"end":	80.004301,
				"seconds":	10.004158020019531,
				"bytes":	8575056,
				"bits_per_second":	6857193.5651878146,
				"packets":	5922,
				"omitted":	false,
				"sender":	true
			}
		}, {
			"streams":	[{
					"socket":	6,
					"start":	80.004301,
					"end":	90.000111,
					"seconds":	9.9958095550537109,
					"bytes":	8632976,
					"bits_per_second":	6909276.0941091077,
					"packets":	5962,
					"omitted":	false,
					"sender":	true
				}],
			"sum":	{
				"start":	80.004301,
				"end":	90.000111,
				"seconds":	9.9958095550537109,
				"bytes":	8632976,
				"bits_per_second":	6909276.0941091077,
				"packets":	5962,
				"omitted":	false,
				"sender":	true
			}
		}, {
			"streams":	[{
					"socket":	6,
					"start":	90.000111,
					"end":	100.000123,
					"seconds":	10.000012397766113,
					"bytes":	20675992,
					"bits_per_second":	16540773.093136385,
					"packets":	14279,
					"omitted":	false,
					"sender":	true
				}],
			"sum":	{
				"start":	90.000111,
				"end":	100.000123,
				"seconds":	10.000012397766113,
				"bytes":	20675992,
				"bits_per_second":	16540773.093136385,
				"packets":	14279,
				"omitted":	false,
				"sender":	true
			}
		}, {
			"streams":	[{
					"socket":	6,
					"start":	100.000123,
					"end":	110.000123,
					"seconds":	10,
					"bytes":	20367568,
					"bits_per_second":	16294054.4,
					"packets":	14066,
					"omitted":	false,
					"sender":	true
				}],
			"sum":	{
				"start":	100.000123,
				"end":	110.000123,
				"seconds":	10,
				"bytes":	20367568,
				"bits_per_second":	16294054.4,
				"packets":	14066,
				"omitted":	false,
				"sender":	true
			}
		}, {
			"streams":	[{
					"socket":	6,
					"start":	110.000123,
					"end":	120.000072,
					"seconds":	9.99994945526123,
					"bytes":	9649472,
					"bits_per_second":	7719616.6186005389,
					"packets":	6664,
					"omitted":	false,
					"sender":	true
				}],
			"sum":	{
				"start":	110.000123,
				"end":	120.000072,
				"seconds":	9.99994945526123,
				"bytes":	9649472,
				"bits_per_second":	7719616.6186005389,
				"packets":	6664,
				"omitted":	false,
				"sender":	true
			}
		}, {
			"streams":	[{
					"socket":	6,
					"start":	120.000072,
					"end":	130.00011,
					"seconds":	10.000038146972656,
					"bytes":	13538800,
					"bits_per_second":	10830998.68301894,
					"packets":	9350,
					"omitted":	false,
					"sender":	true
				}],
			"sum":	{
				"start":	120.000072,
				"end":	130.00011,
				"seconds":	10.000038146972656,
				"bytes":	13538800,
				"bits_per_second":	10830998.68301894,
				"packets":	9350,
				"omitted":	false,
				"sender":	true
			}
		}, {
			"streams":	[{
					"socket":	6,
					"start":	130.00011,
					"end":	140.000111,
					"seconds":	10.000000953674316,
					"bytes":	19591440,
					"bits_per_second":	15673150.50529189,
					"packets":	13530,
					"omitted":	false,
					"sender":	true
				}],
			"sum":	{
				"start":	130.00011,
				"end":	140.000111,
				"seconds":	10.000000953674316,
				"bytes":	19591440,
				"bits_per_second":	15673150.50529189,
				"packets":	13530,
				"omitted":	false,
				"sender":	true
			}
		}, {
			"streams":	[{
					"socket":	6,
					"start":	140.000111,
					"end":	150.00011,
					"seconds":	9.9999990463256836,
					"bytes":	19385824,
					"bits_per_second":	15508660.679021137,
					"packets":	13388,
					"omitted":	false,
					"sender":	true
				}],
			"sum":	{
				"start":	140.000111,
				"end":	150.00011,
				"seconds":	9.9999990463256836,