{
	"start":	{
		"connected":	[{
				"socket":	6,
				"local_host":	"10.20.15.3",
				"local_port":	37007,
				"remote_host":	"10.20.15.2",
				"remote_port":	5201
			}],
		"version":	"iperf 3.7",
		"system_info":	"Linux node2 5.8.0-1006-raspi #9-Ubuntu SMP PREEMPT Fri Oct 16 12:55:30 UTC 2020 aarch64",
		"timestamp":	{
			"time":	"Sun, 08 Aug 2021 10:01:07 GMT",
			"timesecs":	1628416867
		},
		"connecting_to":	{
			"host":	"10.20.15.2",
			"port":	5201
		},
		"cookie":	"wrptq7dvlc7wtolrrzzsd5ytgxymgqzvtgpa",
		"sock_bufsize":	0,
		"sndbuf_actual":	212992,
		"rcvbuf_actual":	212992,
		"test_start":	{
			"protocol":	"UDP",
			"num_streams":	1,
			"blksize":	1448,
			"omit":	0,
			"duration":	300,
			"bytes":	0,
			"blocks":	0,
			"reverse":	0,
			"tos":	0
		}
	},
	"intervals":	[{
			"streams":	[{
					"socket":	6,
					"start":	0,
					"end":	10.000108,
					"seconds":	10.000107765197754,
					"bytes":	16850376,
					"bits_per_second":	13480155.530837346,
					"packets":	11637,
					"omitted":	false,
					"sender":	true
				}],
			"sum":	{
				"start":	0,
				"end":	10.000108,
				"seconds":	10.000107765197754,
				"bytes":	16850376,
				"bits_per_second":	13480155.530837346,
				"packets":	11637,
				"omitted":	false,
				"sender":	true
			}
		}, {
			"streams":	[{
					"socket":	6,
					"start":	10.000108,
					"end":	20.000132,
					"seconds":	10.00002384185791,
					"bytes":	25147416,
					"bits_per_second":	20117884.83522483,
					"packets":	17367,
					"omitted":	false,
					"sender":	true
				}],
			"sum":	{
				"start":	10.000108,
				"end":	20.000132,
				"seconds":	10.00002384185791,
				"bytes":	25147416,
				"bits_per_second":	20117884.83522483,
				"packets":	17367,
				"omitted":	false,
				"sender":	true
			}
		}, {
			"streams":	[{
					"socket":	6,
					"start":	20.000132,
					"end":	30.000088,
					"seconds":	9.9999561309814453,
					"bytes":	11835952,
					"bits_per_second":	9468803.1387100574,
					"packets":	8174,
					"omitted":	false,
					"sender":	true
				}],
			"sum":	{
				"start":	20.000132,
				"end":	30.000088,
				"seconds":	9.9999561309814453,
				"bytes":	11835952,
				"bits_per_second":	9468803.1387100574,
				"packets":	8174,
				"omitted":	false,
				"sender":	true
			}
		}, {
			"streams":	[{
					"socket":	6,
					"start":	30.000088,
					"end":	40.000101,
					"seconds":	10.00001335144043,
					"bytes":	8654696,
					"bits_per_second":	6923747.5557996957,
					"packets":	5977,
					"omitted":	false,
					"sender":	true
				}],
			"sum":	{
				"start":	30.000088,
				"end":	40.000101,
				"seconds":	10.00001335144043,
				"bytes":	8654696,
				"bits_per_second":	6923747.5557996957,
				"packets":	5977,
				"omitted":	false,
				"sender":	true
			}
		}, {
			"streams":	[{
					"socket":	6,
					"start":	40.000101,
					"end":	50.000195,
					"seconds":	10.000094413757324,
					"bytes":	9750832,
					"bits_per_second":	7800591.9516804488,
					"packets":	6734,
					"omitted":	false,
					"sender":	true
				}],
			"sum":	{
				"start":	40.000101,
				"end":	50.000195,
				"seconds":	10.000094413757324,
				"bytes":	9750832,
				"bits_per_second":	7800591.9516804488,
				"packets":	6734,
				"omitted":	false,
				"sender":	true
			}
		}, {
			"streams":	[{
					"socket":	6,
					"start":	50.000195,
					"end":	60.000097,
					"seconds":	9.99990177154541,
					"bytes":	17232648,
					"bits_per_second":	13786253.820240734,
					"packets":	11901,
					"omitted":	false,
					"sender":	true
				}],
			"sum":	{
				"start":	50.000195,
				"end":	60.000097,
				"seconds":	9.99990177154541,
				"bytes":	17232648,
				"bits_per_second":	13786253.820240734,
				"packets":	11901,
				"omitted":	false,
				"sender":	true
			}
		}, {
			"streams":	[{
					"socket":	6,
					"start":	60.000097,
					"end":	70.000098,
					"seconds":	10.000000953674316,
					"bytes":	7452856,
					"bits_per_second":	5962284.2313922662,
					"packets":	5147,
					"omitted":	false,
					"sender":	true
				}],
			"sum":	{
				"start":	60.000097,
				"end":	70.000098,
				"seconds":	10.000000953674316,
				"bytes":	7452856,
				"bits_per_second":	5962284.2313922662,
				"packets":	5147,
				"omitted":	false,
				"sender":	true
			}
		}, {
			"streams":	[{
					"socket":	6,
					"start":	70.000098,
					"end":	80.000109,
					"seconds":	10.000011444091797,
					"bytes":	12892992,
					"bits_per_second":	10314381.79612679,
					"packets":	8904,
					"omitted":	false,
					"sender":	true
				}],
			"sum":	{
				"start":	70.000098,
				"end":	80.000109,
				"seconds":	10.000011444091797,
				"bytes":	12892992,
				"bits_per_second":	10314381.79612679,
				"packets":	8904,
				"omitted":	false,
				"sender":	true
			}
		}, {
			"streams":	[{
					"socket":	6,
					"start":	80.000109,
					"end":	90.000099,
					"seconds":	9.9999904632568359,
					"bytes":	19882488,
					"bits_per_second":	15906005.569148988,
					"packets":	13731,
					"omitted":	false,
					"sender":	true
				}],
			"sum":	{
				"start":	80.000109,
				"end":	90.000099,
				"seconds":	9.9999904632568359,
				"bytes":	19882488,
				"bits_per_second":	15906005.569148988,
				"packets":	13731,
				"omitted":	false,
				"sender":	true
			}
		}, {
			"streams":	[{
					"socket":	6,
					"start":	90.000099,
					"end":	100.000094,
					"seconds":	9.999995231628418,
					"bytes":	18243352,
					"bits_per_second":	14594688.559289817,
					"packets":	12599,
					"omitted":	false,
					"sender":	true
				}],
			"sum":	{
				"start":	90.000099,
				"end":	100.000094,
				"seconds":	9.999995231628418,
				"bytes":	18243352,
				"bits_per_second":	14594688.559289817,
				"packets":	12599,
				"omitted":	false,
				"sender":	true
			}
		}, {
			"streams":	[{
					"socket":	6,
					"start":	100.000094,
					"end":	110.000086,
					"seconds":	9.9999923706054688,
					"bytes":	3790864,
					"bits_per_second":	3032693.5137615311,
					"packets":	2618,
					"omitted":	false,
					"sender":	true
				}],
			"sum":	{
				"start":	100.000094,
				"end":	110.000086,
				"seconds":	9.9999923706054688,
				"bytes":	3790864,
				"bits_per_second":	3032693.5137615311,
				"packets":	2618,
				"omitted":	false,
				"sender":	true
			}
		}, {
			"streams":	[{
					"socket":	6,
					"start":	110.000086,
					"end":	120.000254,
					"seconds":	10.000167846679688,
					"bytes":	16993728,
					"bits_per_second":	13594754.216564357,
					"packets":	11736,
					"omitted":	false,
					"sender":	true
				}],
			"sum":	{
				"start":	110.000086,
				"end":	120.000254,
				"seconds":	10.000167846679688,
				"bytes":	16993728,
				"bits_per_second":	13594754.216564357,
				"packets":	11736,
				"omitted":	false,
				"sender":	true
			}
		}, {
			"streams":	[{
					"socket":	6,
					"start":	120.000254,
					"end":	130.000106,
					"seconds":	9.999852180480957,
					"bytes":	9523496,
					"bits_per_second":	7618909.4223526446,
					"packets":	6577,
					"omitted":	false,
					"sender":	true
				}],
			"sum":	{
				"start":	120.000254,
				"end":	130.000106,
				"seconds":	9.999852180480957,
				"bytes":	9523496,
				"bits_per_second":	7618909.4223526446,
				"packets":	6577,
				"omitted":	false,
				"sender":	true
			}
		}, {
			"streams":	[{
					"socket":	6,
					"start":	130.000106,
					"end":	140.000106,
					"seconds":	10,
					"bytes":	14165784,
					"bits_per_second":	11332627.2,
					"packets":	9783,
					"omitted":	false,
					"sender":	true
				}],
			"sum":	{
				"start":	130.000106,
				"end":	140.000106,
				"seconds":	10,
				"bytes":	14165784,
				"bits_per_second":	11332627.2,
				"packets":	9783,
				"omitted":	false,
				"sender":	true
			}
		}, {
			"streams":	[{
					"socket":	6,
					"start":	140.000106,
					"end":	150.000087,
					"seconds":	9.9999809265136719,
					"bytes":	1543568,
					"bits_per_second":	1234856.755302344,
					"packets":	1066,
					"omitted":	false,
					"sender":	true
				}],
			"sum":	{
				"start":	140.000106,
				"end":	150.000087,
				"seconds":	9.9999809265136719,