{
	"start":	{
		"connected":	[{
				"socket":	6,
				"local_host":	"10.20.15.3",
				"local_port":	47336,
				"remote_host":	"10.20.15.2",
				"remote_port":	5201
			}],
		"version":	"iperf 3.7",
		"system_info":	"Linux node2 5.8.0-1006-raspi #9-Ubuntu SMP PREEMPT Fri Oct 16 12:55:30 UTC 2020 aarch64",
		"timestamp":	{
			"time":	"Sun, 08 Aug 2021 10:12:39 GMT",
			"timesecs":	1628417559
		},
		"connecting_to":	{
			"host":	"10.20.15.2",
			"port":	5201
		},
		"cookie":	"563swwxvipj7b54mlohm7aejbppdqbt5tubt",
		"sock_bufsize":	0,
		"sndbuf_actual":	212992,
		"rcvbuf_actual":	212992,
		"test_start":	{
			"protocol":	"UDP",
			"num_streams":	1,
			"blksize":	1448,
			"omit":	0,
			"duration":	300,
			"bytes":	0,
			"blocks":	0,
			"reverse":	0,
			"tos":	0
		}
	},
	"intervals":	[{
			"streams":	[{
					"socket":	6,
					"start":	0,
					"end":	10.000109,
					"seconds":	10.00010871887207,
					"bytes":	59359312,
					"bits_per_second":	47486933.327417053,
					"packets":	40994,
					"omitted":	false,
					"sender":	true
				}],
			"sum":	{
				"start":	0,
				"end":	10.000109,
				"seconds":	10.00010871887207,
				"bytes":	59359312,
				"bits_per_second":	47486933.327417053,
				"packets":	40994,
				"omitted":	false,
				"sender":	true
			}
		}, {
			"streams":	[{
					"socket":	6,
					"start":	10.000109,
					"end":	20.000087,
					"seconds":	9.9999780654907227,
					"bytes":	14727608,
					"bits_per_second":	11782112.243485032,
					"packets":	10171,
					"omitted":	false,
					"sender":	true
				}],
			"sum":	{
				"start":	10.000109,
				"end":	20.000087,
				"seconds":	9.9999780654907227,
				"bytes":	14727608,
				"bits_per_second":	11782112.243485032,
				"packets":	10171,
				"omitted":	false,
				"sender":	true
			}
		}, {
			"streams":	[{
					"socket":	6,
					"start":	20.000087,
					"end":	30.000079,
					"seconds":	9.9999923706054688,
					"bytes":	28726872,
					"bits_per_second":	22981515.133504588,
					"packets":	19839,
					"omitted":	false,
					"sender":	true
				}],
			"sum":	{
				"start":	20.000087,
				"end":	30.000079,
				"seconds":	9.9999923706054688,
				"bytes":	28726872,
				"bits_per_second":	22981515.133504588,
				"packets":	19839,
				"omitted":	false,
				"sender":	true
			}
		}, {
			"streams":	[{
					"socket":	6,
					"start":	30.000079,
					"end":	40.000088,
					"seconds":	10.000008583068848,
					"bytes":	8673520,
					"bits_per_second":	6938810.0443715667,
					"packets":	5990,
					"omitted":	false,
					"sender":	true
				}],
			"sum":	{
				"start":	30.000079,
				"end":	40.000088,
				"seconds":	10.000008583068848,
				"bytes":	8673520,
				"bits_per_second":	6938810.0443715667,
				"packets":	5990,
				"omitted":	false,
				"sender":	true
			}
		}, {
			"streams":	[{
					"socket":	6,
					"start":	40.000088,
					"end":	50.000104,
					"seconds":	10.000016212463379,
					"bytes":	1362568,
					"bits_per_second":	1090052.632756161,
					"packets":	941,
					"omitted":	false,
					"sender":	true
				}],
			"sum":	{
				"start":	40.000088,
				"end":	50.000104,
				"seconds":	10.000016212463379,
				"bytes":	1362568,
				"bits_per_second":	1090052.632756161,
				"packets":	941,
				"omitted":	false,
				"sender":	true
			}
		}, {
			"streams":	[{
					"socket":	6,
					"start":	50.000104,
					"end":	60.000082,
					"seconds":	9.9999780654907227,
					"bytes":	21062608,
					"bits_per_second":	16850123.359918717,
					"packets":	14546,
					"omitted":	false,
					"sender":	true
				}],
			"sum":	{
				"start":	50.000104,
				"end":	60.000082,
				"seconds":	9.9999780654907227,
				"bytes":	21062608,
				"bits_per_second":	16850123.359918717,
				"packets":	14546,
				"omitted":	false,
				"sender":	true
			}
		}, {
			"streams":	[{
					"socket":	6,
					"start":	60.000082,
					"end":	70.00008,
					"seconds":	9.9999980926513672,
					"bytes":	19996880,
					"bits_per_second":	15997507.05128232,
					"packets":	13810,
					"omitted":	false,
					"sender":	true
				}],
			"sum":	{
				"start":	60.000082,
				"end":	70.00008,
				"seconds":	9.9999980926513672,
				"bytes":	19996880,
				"bits_per_second":	15997507.05128232,
				"packets":	13810,
				"omitted":	false,
				"sender":	true
			}
		}, {
			"streams":	[{
					"socket":	6,
					"start":	70.00008,
					"end":	80.00006,
					"seconds":	9.9999799728393555,
					"bytes":	14471312,
					"bits_per_second":	11577072.785589647,
					"packets":	9994,
					"omitted":	false,
					"sender":	true
				}],
			"sum":	{
				"start":	70.00008,
				"end":	80.00006,
				"seconds":	9.9999799728393555,
				"bytes":	14471312,
				"bits_per_second":	11577072.785589647,
				"packets":	9994,
				"omitted":	false,
				"sender":	true
			}
		}, {
			"streams":	[{
					"socket":	6,
					"start":	80.00006,
					"end":	90.000087,
					"seconds":	10.000026702880859,
					"bytes":	4716136,
					"bits_per_second":	3772898.7252734844,
					"packets":	3257,
					"omitted":	false,
					"sender":	true
				}],
			"sum":	{
				"start":	80.00006,
				"end":	90.000087,
				"seconds":	10.000026702880859,
				"bytes":	4716136,
				"bits_per_second":	3772898.7252734844,
				"packets":	3257,
				"omitted":	false,
				"sender":	true
			}
		}, {
			"streams":	[{
					"socket":	6,
					"start":	90.000087,
					"end":	100.000087,
					"seconds":	10,
					"bytes":	19831808,
					"bits_per_second":	15865446.4,
					"packets":	13696,
					"omitted":	false,
					"sender":	true
				}],
			"sum":	{
				"start":	90.000087,
				"end":	100.000087,
				"seconds":	10,
				"bytes":	19831808,
				"bits_per_second":	15865446.4,
				"packets":	13696,
				"omitted":	false,
				"sender":	true
			}
		}, {
			"streams":	[{
					"socket":	6,
					"start":	100.000087,
					"end":	110.000089,
					"seconds":	10.000001907348633,
					"bytes":	22151504,
					"bits_per_second":	17721199.819949374,
					"packets":	15298,
					"omitted":	false,
					"sender":	true
				}],
			"sum":	{
				"start":	100.000087,
				"end":	110.000089,
				"seconds":	10.000001907348633,
				"bytes":	22151504,
				"bits_per_second":	17721199.819949374,
				"packets":	15298,
				"omitted":	false,
				"sender":	true
			}
		}, {
			"streams":	[{
					"socket":	6,
					"start":	110.000089,
					"end":	120.000115,
					"seconds":	10.000025749206543,
					"bytes":	6424776,
					"bits_per_second":	5139807.56540334,
					"packets":	4437,
					"omitted":	false,
					"sender":	true
				}],
			"sum":	{
				"start":	110.000089,
				"end":	120.000115,
				"seconds":	10.000025749206543,
				"bytes":	6424776,
				"bits_per_second":	5139807.56540334,
				"packets":	4437,
				"omitted":	false,
				"sender":	true
			}
		}, {
			"streams":	[{
					"socket":	6,
					"start":	120.000115,
					"end":	130.00012,
					"seconds":	10.000004768371582,
					"bytes":	10264872,
					"bits_per_second":	8211893.6842639521,
					"packets":	7089,
					"omitted":	false,
					"sender":	true
				}],
			"sum":	{
				"start":	120.000115,
				"end":	130.00012,
				"seconds":	10.000004768371582,
				"bytes":	10264872,
				"bits_per_second":	8211893.6842639521,
				"packets":	7089,
				"omitted":	false,
				"sender":	true
			}
		}, {
			"streams":	[{
					"socket":	6,
					"start":	130.00012,
					"end":	140.000089,
					"seconds":	9.9999685287475586,
					"bytes":	20438520,
					"bits_per_second":	16350867.458227741,
					"packets":	14115,
					"omitted":	false,
					"sender":	true
				}],
			"sum":	{
				"start":	130.00012,
				"end":	140.000089,
				"seconds":	9.9999685287475586,
				"bytes":	20438520,
				"bits_per_second":	16350867.458227741,
				"packets":	14115,
				"omitted":	false,
				"sender":	true
			}
		}, {
			"streams":	[{
					"socket":	6,
					"start":	140.000089,
					"end":	150.0001,
					"seconds":	10.000011444091797,
					"bytes":	21941544,
					"bits_per_second":	17553215.111939494,
					"packets":	15153,
					"omitted":	false,
					"sender":	true
				}],
			"sum":	{
				"start":	140.000089,
				"end":	150.0001,
				"seconds":	10.000011444091797,