{
	"start":	{
		"connected":	[{
				"socket":	6,
				"local_host":	"10.20.15.3",
				"local_port":	60358,
				"remote_host":	"10.20.15.2",
				"remote_port":	5201
			}],
		"version":	"iperf 3.7",
		"system_info":	"Linux node2 5.8.0-1006-raspi #9-Ubuntu SMP PREEMPT Fri Oct 16 12:55:30 UTC 2020 aarch64",
		"timestamp":	{
			"time":	"Sun, 08 Aug 2021 09:46:18 GMT",
			"timesecs":	1628415978
		},
		"connecting_to":	{
			"host":	"10.20.15.2",
			"port":	5201
		},
		"cookie":	"e3kbn65akx7bducqcgax6xvzjqgg4rsxvs2t",
		"sock_bufsize":	0,
		"sndbuf_actual":	212992,
		"rcvbuf_actual":	212992,
		"test_start":	{
			"protocol":	"UDP",
			"num_streams":	1,
			"blksize":	1448,
			"omit":	0,
			"duration":	300,
			"bytes":	0,
			"blocks":	0,
			"reverse":	0,
			"tos":	0
		}
	},
	"intervals":	[{
			"streams":	[{
					"socket":	6,
					"start":	0,
					"end":	10.000051,
					"seconds":	10.00005054473877,
					"bytes":	52112072,
					"bits_per_second":	41689446.88177979,
					"packets":	35989,
					"omitted":	false,
					"sender":	true
				}],
			"sum":	{
				"start":	0,
				"end":	10.000051,
				"seconds":	10.00005054473877,
				"bytes":	52112072,
				"bits_per_second":	41689446.88177979,
				"packets":	35989,
				"omitted":	false,
				"sender":	true
			}
		}, {
			"streams":	[{
					"socket":	6,
					"start":	10.000051,
					"end":	20.000088,
					"seconds":	10.00003719329834,
					"bytes":	31747400,
					"bits_per_second":	25397825.537109762,
					"packets":	21925,
					"omitted":	false,
					"sender":	true
				}],
			"sum":	{
				"start":	10.000051,
				"end":	20.000088,
				"seconds":	10.00003719329834,
				"bytes":	31747400,
				"bits_per_second":	25397825.537109762,
				"packets":	21925,
				"omitted":	false,
				"sender":	true
			}
		}, {
			"streams":	[{
					"socket":	6,
					"start":	20.000088,
					"end":	30.000098,
					"seconds":	10.000009536743164,
					"bytes":	26279752,
					"bits_per_second":	21023781.550159503,
					"packets":	18149,
					"omitted":	false,
					"sender":	true
				}],
			"sum":	{
				"start":	20.000088,
				"end":	30.000098,
				"seconds":	10.000009536743164,
				"bytes":	26279752,
				"bits_per_second":	21023781.550159503,
				"packets":	18149,
				"omitted":	false,
				"sender":	true
			}
		}, {
			"streams":	[{
					"socket":	6,
					"start":	30.000098,
					"end":	40.000118,
					"seconds":	10.000020027160645,
					"bytes":	17486048,
					"bits_per_second":	13988810.384384722,
					"packets":	12076,
					"omitted":	false,
					"sender":	true
				}],
			"sum":	{
				"start":	30.000098,
				"end":	40.000118,
				"seconds":	10.000020027160645,
				"bytes":	17486048,
				"bits_per_second":	13988810.384384722,
				"packets":	12076,
				"omitted":	false,
				"sender":	true
			}
		}, {
			"streams":	[{
					"socket":	6,
					"start":	40.000118,
					"end":	50.00013,
					"seconds":	10.000012397766113,
					"bytes":	12727920,
					"bits_per_second":	10182323.37619363,
					"packets":	8790,
					"omitted":	false,
					"sender":	true
				}],
			"sum":	{
				"start":	40.000118,
				"end":	50.00013,
				"seconds":	10.000012397766113,
				"bytes":	12727920,
				"bits_per_second":	10182323.37619363,
				"packets":	8790,
				"omitted":	false,
				"sender":	true
			}
		}, {
			"streams":	[{
					"socket":	6,
					"start":	50.00013,
					"end":	60.000097,
					"seconds":	9.9999666213989258,
					"bytes":	14917296,
					"bits_per_second":	11933876.633610742,
					"packets":	10302,
					"omitted":	false,
					"sender":	true
				}],
			"sum":	{
				"start":	50.00013,
				"end":	60.000097,
				"seconds":	9.9999666213989258,
				"bytes":	14917296,
				"bits_per_second":	11933876.633610742,
				"packets":	10302,
				"omitted":	false,
				"sender":	true
			}
		}, {
			"streams":	[{
					"socket":	6,
					"start":	60.000097,
					"end":	70.000101,
					"seconds":	10.000003814697266,
					"bytes":	8897960,
					"bits_per_second":	7118365.2845591409,
					"packets":	6145,
					"omitted":	false,
					"sender":	true
				}],
			"sum":	{
				"start":	60.000097,
				"end":	70.000101,
				"seconds":	10.000003814697266,
				"bytes":	8897960,
				"bits_per_second":	7118365.2845591409,
				"packets":	6145,
				"omitted":	false,
				"sender":	true
			}
		}, {
			"streams":	[{
					"socket":	6,
					"start":	70.000101,
					"end":	80.000039,
					"seconds":	9.9999380111694336,
					"bytes":	13838536,
					"bits_per_second":	11070897.427198483,
					"packets":	9557,
					"omitted":	false,
					"sender":	true
				}],
			"sum":	{
				"start":	70.000101,
				"end":	80.000039,
				"seconds":	9.9999380111694336,
				"bytes":	13838536,
				"bits_per_second":	11070897.427198483,
				"packets":	9557,
				"omitted":	false,
				"sender":	true
			}
		}, {
			"streams":	[{
					"socket":	6,
					"start":	80.000039,
					"end":	90.000075,
					"seconds":	10.000036239624023,
					"bytes":	23525656,
					"bits_per_second":	18820456.595372904,
					"packets":	16247,
					"omitted":	false,
					"sender":	true
				}],
			"sum":	{
				"start":	80.000039,
				"end":	90.000075,
				"seconds":	10.000036239624023,
				"bytes":	23525656,
				"bits_per_second":	18820456.595372904,
				"packets":	16247,
				"omitted":	false,
				"sender":	true
			}
		}, {
			"streams":	[{
					"socket":	6,
					"start":	90.000075,
					"end":	100.000082,
					"seconds":	10.000006675720215,
					"bytes":	14338096,
					"bits_per_second":	11470469.142635727,
					"packets":	9902,
					"omitted":	false,
					"sender":	true
				}],
			"sum":	{
				"start":	90.000075,
				"end":	100.000082,
				"seconds":	10.000006675720215,
				"bytes":	14338096,
				"bits_per_second":	11470469.142635727,
				"packets":	9902,
				"omitted":	false,
				"sender":	true
			}
		}, {
			"streams":	[{
					"socket":	6,
					"start":	100.000082,
					"end":	110.00009,
					"seconds":	10.000007629394531,
					"bytes":	14720368,
					"bits_per_second":	11776285.415407246,
					"packets":	10166,
					"omitted":	false,
					"sender":	true
				}],
			"sum":	{
				"start":	100.000082,
				"end":	110.00009,
				"seconds":	10.000007629394531,
				"bytes":	14720368,
				"bits_per_second":	11776285.415407246,
				"packets":	10166,
				"omitted":	false,
				"sender":	true
			}
		}, {
			"streams":	[{
					"socket":	6,
					"start":	110.00009,
					"end":	120.000114,
					"seconds":	10.00002384185791,
					"bytes":	25276288,
					"bits_per_second":	20220982.189421583,
					"packets":	17456,
					"omitted":	false,
					"sender":	true
				}],
			"sum":	{
				"start":	110.00009,
				"end":	120.000114,
				"seconds":	10.00002384185791,
				"bytes":	25276288,
				"bits_per_second":	20220982.189421583,
				"packets":	17456,
				"omitted":	false,
				"sender":	true
			}
		}, {
			"streams":	[{
					"socket":	6,
					"start":	120.000114,
					"end":	130.000085,
					"seconds":	9.9999713897705078,
					"bytes":	7426792,
					"bits_per_second":	5941450.598626514,
					"packets":	5129,
					"omitted":	false,
					"sender":	true
				}],
			"sum":	{
				"start":	120.000114,
				"end":	130.000085,
				"seconds":	9.9999713897705078,
				"bytes":	7426792,
				"bits_per_second":	5941450.598626514,
				"packets":	5129,
				"omitted":	false,
				"sender":	true
			}
		}, {
			"streams":	[{
					"socket":	6,
					"start":	130.000085,
					"end":	140.000035,
					"seconds":	9.9999504089355469,
					"bytes":	13942792,
					"bits_per_second":	11154288.915306052,
					"packets":	9629,
					"omitted":	false,
					"sender":	true
				}],
			"sum":	{
				"start":	130.000085,
				"end":	140.000035,
				"seconds":	9.9999504089355469,
				"bytes":	13942792,
				"bits_per_second":	11154288.915306052,
				"packets":	9629,
				"omitted":	false,
				"sender":	true
			}
		}, {
			"streams":	[{
					"socket":	6,
					"start":	140.000035,
					"end":	150.00009,
					"seconds":	10.000055313110352,
					"bytes":	23747200,
					"bits_per_second":	18997654.918061711,
					"packets":	16400,
					"omitted":	false,
					"sender":	true
				}],
			"sum":	{
				"start":	140.000035,