{
	"start":	{
		"connected":	[{
				"socket":	6,
				"local_host":	"10.20.15.3",
				"local_port":	43945,
				"remote_host":	"10.20.15.2",
				"remote_port":	5201
			}],
		"version":	"iperf 3.7",
		"system_info":	"Linux node2 5.8.0-1006-raspi #9-Ubuntu SMP PREEMPT Fri Oct 16 12:55:30 UTC 2020 aarch64",
		"timestamp":	{
			"time":	"Sun, 08 Aug 2021 11:48:53 GMT",
			"timesecs":	1628423333
		},
		"connecting_to":	{
			"host":	"10.20.15.2",
			"port":	5201
		},
		"cookie":	"il6bpniaom2eoi7io7c6fkqhbds7bxtqkrhz",
		"sock_bufsize":	0,
		"sndbuf_actual":	212992,
		"rcvbuf_actual":	212992,
		"test_start":	{
			"protocol":	"UDP",
			"num_streams":	1,
			"blksize":	1448,
			"omit":	0,
			"duration":	300,
			"bytes":	0,
			"blocks":	0,
			"reverse":	0,
			"tos":	0
		}
	},
	"intervals":	[{
			"streams":	[{
					"socket":	6,
					"start":	0,
					"end":	10.000095,
					"seconds":	10.000095367431641,
					"bytes":	57665152,
					"bits_per_second":	46131681.654000342,
					"packets":	39824,
					"omitted":	false,
					"sender":	true
				}],
			"sum":	{
				"start":	0,
				"end":	10.000095,
				"seconds":	10.000095367431641,
				"bytes":	57665152,
				"bits_per_second":	46131681.654000342,
				"packets":	39824,
				"omitted":	false,
				"sender":	true
			}
		}, {
			"streams":	[{
					"socket":	6,
					"start":	10.000095,
					"end":	20.000115,
					"seconds":	10.000020027160645,
					"bytes":	21772128,
					"bits_per_second":	17417667.517357457,
					"packets":	15036,
					"omitted":	false,
					"sender":	true
				}],
			"sum":	{
				"start":	10.000095,
				"end":	20.000115,
				"seconds":	10.000020027160645,
				"bytes":	21772128,
				"bits_per_second":	17417667.517357457,
				"packets":	15036,
				"omitted":	false,
				"sender":	true
			}
		}, {
			"streams":	[{
					"socket":	6,
					"start":	20.000115,
					"end":	30.000033,
					"seconds":	9.9999179840087891,
					"bytes":	10094008,
					"bits_per_second":	8075272.6301489063,
					"packets":	6971,
					"omitted":	false,
					"sender":	true
				}],
			"sum":	{
				"start":	20.000115,
				"end":	30.000033,
				"seconds":	9.9999179840087891,
				"bytes":	10094008,
				"bits_per_second":	8075272.6301489063,
				"packets":	6971,
				"omitted":	false,
				"sender":	true
			}
		}, {
			"streams":	[{
					"socket":	6,
					"start":	30.000033,
					"end":	40.000097,
					"seconds":	10.0000638961792,
					"bytes":	12646832,
					"bits_per_second":	10117400.953673564,
					"packets":	8734,
					"omitted":	false,
					"sender":	true
				}],
			"sum":	{
				"start":	30.000033,
				"end":	40.000097,
				"seconds":	10.0000638961792,
				"bytes":	12646832,
				"bits_per_second":	10117400.953673564,
				"packets":	8734,
				"omitted":	false,
				"sender":	true
			}
		}, {
			"streams":	[{
					"socket":	6,
					"start":	40.000097,
					"end":	50.000122,
					"seconds":	10.000024795532227,
					"bytes":	13766136,
					"bits_per_second":	11012881.492974203,
					"packets":	9507,
					"omitted":	false,
					"sender":	true
				}],
			"sum":	{
				"start":	40.000097,
				"end":	50.000122,
				"seconds":	10.000024795532227,
				"bytes":	13766136,
				"bits_per_second":	11012881.492974203,
				"packets":	9507,
				"omitted":	false,
				"sender":	true
			}
		}, {
			"streams":	[{
					"socket":	6,
					"start":	50.000122,
					"end":	60.00011,
					"seconds":	9.9999876022338867,
					"bytes":	4118112,
					"bits_per_second":	3294493.684436216,
					"packets":	2844,
					"omitted":	false,
					"sender":	true
				}],
			"sum":	{
				"start":	50.000122,
				"end":	60.00011,
				"seconds":	9.9999876022338867,
				"bytes":	4118112,
				"bits_per_second":	3294493.684436216,
				"packets":	2844,
				"omitted":	false,
				"sender":	true
			}
		}, {
			"streams":	[{
					"socket":	6,
					"start":	60.00011,
					"end":	70.000088,
					"seconds":	9.9999780654907227,
					"bytes":	18854408,
					"bits_per_second":	15083559.485047545,
					"packets":	13021,
					"omitted":	false,
					"sender":	true
				}],
			"sum":	{
				"start":	60.00011,
				"end":	70.000088,
				"seconds":	9.9999780654907227,
				"bytes":	18854408,
				"bits_per_second":	15083559.485047545,
				"packets":	13021,
				"omitted":	false,
				"sender":	true
			}
		}, {
			"streams":	[{
					"socket":	6,
					"start":	70.000088,
					"end":	80.00007,
					"seconds":	9.9999818801879883,
					"bytes":	1044008,
					"bits_per_second":	835207.91338103812,
					"packets":	721,
					"omitted":	false,
					"sender":	true
				}],
			"sum":	{
				"start":	70.000088,
				"end":	80.00007,
				"seconds":	9.9999818801879883,
				"bytes":	1044008,
				"bits_per_second":	835207.91338103812,
				"packets":	721,
				"omitted":	false,
				"sender":	true
			}
		}, {
			"streams":	[{
					"socket":	6,
					"start":	80.00007,
					"end":	90.000106,
					"seconds":	10.000036239624023,
					"bytes":	11760656,
					"bits_per_second":	9408490.7039834261,
					"packets":	8122,
					"omitted":	false,
					"sender":	true
				}],
			"sum":	{
				"start":	80.00007,
				"end":	90.000106,
				"seconds":	10.000036239624023,
				"bytes":	11760656,
				"bits_per_second":	9408490.7039834261,
				"packets":	8122,
				"omitted":	false,
				"sender":	true
			}
		}, {
			"streams":	[{
					"socket":	6,
					"start":	90.000106,
					"end":	100.000115,
					"seconds":	10.000008583068848,
					"bytes":	987536,
					"bits_per_second":	790028.12191342376,
					"packets":	682,
					"omitted":	false,
					"sender":	true
				}],
			"sum":	{
				"start":	90.000106,
				"end":	100.000115,
				"seconds":	10.000008583068848,
				"bytes":	987536,
				"bits_per_second":	790028.12191342376,
				"packets":	682,
				"omitted":	false,
				"sender":	true
			}
		}, {
			"streams":	[{
					"socket":	6,
					"start":	100.000115,
					"end":	110.000093,
					"seconds":	9.9999780654907227,
					"bytes":	19394512,
					"bits_per_second":	15515643.63280292,
					"packets":	13394,
					"omitted":	false,
					"sender":	true
				}],
			"sum":	{
				"start":	100.000115,
				"end":	110.000093,
				"seconds":	9.9999780654907227,
				"bytes":	19394512,
				"bits_per_second":	15515643.63280292,
				"packets":	13394,
				"omitted":	false,
				"sender":	true
			}
		}, {
			"streams":	[{
					"socket":	6,
					"start":	110.000093,
					"end":	120.000106,
					"seconds":	10.00001335144043,
					"bytes":	732688,
					"bits_per_second":	586149.61740583007,
					"packets":	506,
					"omitted":	false,
					"sender":	true
				}],
			"sum":	{
				"start":	110.000093,
				"end":	120.000106,
				"seconds":	10.00001335144043,
				"bytes":	732688,
				"bits_per_second":	586149.61740583007,
				"packets":	506,
				"omitted":	false,
				"sender":	true
			}
		}, {
			"streams":	[{
					"socket":	6,
					"start":	120.000106,
					"end":	130.000088,
					"seconds":	9.9999818801879883,
					"bytes":	19734792,
					"bits_per_second":	15787862.207309525,
					"packets":	13629,
					"omitted":	false,
					"sender":	true
				}],
			"sum":	{
				"start":	120.000106,
				"end":	130.000088,
				"seconds":	9.9999818801879883,
				"bytes":	19734792,
				"bits_per_second":	15787862.207309525,
				"packets":	13629,
				"omitted":	false,
				"sender":	true
			}
		}, {
			"streams":	[{
					"socket":	6,
					"start":	130.000088,
					"end":	140.000213,
					"seconds":	10.000124931335449,
					"bytes":	897760,
					"bits_per_second":	718199.0274436383,
					"packets":	620,
					"omitted":	false,
					"sender":	true
				}],
			"sum":	{
				"start":	130.000088,
				"end":	140.000213,
				"seconds":	10.000124931335449,
				"bytes":	897760,
				"bits_per_second":	718199.0274436383,
				"packets":	620,
				"omitted":	false,
				"sender":	true
			}
		}, {
			"streams":	[{
					"socket":	6,
					"start":	140.000213,
					"end":	150.000097,
					"seconds":	9.9998836517333984,
					"bytes":	20091000,
					"bits_per_second":	16072987.006417731,
					"packets":	13875,
					"omitted":	false,
					"sender":	true
				}],
			"sum":	{
				"start":	140.000213,
				"end":	150.000097,