{
	"start":	{
		"connected":	[{
				"socket":	6,
				"local_host":	"10.20.15.3",
				"local_port":	32928,
				"remote_host":	"10.20.15.2",
				"remote_port":	5201
			}],
		"version":	"iperf 3.7",
		"system_info":	"Linux node2 5.8.0-1006-raspi #9-Ubuntu SMP PREEMPT Fri Oct 16 12:55:30 UTC 2020 aarch64",
		"timestamp":	{
			"time":	"Sun, 08 Aug 2021 13:05:19 GMT",
			"timesecs":	1628427919
		},
		"connecting_to":	{
			"host":	"10.20.15.2",
			"port":	5201
		},
		"cookie":	"gpitzrgqin6jf5bzkwe747wbdpacvq35vrxp",
		"sock_bufsize":	0,
		"sndbuf_actual":	212992,
		"rcvbuf_actual":	212992,
		"test_start":	{
			"protocol":	"UDP",
			"num_streams":	1,
			"blksize":	1448,
			"omit":	0,
			"duration":	300,
			"bytes":	0,
			"blocks":	0,
			"reverse":	0,
			"tos":	0
		}
	},
	"intervals":	[{
			"streams":	[{
					"socket":	6,
					"start":	0,
					"end":	10.000179,
					"seconds":	10.000179290771484,
					"bytes":	17480256,
					"bits_per_second":	13983954.080608448,
					"packets":	12072,
					"omitted":	false,
					"sender":	true
				}],
			"sum":	{
				"start":	0,
				"end":	10.000179,
				"seconds":	10.000179290771484,
				"bytes":	17480256,
				"bits_per_second":	13983954.080608448,
				"packets":	12072,
				"omitted":	false,
				"sender":	true
			}
		}, {
			"streams":	[{
					"socket":	6,
					"start":	10.000179,
					"end":	20.000104,
					"seconds":	9.9999246597290039,
					"bytes":	6376992,
					"bits_per_second":	5101632.03583401,
					"packets":	4404,
					"omitted":	false,
					"sender":	true
				}],
			"sum":	{
				"start":	10.000179,
				"end":	20.000104,
				"seconds":	9.9999246597290039,
				"bytes":	6376992,
				"bits_per_second":	5101632.03583401,
				"packets":	4404,
				"omitted":	false,
				"sender":	true
			}
		}, {
			"streams":	[{
					"socket":	6,
					"start":	20.000104,
					"end":	30.000753,
					"seconds":	10.000649452209473,
					"bytes":	30238584,
					"bits_per_second":	24189296.22081238,
					"packets":	20883,
					"omitted":	false,
					"sender":	true
				}],
			"sum":	{
				"start":	20.000104,
				"end":	30.000753,
				"seconds":	10.000649452209473,
				"bytes":	30238584,
				"bits_per_second":	24189296.22081238,
				"packets":	20883,
				"omitted":	false,
				"sender":	true
			}
		}, {
			"streams":	[{
					"socket":	6,
					"start":	30.000753,
					"end":	40.000097,
					"seconds":	9.9993438720703125,
					"bytes":	7325432,
					"bits_per_second":	5860730.1388732474,
					"packets":	5059,
					"omitted":	false,
					"sender":	true
				}],
			"sum":	{
				"start":	30.000753,
				"end":	40.000097,
				"seconds":	9.9993438720703125,
				"bytes":	7325432,
				"bits_per_second":	5860730.1388732474,
				"packets":	5059,
				"omitted":	false,
				"sender":	true
			}
		}, {
			"streams":	[{
					"socket":	6,
					"start":	40.000097,
					"end":	50.0001,
					"seconds":	10.000002861022949,
					"bytes":	5679056,
					"bits_per_second":	4543243.5001676083,
					"packets":	3922,
					"omitted":	false,
					"sender":	true
				}],
			"sum":	{
				"start":	40.000097,
				"end":	50.0001,
				"seconds":	10.000002861022949,
				"bytes":	5679056,
				"bits_per_second":	4543243.5001676083,
				"packets":	3922,
				"omitted":	false,
				"sender":	true
			}
		}, {
			"streams":	[{
					"socket":	6,
					"start":	50.0001,
					"end":	60.000117,
					"seconds":	10.000017166137695,
					"bytes":	21766336,
					"bits_per_second":	17413038.908537641,
					"packets":	15032,
					"omitted":	false,
					"sender":	true
				}],
			"sum":	{
				"start":	50.0001,
				"end":	60.000117,
				"seconds":	10.000017166137695,
				"bytes":	21766336,
				"bits_per_second":	17413038.908537641,
				"packets":	15032,
				"omitted":	false,
				"sender":	true
			}
		}, {
			"streams":	[{
					"socket":	6,
					"start":	60.000117,
					"end":	70.000121,
					"seconds":	10.000003814697266,
					"bytes":	7308056,
					"bits_per_second":	5846442.5697591519,
					"packets":	5047,
					"omitted":	false,
					"sender":	true
				}],
			"sum":	{
				"start":	60.000117,
				"end":	70.000121,
				"seconds":	10.000003814697266,
				"bytes":	7308056,
				"bits_per_second":	5846442.5697591519,
				"packets":	5047,
				"omitted":	false,
				"sender":	true
			}
		}, {
			"streams":	[{
					"socket":	6,
					"start":	70.000121,
					"end":	80.000113,
					"seconds":	9.9999923706054688,
					"bytes":	23005824,
					"bits_per_second":	18404673.241651338,
					"packets":	15888,
					"omitted":	false,
					"sender":	true
				}],
			"sum":	{
				"start":	70.000121,
				"end":	80.000113,
				"seconds":	9.9999923706054688,
				"bytes":	23005824,
				"bits_per_second":	18404673.241651338,
				"packets":	15888,
				"omitted":	false,
				"sender":	true
			}
		}, {
			"streams":	[{
					"socket":	6,
					"start":	80.000113,
					"end":	90.000094,
					"seconds":	9.9999809265136719,
					"bytes":	7541184,
					"bits_per_second":	6032958.7069555419,
					"packets":	5208,
					"omitted":	false,
					"sender":	true
				}],
			"sum":	{
				"start":	80.000113,
				"end":	90.000094,
				"seconds":	9.9999809265136719,
				"bytes":	7541184,
				"bits_per_second":	6032958.7069555419,
				"packets":	5208,
				"omitted":	false,
				"sender":	true
			}
		}, {
			"streams":	[{
					"socket":	6,
					"start":	90.000094,
					"end":	100.000122,
					"seconds":	10.000027656555176,
					"bytes":	22177568,
					"bits_per_second":	17742005.331725061,
					"packets":	15316,
					"omitted":	false,
					"sender":	true
				}],
			"sum":	{
				"start":	90.000094,
				"end":	100.000122,
				"seconds":	10.000027656555176,
				"bytes":	22177568,
				"bits_per_second":	17742005.331725061,
				"packets":	15316,
				"omitted":	false,
				"sender":	true
			}
		}, {
			"streams":	[{
					"socket":	6,
					"start":	100.000122,
					"end":	110.000104,
					"seconds":	9.9999818801879883,
					"bytes":	7978480,
					"bits_per_second":	6382795.5655055754,
					"packets":	5510,
					"omitted":	false,
					"sender":	true
				}],
			"sum":	{
				"start":	100.000122,
				"end":	110.000104,
				"seconds":	9.9999818801879883,
				"bytes":	7978480,
				"bits_per_second":	6382795.5655055754,
				"packets":	5510,
				"omitted":	false,
				"sender":	true
			}
		}, {
			"streams":	[{
					"socket":	6,
					"start":	110.000104,
					"end":	120.000107,
					"seconds":	10.000002861022949,
					"bytes":	7832232,
					"bits_per_second":	6265783.8073448734,
					"packets":	5409,
					"omitted":	false,
					"sender":	true
				}],
			"sum":	{
				"start":	110.000104,
				"end":	120.000107,
				"seconds":	10.000002861022949,
				"bytes":	7832232,
				"bits_per_second":	6265783.8073448734,
				"packets":	5409,
				"omitted":	false,
				"sender":	true
			}
		}, {
			"streams":	[{
					"socket":	6,
					"start":	120.000107,
					"end":	130.000128,
					"seconds":	10.000020980834961,
					"bytes":	24219248,
					"bits_per_second":	19375357.748881675,
					"packets":	16726,
					"omitted":	false,
					"sender":	true
				}],
			"sum":	{
				"start":	120.000107,
				"end":	130.000128,
				"seconds":	10.000020980834961,
				"bytes":	24219248,
				"bits_per_second":	19375357.748881675,
				"packets":	16726,
				"omitted":	false,
				"sender":	true
			}
		}, {
			"streams":	[{
					"socket":	6,
					"start":	130.000128,
					"end":	140.000098,
					"seconds":	9.9999704360961914,
					"bytes":	6268392,
					"bits_per_second":	5014728.4254948795,
					"packets":	4329,
					"omitted":	false,
					"sender":	true
				}],
			"sum":	{
				"start":	130.000128,
				"end":	140.000098,
				"seconds":	9.9999704360961914,
				"bytes":	6268392,
				"bits_per_second":	5014728.4254948795,
				"packets":	4329,
				"omitted":	false,
				"sender":	true
			}
		}, {
			"streams":	[{
					"socket":	6,
					"start":	140.000098,
					"end":	150.000059,
					"seconds":	9.9999608993530273,
					"bytes":	33367712,
					"bits_per_second":	26694273.976338293,
					"packets":	23044,
					"omitted":	false,
					"sender":	true
				}],
			"sum":	{
				"start":	140.000098,
				"end":	150.000059,