{
	"start":	{
		"connected":	[{
				"socket":	6,
				"local_host":	"10.20.15.3",
				"local_port":	54264,
				"remote_host":	"10.20.15.2",
				"remote_port":	5201
			}],
		"version":	"iperf 3.7",
		"system_info":	"Linux node2 5.8.0-1006-raspi #9-Ubuntu SMP PREEMPT Fri Oct 16 12:55:30 UTC 2020 aarch64",
		"timestamp":	{
			"time":	"Sun, 08 Aug 2021 12:23:46 GMT",
			"timesecs":	1628425426
		},
		"connecting_to":	{
			"host":	"10.20.15.2",
			"port":	5201
		},
		"cookie":	"srqzdnbbpre7t4ijrrp7letg3r3wpehu2za5",
		"sock_bufsize":	0,
		"sndbuf_actual":	212992,
		"rcvbuf_actual":	212992,
		"test_start":	{
			"protocol":	"UDP",
			"num_streams":	1,
			"blksize":	1448,
			"omit":	0,
			"duration":	300,
			"bytes":	0,
			"blocks":	0,
			"reverse":	0,
			"tos":	0
		}
	},
	"intervals":	[{
			"streams":	[{
					"socket":	6,
					"start":	0,
					"end":	10.000148,
					"seconds":	10.000147819519043,
					"bytes":	11096024,
					"bits_per_second":	8876687.9852251336,
					"packets":	7663,
					"omitted":	false,
					"sender":	true
				}],
			"sum":	{
				"start":	0,
				"end":	10.000148,
				"seconds":	10.000147819519043,
				"bytes":	11096024,
				"bits_per_second":	8876687.9852251336,
				"packets":	7663,
				"omitted":	false,
				"sender":	true
			}
		}, {
			"streams":	[{
					"socket":	6,
					"start":	10.000148,
					"end":	20.000098,
					"seconds":	9.9999504089355469,
					"bytes":	832600,
					"bits_per_second":	666083.30317800189,
					"packets":	575,
					"omitted":	false,
					"sender":	true
				}],
			"sum":	{
				"start":	10.000148,
				"end":	20.000098,
				"seconds":	9.9999504089355469,
				"bytes":	832600,
				"bits_per_second":	666083.30317800189,
				"packets":	575,
				"omitted":	false,
				"sender":	true
			}
		}, {
			"streams":	[{
					"socket":	6,
					"start":	20.000098,
					"end":	30.000077,
					"seconds":	9.9999790191650391,
					"bytes":	44899584,
					"bits_per_second":	35919742.562619053,
					"packets":	31008,
					"omitted":	false,
					"sender":	true
				}],
			"sum":	{
				"start":	20.000098,
				"end":	30.000077,
				"seconds":	9.9999790191650391,
				"bytes":	44899584,
				"bits_per_second":	35919742.562619053,
				"packets":	31008,
				"omitted":	false,
				"sender":	true
			}
		}, {
			"streams":	[{
					"socket":	6,
					"start":	30.000077,
					"end":	40.000117,
					"seconds":	10.000040054321289,
					"bytes":	42734824,
					"bits_per_second":	34187722.263398834,
					"packets":	29513,
					"omitted":	false,
					"sender":	true
				}],
			"sum":	{
				"start":	30.000077,
				"end":	40.000117,
				"seconds":	10.000040054321289,
				"bytes":	42734824,
				"bits_per_second":	34187722.263398834,
				"packets":	29513,
				"omitted":	false,
				"sender":	true
			}
		}, {
			"streams":	[{
					"socket":	6,
					"start":	40.000117,
					"end":	50.00009,
					"seconds":	9.99997329711914,
					"bytes":	894864,
					"bits_per_second":	715893.11164084682,
					"packets":	618,
					"omitted":	false,
					"sender":	true
				}],
			"sum":	{
				"start":	40.000117,
				"end":	50.00009,
				"seconds":	9.99997329711914,
				"bytes":	894864,
				"bits_per_second":	715893.11164084682,
				"packets":	618,
				"omitted":	false,
				"sender":	true
			}
		}, {
			"streams":	[{
					"socket":	6,
					"start":	50.00009,
					"end":	60.000117,
					"seconds":	10.000026702880859,
					"bytes":	17778544,
					"bits_per_second":	14222797.221034031,
					"packets":	12278,
					"omitted":	false,
					"sender":	true
				}],
			"sum":	{
				"start":	50.00009,
				"end":	60.000117,
				"seconds":	10.000026702880859,
				"bytes":	17778544,
				"bits_per_second":	14222797.221034031,
				"packets":	12278,
				"omitted":	false,
				"sender":	true
			}
		}, {
			"streams":	[{
					"socket":	6,
					"start":	60.000117,
					"end":	70.000133,
					"seconds":	10.000016212463379,
					"bytes":	5130264,
					"bits_per_second":	4104204.5460734097,
					"packets":	3543,
					"omitted":	false,
					"sender":	true
				}],
			"sum":	{
				"start":	60.000117,
				"end":	70.000133,
				"seconds":	10.000016212463379,
				"bytes":	5130264,
				"bits_per_second":	4104204.5460734097,
				"packets":	3543,
				"omitted":	false,
				"sender":	true
			}
		}, {
			"streams":	[{
					"socket":	6,
					"start":	70.000133,
					"end":	80.000079,
					"seconds":	9.9999456405639648,
					"bytes":	863008,
					"bits_per_second":	690410.15303065511,
					"packets":	596,
					"omitted":	false,
					"sender":	true
				}],
			"sum":	{
				"start":	70.000133,
				"end":	80.000079,
				"seconds":	9.9999456405639648,
				"bytes":	863008,
				"bits_per_second":	690410.15303065511,
				"packets":	596,
				"omitted":	false,
				"sender":	true
			}
		}, {
			"streams":	[{
					"socket":	6,
					"start":	80.000079,
					"end":	90.000069,
					"seconds":	9.9999904632568359,
					"bytes":	20861336,
					"bits_per_second":	16689084.715951458,
					"packets":	14407,
					"omitted":	false,
					"sender":	true
				}],
			"sum":	{
				"start":	80.000079,
				"end":	90.000069,
				"seconds":	9.9999904632568359,
				"bytes":	20861336,
				"bits_per_second":	16689084.715951458,
				"packets":	14407,
				"omitted":	false,
				"sender":	true
			}
		}, {
			"streams":	[{
					"socket":	6,
					"start":	90.000069,
					"end":	100.000087,
					"seconds":	10.000018119812012,
					"bytes":	742824,
					"bits_per_second":	594258.12321545207,
					"packets":	513,
					"omitted":	false,
					"sender":	true
				}],
			"sum":	{
				"start":	90.000069,
				"end":	100.000087,
				"seconds":	10.000018119812012,
				"bytes":	742824,
				"bits_per_second":	594258.12321545207,
				"packets":	513,
				"omitted":	false,
				"sender":	true
			}
		}, {
			"streams":	[{
					"socket":	6,
					"start":	100.000087,
					"end":	110.000098,
					"seconds":	10.000011444091797,
					"bytes":	18483720,
					"bits_per_second":	14786959.077668292,
					"packets":	12765,
					"omitted":	false,
					"sender":	true
				}],
			"sum":	{
				"start":	100.000087,
				"end":	110.000098,
				"seconds":	10.000011444091797,
				"bytes":	18483720,
				"bits_per_second":	14786959.077668292,
				"packets":	12765,
				"omitted":	false,
				"sender":	true
			}
		}, {
			"streams":	[{
					"socket":	6,
					"start":	110.000098,
					"end":	120.000087,
					"seconds":	9.9999885559082031,
					"bytes":	919480,
					"bits_per_second":	735584.84181004541,
					"packets":	635,
					"omitted":	false,
					"sender":	true
				}],
			"sum":	{
				"start":	110.000098,
				"end":	120.000087,
				"seconds":	9.9999885559082031,
				"bytes":	919480,
				"bits_per_second":	735584.84181004541,
				"packets":	635,
				"omitted":	false,
				"sender":	true
			}
		}, {
			"streams":	[{
					"socket":	6,
					"start":	120.000087,
					"end":	130.000079,
					"seconds":	9.9999923706054688,
					"bytes":	10605152,
					"bits_per_second":	8484128.0728760324,
					"packets":	7324,
					"omitted":	false,
					"sender":	true
				}],
			"sum":	{
				"start":	120.000087,
				"end":	130.000079,
				"seconds":	9.9999923706054688,
				"bytes":	10605152,
				"bits_per_second":	8484128.0728760324,
				"packets":	7324,
				"omitted":	false,
				"sender":	true
			}
		}, {
			"streams":	[{
					"socket":	6,
					"start":	130.000079,
					"end":	140.000087,
					"seconds":	10.000007629394531,
					"bytes":	10518272,
					"bits_per_second":	8414611.1801611483,
					"packets":	7264,
					"omitted":	false,
					"sender":	true
				}],
			"sum":	{
				"start":	130.000079,
				"end":	140.000087,
				"seconds":	10.000007629394531,
				"bytes":	10518272,
				"bits_per_second":	8414611.1801611483,
				"packets":	7264,
				"omitted":	false,
				"sender":	true
			}
		}, {
			"streams":	[{
					"socket":	6,
					"start":	140.000087,
					"end":	150.0001,
					"seconds":	10.00001335144043,
					"bytes":	831152,
					"bits_per_second":	664920.712235072,
					"packets":	574,
					"omitted":	false,
					"sender":	true
				}],
			"sum":	{
				"start":	140.000087,
				"end":	150.0001,