{
	"start":	{
		"connected":	[{
				"socket":	6,
				"local_host":	"10.20.15.3",
				"local_port":	47721,
				"remote_host":	"10.20.15.2",
				"remote_port":	5201
			}],
		"version":	"iperf 3.7",
		"system_info":	"Linux node2 5.8.0-1006-raspi #9-Ubuntu SMP PREEMPT Fri Oct 16 12:55:30 UTC 2020 aarch64",
		"timestamp":	{
			"time":	"Sun, 08 Aug 2021 10:11:07 GMT",
			"timesecs":	1628417467
		},
		"connecting_to":	{
			"host":	"10.20.15.2",
			"port":	5201
		},
		"cookie":	"dsiqqdtd7wfqru7iayvmysefgu7shux2zhzu",
		"sock_bufsize":	0,
		"sndbuf_actual":	212992,
		"rcvbuf_actual":	212992,
		"test_start":	{
			"protocol":	"UDP",
			"num_streams":	1,
			"blksize":	1448,
			"omit":	0,
			"duration":	300,
			"bytes":	0,
			"blocks":	0,
			"reverse":	0,
			"tos":	0
		}
	},
	"intervals":	[{
			"streams":	[{
					"socket":	6,
					"start":	0,
					"end":	10.000087,
					"seconds":	10.000086784362793,
					"bytes":	19743480,
					"bits_per_second":	15794646.927163089,
					"packets":	13635,
					"omitted":	false,
					"sender":	true
				}],
			"sum":	{
				"start":	0,
				"end":	10.000087,
				"seconds":	10.000086784362793,
				"bytes":	19743480,
				"bits_per_second":	15794646.927163089,
				"packets":	13635,
				"omitted":	false,
				"sender":	true
			}
		}, {
			"streams":	[{
					"socket":	6,
					"start":	10.000087,
					"end":	20.000097,
					"seconds":	10.000009536743164,
					"bytes":	33975872,
					"bits_per_second":	27180671.678491518,
					"packets":	23464,
					"omitted":	false,
					"sender":	true
				}],
			"sum":	{
				"start":	10.000087,
				"end":	20.000097,
				"seconds":	10.000009536743164,
				"bytes":	33975872,
				"bits_per_second":	27180671.678491518,
				"packets":	23464,
				"omitted":	false,
				"sender":	true
			}
		}, {
			"streams":	[{
					"socket":	6,
					"start":	20.000097,
					"end":	30.000011,
					"seconds":	9.9999141693115234,
					"bytes":	1973624,
					"bits_per_second":	1578912.7519168542,
					"packets":	1363,
					"omitted":	false,
					"sender":	true
				}],
			"sum":	{
				"start":	20.000097,
				"end":	30.000011,
				"seconds":	9.9999141693115234,
				"bytes":	1973624,
				"bits_per_second":	1578912.7519168542,
				"packets":	1363,
				"omitted":	false,
				"sender":	true
			}
		}, {
			"streams":	[{
					"socket":	6,
					"start":	30.000011,
					"end":	40.00009,
					"seconds":	10.000079154968262,
					"bytes":	18198464,
					"bits_per_second":	14558655.961004948,
					"packets":	12568,
					"omitted":	false,
					"sender":	true
				}],
			"sum":	{
				"start":	30.000011,
				"end":	40.00009,
				"seconds":	10.000079154968262,
				"bytes":	18198464,
				"bits_per_second":	14558655.961004948,
				"packets":	12568,
				"omitted":	false,
				"sender":	true
			}
		}, {
			"streams":	[{
					"socket":	6,
					"start":	40.00009,
					"end":	50.000088,
					"seconds":	9.9999980926513672,
					"bytes":	17462880,
					"bits_per_second":	13970306.664624531,
					"packets":	12060,
					"omitted":	false,
					"sender":	true
				}],
			"sum":	{
				"start":	40.00009,
				"end":	50.000088,
				"seconds":	9.9999980926513672,
				"bytes":	17462880,
				"bits_per_second":	13970306.664624531,
				"packets":	12060,
				"omitted":	false,
				"sender":	true
			}
		}, {
			"streams":	[{
					"socket":	6,
					"start":	50.000088,
					"end":	60.000113,
					"seconds":	10.000024795532227,
					"bytes":	16068456,
					"bits_per_second":	12854732.926005548,
					"packets":	11097,
					"omitted":	false,
					"sender":	true
				}],
			"sum":	{
				"start":	50.000088,
				"end":	60.000113,
				"seconds":	10.000024795532227,
				"bytes":	16068456,
				"bits_per_second":	12854732.926005548,
				"packets":	11097,
				"omitted":	false,
				"sender":	true
			}
		}, {
			"streams":	[{
					"socket":	6,
					"start":	60.000113,
					"end":	70.000089,
					"seconds":	9.99997615814209,
					"bytes":	3543256,
					"bits_per_second":	2834611.5582406004,
					"packets":	2447,
					"omitted":	false,
					"sender":	true
				}],
			"sum":	{
				"start":	60.000113,
				"end":	70.000089,
				"seconds":	9.99997615814209,
				"bytes":	3543256,
				"bits_per_second":	2834611.5582406004,
				"packets":	2447,
				"omitted":	false,
				"sender":	true
			}
		}, {
			"streams":	[{
					"socket":	6,
					"start":	70.000089,
					"end":	80.00009,
					"seconds":	10.000000953674316,
					"bytes":	16751912,
					"bits_per_second":	13401528.321930664,
					"packets":	11569,
					"omitted":	false,
					"sender":	true
				}],
			"sum":	{
				"start":	70.000089,
				"end":	80.00009,
				"seconds":	10.000000953674316,
				"bytes":	16751912,
				"bits_per_second":	13401528.321930664,
				"packets":	11569,
				"omitted":	false,
				"sender":	true
			}
		}, {
			"streams":	[{
					"socket":	6,
					"start":	80.00009,
					"end":	90.000088,
					"seconds":	9.9999980926513672,
					"bytes":	14044152,
					"bits_per_second":	11235323.742967937,
					"packets":	9699,
					"omitted":	false,
					"sender":	true
				}],
			"sum":	{
				"start":	80.00009,
				"end":	90.000088,
				"seconds":	9.9999980926513672,
				"bytes":	14044152,
				"bits_per_second":	11235323.742967937,
				"packets":	9699,
				"omitted":	false,
				"sender":	true
			}
		}, {
			"streams":	[{
					"socket":	6,
					"start":	90.000088,
					"end":	100.00008,
					"seconds":	9.9999923706054688,
					"bytes":	10915024,
					"bits_per_second":	8732025.8620070349,
					"packets":	7538,
					"omitted":	false,
					"sender":	true
				}],
			"sum":	{
				"start":	90.000088,
				"end":	100.00008,
				"seconds":	9.9999923706054688,
				"bytes":	10915024,
				"bits_per_second":	8732025.8620070349,
				"packets":	7538,
				"omitted":	false,
				"sender":	true
			}
		}, {
			"streams":	[{
					"socket":	6,
					"start":	100.00008,
					"end":	110.000441,
					"seconds":	10.000361442565918,
					"bytes":	8349168,
					"bits_per_second":	6679092.9891492,
					"packets":	5766,
					"omitted":	false,
					"sender":	true
				}],
			"sum":	{
				"start":	100.00008,
				"end":	110.000441,
				"seconds":	10.000361442565918,
				"bytes":	8349168,
				"bits_per_second":	6679092.9891492,
				"packets":	5766,
				"omitted":	false,
				"sender":	true
			}
		}, {
			"streams":	[{
					"socket":	6,
					"start":	110.000441,
					"end":	120.000101,
					"seconds":	9.999659538269043,
					"bytes":	18968800,
					"bits_per_second":	15175556.669629198,
					"packets":	13100,
					"omitted":	false,
					"sender":	true
				}],
			"sum":	{
				"start":	110.000441,
				"end":	120.000101,
				"seconds":	9.999659538269043,
				"bytes":	18968800,
				"bits_per_second":	15175556.669629198,
				"packets":	13100,
				"omitted":	false,
				"sender":	true
			}
		}, {
			"streams":	[{
					"socket":	6,
					"start":	120.000101,
					"end":	130.000144,
					"seconds":	10.000042915344238,
					"bytes":	19673976,
					"bits_per_second":	15739113.255053665,
					"packets":	13587,
					"omitted":	false,
					"sender":	true
				}],
			"sum":	{
				"start":	120.000101,
				"end":	130.000144,
				"seconds":	10.000042915344238,
				"bytes":	19673976,
				"bits_per_second":	15739113.255053665,
				"packets":	13587,
				"omitted":	false,
				"sender":	true
			}
		}, {
			"streams":	[{
					"socket":	6,
					"start":	130.000144,
					"end":	140.000085,
					"seconds":	9.9999408721923828,
					"bytes":	1953352,
					"bits_per_second":	1562690.8398483344,
					"packets":	1349,
					"omitted":	false,
					"sender":	true
				}],
			"sum":	{
				"start":	130.000144,
				"end":	140.000085,
				"seconds":	9.9999408721923828,
				"bytes":	1953352,
				"bits_per_second":	1562690.8398483344,
				"packets":	1349,
				"omitted":	false,
				"sender":	true
			}
		}, {
			"streams":	[{
					"socket":	6,
					"start":	140.000085,
					"end":	150.000089,
					"seconds":	10.000003814697266,
					"bytes":	8341928,
					"bits_per_second":	6673539.8542465763,
					"packets":	5761,
					"omitted":	false,
					"sender":	true
				}],
			"sum":	{
				"start":	140.000085,
				"end":	150.000089,