{
	"start":	{
		"connected":	[{
				"socket":	6,
				"local_host":	"10.20.15.3",
				"local_port":	39551,
				"remote_host":	"10.20.15.2",
				"remote_port":	5201
			}],
		"version":	"iperf 3.7",
		"system_info":	"Linux node2 5.8.0-1006-raspi #9-Ubuntu SMP PREEMPT Fri Oct 16 12:55:30 UTC 2020 aarch64",
		"timestamp":	{
			"time":	"Sun, 08 Aug 2021 09:26:07 GMT",
			"timesecs":	1628414767
		},
		"connecting_to":	{
			"host":	"10.20.15.2",
			"port":	5201
		},
		"cookie":	"y4q6wsmgdbwtutz56yla3kvvabdkqe2egre4",
		"sock_bufsize":	0,
		"sndbuf_actual":	212992,
		"rcvbuf_actual":	212992,
		"test_start":	{
			"protocol":	"UDP",
			"num_streams":	1,
			"blksize":	1448,
			"omit":	0,
			"duration":	300,
			"bytes":	0,
			"blocks":	0,
			"reverse":	0,
			"tos":	0
		}
	},
	"intervals":	[{
			"streams":	[{
					"socket":	6,
					"start":	0,
					"end":	10.000122,
					"seconds":	10.0001220703125,
					"bytes":	51902112,
					"bits_per_second":	41521182.74962464,
					"packets":	35844,
					"omitted":	false,
					"sender":	true
				}],
			"sum":	{
				"start":	0,
				"end":	10.000122,
				"seconds":	10.0001220703125,
				"bytes":	51902112,
				"bits_per_second":	41521182.74962464,
				"packets":	35844,
				"omitted":	false,
				"sender":	true
			}
		}, {
			"streams":	[{
					"socket":	6,
					"start":	10.000122,
					"end":	20.000026,
					"seconds":	9.999903678894043,
					"bytes":	51806544,
					"bits_per_second":	41445634.408934332,
					"packets":	35778,
					"omitted":	false,
					"sender":	true
				}],
			"sum":	{
				"start":	10.000122,
				"end":	20.000026,
				"seconds":	9.999903678894043,
				"bytes":	51806544,
				"bits_per_second":	41445634.408934332,
				"packets":	35778,
				"omitted":	false,
				"sender":	true
			}
		}, {
			"streams":	[{
					"socket":	6,
					"start":	20.000026,
					"end":	30.000045,
					"seconds":	10.000019073486328,
					"bytes":	26304368,
					"bits_per_second":	21043454.262796283,
					"packets":	18166,
					"omitted":	false,
					"sender":	true
				}],
			"sum":	{
				"start":	20.000026,
				"end":	30.000045,
				"seconds":	10.000019073486328,
				"bytes":	26304368,
				"bits_per_second":	21043454.262796283,
				"packets":	18166,
				"omitted":	false,
				"sender":	true
			}
		}, {
			"streams":	[{
					"socket":	6,
					"start":	30.000045,
					"end":	40.000102,
					"seconds":	10.000057220458984,
					"bytes":	12791632,
					"bits_per_second":	10233247.044890719,
					"packets":	8834,
					"omitted":	false,
					"sender":	true
				}],
			"sum":	{
				"start":	30.000045,
				"end":	40.000102,
				"seconds":	10.000057220458984,
				"bytes":	12791632,
				"bits_per_second":	10233247.044890719,
				"packets":	8834,
				"omitted":	false,
				"sender":	true
			}
		}, {
			"streams":	[{
					"socket":	6,
					"start":	40.000102,
					"end":	50.000112,
					"seconds":	10.000009536743164,
					"bytes":	12930640,
					"bits_per_second":	10344502.134713998,
					"packets":	8930,
					"omitted":	false,
					"sender":	true
				}],
			"sum":	{
				"start":	40.000102,
				"end":	50.000112,
				"seconds":	10.000009536743164,
				"bytes":	12930640,
				"bits_per_second":	10344502.134713998,
				"packets":	8930,
				"omitted":	false,
				"sender":	true
			}
		}, {
			"streams":	[{
					"socket":	6,
					"start":	50.000112,
					"end":	60.000078,
					"seconds":	9.99996566772461,
					"bytes":	23771816,
					"bits_per_second":	19017518.091466837,
					"packets":	16417,
					"omitted":	false,
					"sender":	true
				}],
			"sum":	{
				"start":	50.000112,
				"end":	60.000078,
				"seconds":	9.99996566772461,
				"bytes":	23771816,
				"bits_per_second":	19017518.091466837,
				"packets":	16417,
				"omitted":	false,
				"sender":	true
			}
		}, {
			"streams":	[{
					"socket":	6,
					"start":	60.000078,
					"end":	70.000088,
					"seconds":	10.000009536743164,
					"bytes":	17290568,
					"bits_per_second":	13832441.208356086,
					"packets":	11941,
					"omitted":	false,
					"sender":	true
				}],
			"sum":	{
				"start":	60.000078,
				"end":	70.000088,
				"seconds":	10.000009536743164,
				"bytes":	17290568,
				"bits_per_second":	13832441.208356086,
				"packets":	11941,
				"omitted":	false,
				"sender":	true
			}
		}, {
			"streams":	[{
					"socket":	6,
					"start":	70.000088,
					"end":	80.000093,
					"seconds":	10.000004768371582,
					"bytes":	12170440,
					"bits_per_second":	9736347.3573477957,
					"packets":	8405,
					"omitted":	false,
					"sender":	true
				}],
			"sum":	{
				"start":	70.000088,
				"end":	80.000093,
				"seconds":	10.000004768371582,
				"bytes":	12170440,
				"bits_per_second":	9736347.3573477957,
				"packets":	8405,
				"omitted":	false,
				"sender":	true
			}
		}, {
			"streams":	[{
					"socket":	6,
					"start":	80.000093,
					"end":	90.00009,
					"seconds":	9.99999713897705,
					"bytes":	20082312,
					"bits_per_second":	16065854.196477756,
					"packets":	13869,
					"omitted":	false,
					"sender":	true
				}],
			"sum":	{
				"start":	80.000093,
				"end":	90.00009,
				"seconds":	9.99999713897705,
				"bytes":	20082312,
				"bits_per_second":	16065854.196477756,
				"packets":	13869,
				"omitted":	false,
				"sender":	true
			}
		}, {
			"streams":	[{
					"socket":	6,
					"start":	90.00009,
					"end":	100.000087,
					"seconds":	9.99999713897705,
					"bytes":	12645384,
					"bits_per_second":	10116310.094299534,
					"packets":	8733,
					"omitted":	false,
					"sender":	true
				}],
			"sum":	{
				"start":	90.00009,
				"end":	100.000087,
				"seconds":	9.99999713897705,
				"bytes":	12645384,
				"bits_per_second":	10116310.094299534,
				"packets":	8733,
				"omitted":	false,
				"sender":	true
			}
		}, {
			"streams":	[{
					"socket":	6,
					"start":	100.000087,
					"end":	110.000106,
					"seconds":	10.000019073486328,
					"bytes":	16701232,
					"bits_per_second":	13360960.115990989,
					"packets":	11534,
					"omitted":	false,
					"sender":	true
				}],
			"sum":	{
				"start":	100.000087,
				"end":	110.000106,
				"seconds":	10.000019073486328,
				"bytes":	16701232,
				"bits_per_second":	13360960.115990989,
				"packets":	11534,
				"omitted":	false,
				"sender":	true
			}
		}, {
			"streams":	[{
					"socket":	6,
					"start":	110.000106,
					"end":	120.000071,
					"seconds":	9.999964714050293,
					"bytes":	17119704,
					"bits_per_second":	13695811.526971674,
					"packets":	11823,
					"omitted":	false,
					"sender":	true
				}],
			"sum":	{
				"start":	110.000106,
				"end":	120.000071,
				"seconds":	9.999964714050293,
				"bytes":	17119704,
				"bits_per_second":	13695811.526971674,
				"packets":	11823,
				"omitted":	false,
				"sender":	true
			}
		}, {
			"streams":	[{
					"socket":	6,
					"start":	120.000071,
					"end":	130.000081,
					"seconds":	10.000009536743164,
					"bytes":	19419128,
					"bits_per_second":	15535287.584395234,
					"packets":	13411,
					"omitted":	false,
					"sender":	true
				}],
			"sum":	{
				"start":	120.000071,
				"end":	130.000081,
				"seconds":	10.000009536743164,
				"bytes":	19419128,
				"bits_per_second":	15535287.584395234,
				"packets":	13411,
				"omitted":	false,
				"sender":	true
			}
		}, {
			"streams":	[{
					"socket":	6,
					"start":	130.000081,
					"end":	140.000109,
					"seconds":	10.000027656555176,
					"bytes":	12903128,
					"bits_per_second":	10322473.851593237,
					"packets":	8911,
					"omitted":	false,
					"sender":	true
				}],
			"sum":	{
				"start":	130.000081,
				"end":	140.000109,
				"seconds":	10.000027656555176,
				"bytes":	12903128,
				"bits_per_second":	10322473.851593237,
				"packets":	8911,
				"omitted":	false,
				"sender":	true
			}
		}, {
			"streams":	[{
					"socket":	6,
					"start":	140.000109,
					"end":	150.000088,
					"seconds":	9.9999790191650391,
					"bytes":	21459360,
					"bits_per_second":	17167524.018898811,
					"packets":	14820,
					"omitted":	false,
					"sender":	true
				}],
			"sum":	{
				"start":	140.000109,