{
	"start":	{
		"connected":	[{
				"socket":	6,
				"local_host":	"10.20.15.3",
				"local_port":	46823,
				"remote_host":	"10.20.15.2",
				"remote_port":	5201
			}],
		"version":	"iperf 3.7",
		"system_info":	"Linux node2 5.8.0-1006-raspi #9-Ubuntu SMP PREEMPT Fri Oct 16 12:55:30 UTC 2020 aarch64",
		"timestamp":	{
			"time":	"Sun, 08 Aug 2021 09:11:55 GMT",
			"timesecs":	1628413915
		},
		"connecting_to":	{
			"host":	"10.20.15.2",
			"port":	5201
		},
		"cookie":	"2ps47csz2q46bvam2jcdop2yiik3v675ry5q",
		"sock_bufsize":	0,
		"sndbuf_actual":	212992,
		"rcvbuf_actual":	212992,
		"test_start":	{
			"protocol":	"UDP",
			"num_streams":	1,
			"blksize":	1448,
			"omit":	0,
			"duration":	300,
			"bytes":	0,
			"blocks":	0,
			"reverse":	0,
			"tos":	0
		}
	},
	"intervals":	[{
			"streams":	[{
					"socket":	6,
					"start":	0,
					"end":	10.000074,
					"seconds":	10.00007438659668,
					"bytes":	49295712,
					"bits_per_second":	39436276.246962428,
					"packets":	34044,
					"omitted":	false,
					"sender":	true
				}],
			"sum":	{
				"start":	0,
				"end":	10.000074,
				"seconds":	10.00007438659668,
				"bytes":	49295712,
				"bits_per_second":	39436276.246962428,
				"packets":	34044,
				"omitted":	false,
				"sender":	true
			}
		}, {
			"streams":	[{
					"socket":	6,
					"start":	10.000074,
					"end":	20.000092,
					"seconds":	10.000018119812012,
					"bytes":	29317656,
					"bits_per_second":	23454082.301643778,
					"packets":	20247,
					"omitted":	false,
					"sender":	true
				}],
			"sum":	{
				"start":	10.000074,
				"end":	20.000092,
				"seconds":	10.000018119812012,
				"bytes":	29317656,
				"bits_per_second":	23454082.301643778,
				"packets":	20247,
				"omitted":	false,
				"sender":	true
			}
		}, {
			"streams":	[{
					"socket":	6,
					"start":	20.000092,
					"end":	30.000029,
					"seconds":	9.9999370574951172,
					"bytes":	21418816,
					"bits_per_second":	17135160.652993307,
					"packets":	14792,
					"omitted":	false,
					"sender":	true
				}],
			"sum":	{
				"start":	20.000092,
				"end":	30.000029,
				"seconds":	9.9999370574951172,
				"bytes":	21418816,
				"bits_per_second":	17135160.652993307,
				"packets":	14792,
				"omitted":	false,
				"sender":	true
			}
		}, {
			"streams":	[{
					"socket":	6,
					"start":	30.000029,
					"end":	40.000103,
					"seconds":	10.00007438659668,
					"bytes":	12235600,
					"bits_per_second":	9788407.1873702426,
					"packets":	8450,
					"omitted":	false,
					"sender":	true
				}],
			"sum":	{
				"start":	30.000029,
				"end":	40.000103,
				"seconds":	10.00007438659668,
				"bytes":	12235600,
				"bits_per_second":	9788407.1873702426,
				"packets":	8450,
				"omitted":	false,
				"sender":	true
			}
		}, {
			"streams":	[{
					"socket":	6,
					"start":	40.000103,
					"end":	50.000123,
					"seconds":	10.000020027160645,
					"bytes":	11786720,
					"bits_per_second":	9429357.1156750266,
					"packets":	8140,
					"omitted":	false,
					"sender":	true
				}],
			"sum":	{
				"start":	40.000103,
				"end":	50.000123,
				"seconds":	10.000020027160645,
				"bytes":	11786720,
				"bits_per_second":	9429357.1156750266,
				"packets":	8140,
				"omitted":	false,
				"sender":	true
			}
		}, {
			"streams":	[{
					"socket":	6,
					"start":	50.000123,
					"end":	60.000089,
					"seconds":	9.99996566772461,
					"bytes":	20815000,
					"bits_per_second":	16652057.170301259,
					"packets":	14375,
					"omitted":	false,
					"sender":	true
				}],
			"sum":	{
				"start":	50.000123,
				"end":	60.000089,
				"seconds":	9.99996566772461,
				"bytes":	20815000,
				"bits_per_second":	16652057.170301259,
				"packets":	14375,
				"omitted":	false,
				"sender":	true
			}
		}, {
			"streams":	[{
					"socket":	6,
					"start":	60.000089,
					"end":	70.00011,
					"seconds":	10.000020980834961,
					"bytes":	13269472,
					"bits_per_second":	10615555.327678565,
					"packets":	9164,
					"omitted":	false,
					"sender":	true
				}],
			"sum":	{
				"start":	60.000089,
				"end":	70.00011,
				"seconds":	10.000020980834961,
				"bytes":	13269472,
				"bits_per_second":	10615555.327678565,
				"packets":	9164,
				"omitted":	false,
				"sender":	true
			}
		}, {
			"streams":	[{
					"socket":	6,
					"start":	70.00011,
					"end":	80.000059,
					"seconds":	9.99994945526123,
					"bytes":	13541696,
					"bits_per_second":	10833411.557195714,
					"packets":	9352,
					"omitted":	false,
					"sender":	true
				}],
			"sum":	{
				"start":	70.00011,
				"end":	80.000059,
				"seconds":	9.99994945526123,
				"bytes":	13541696,
				"bits_per_second":	10833411.557195714,
				"packets":	9352,
				"omitted":	false,
				"sender":	true
			}
		}, {
			"streams":	[{
					"socket":	6,
					"start":	80.000059,
					"end":	90.000098,
					"seconds":	10.000039100646973,
					"bytes":	22021184,
					"bits_per_second":	17616878.316866018,
					"packets":	15208,
					"omitted":	false,
					"sender":	true
				}],
			"sum":	{
				"start":	80.000059,
				"end":	90.000098,
				"seconds":	10.000039100646973,
				"bytes":	22021184,
				"bits_per_second":	17616878.316866018,
				"packets":	15208,
				"omitted":	false,
				"sender":	true
			}
		}, {
			"streams":	[{
					"socket":	6,
					"start":	90.000098,
					"end":	100.000094,
					"seconds":	9.9999961853027344,
					"bytes":	11644816,
					"bits_per_second":	9315856.3537171762,
					"packets":	8042,
					"omitted":	false,
					"sender":	true
				}],
			"sum":	{
				"start":	90.000098,
				"end":	100.000094,
				"seconds":	9.9999961853027344,
				"bytes":	11644816,
				"bits_per_second":	9315856.3537171762,
				"packets":	8042,
				"omitted":	false,
				"sender":	true
			}
		}, {
			"streams":	[{
					"socket":	6,
					"start":	100.000094,
					"end":	110.000016,
					"seconds":	9.9999217987060547,
					"bytes":	15429888,
					"bits_per_second":	12344006.931731453,
					"packets":	10656,
					"omitted":	false,
					"sender":	true
				}],
			"sum":	{
				"start":	100.000094,
				"end":	110.000016,
				"seconds":	9.9999217987060547,
				"bytes":	15429888,
				"bits_per_second":	12344006.931731453,
				"packets":	10656,
				"omitted":	false,
				"sender":	true
			}
		}, {
			"streams":	[{
					"socket":	6,
					"start":	110.000016,
					"end":	120.000107,
					"seconds":	10.000090599060059,
					"bytes":	21688144,
					"bits_per_second":	17350358.007387284,
					"packets":	14978,
					"omitted":	false,
					"sender":	true
				}],
			"sum":	{
				"start":	110.000016,
				"end":	120.000107,
				"seconds":	10.000090599060059,
				"bytes":	21688144,
				"bits_per_second":	17350358.007387284,
				"packets":	14978,
				"omitted":	false,
				"sender":	true
			}
		}, {
			"streams":	[{
					"socket":	6,
					"start":	120.000107,
					"end":	130.000092,
					"seconds":	9.9999847412109375,
					"bytes":	12483208,
					"bits_per_second":	9986581.6383142676,
					"packets":	8621,
					"omitted":	false,
					"sender":	true
				}],
			"sum":	{
				"start":	120.000107,
				"end":	130.000092,
				"seconds":	9.9999847412109375,
				"bytes":	12483208,
				"bits_per_second":	9986581.6383142676,
				"packets":	8621,
				"omitted":	false,
				"sender":	true
			}
		}, {
			"streams":	[{
					"socket":	6,
					"start":	130.000092,
					"end":	140.000092,
					"seconds":	10,
					"bytes":	12908920,
					"bits_per_second":	10327136,
					"packets":	8915,
					"omitted":	false,
					"sender":	true
				}],
			"sum":	{
				"start":	130.000092,
				"end":	140.000092,
				"seconds":	10,
				"bytes":	12908920,
				"bits_per_second":	10327136,
				"packets":	8915,
				"omitted":	false,
				"sender":	true
			}
		}, {
			"streams":	[{
					"socket":	6,
					"start":	140.000092,
					"end":	150.000092,
					"seconds":	10,
					"bytes":	19226544,
					"bits_per_second":	15381235.2,
					"packets":	13278,
					"omitted":	false,
					"sender":	true
				}],
			"sum":	{
				"start":	140.000092,
				"end":	150.000092,
				"seconds":	10,
				"bytes":	19226544,