{
	"start":	{
		"connected":	[{
				"socket":	6,
				"local_host":	"10.20.15.3",
				"local_port":	51073,
				"remote_host":	"10.20.15.2",
				"remote_port":	5201
			}],
		"version":	"iperf 3.7",
		"system_info":	"Linux node2 5.8.0-1006-raspi #9-Ubuntu SMP PREEMPT Fri Oct 16 12:55:30 UTC 2020 aarch64",
		"timestamp":	{
			"time":	"Sun, 08 Aug 2021 08:38:39 GMT",
			"timesecs":	1628411919
		},
		"connecting_to":	{
			"host":	"10.20.15.2",
			"port":	5201
		},
		"cookie":	"5dacon2mfs6lsp4rrq4yor22dlhhrga5ycll",
		"sock_bufsize":	0,
		"sndbuf_actual":	212992,
		"rcvbuf_actual":	212992,
		"test_start":	{
			"protocol":	"UDP",
			"num_streams":	1,
			"blksize":	1448,
			"omit":	0,
			"duration":	300,
			"bytes":	0,
			"blocks":	0,
			"reverse":	0,
			"tos":	0
		}
	},
	"intervals":	[{
			"streams":	[{
					"socket":	6,
					"start":	0,
					"end":	10.000084,
					"seconds":	10.000083923339844,
					"bytes":	19673976,
					"bits_per_second":	15739048.712646607,
					"packets":	13587,
					"omitted":	false,
					"sender":	true
				}],
			"sum":	{
				"start":	0,
				"end":	10.000084,
				"seconds":	10.000083923339844,
				"bytes":	19673976,
				"bits_per_second":	15739048.712646607,
				"packets":	13587,
				"omitted":	false,
				"sender":	true
			}
		}, {
			"streams":	[{
					"socket":	6,
					"start":	10.000084,
					"end":	20.000101,
					"seconds":	10.000017166137695,
					"bytes":	35729400,
					"bits_per_second":	28583470.933220215,
					"packets":	24675,
					"omitted":	false,
					"sender":	true
				}],
			"sum":	{
				"start":	10.000084,
				"end":	20.000101,
				"seconds":	10.000017166137695,
				"bytes":	35729400,
				"bits_per_second":	28583470.933220215,
				"packets":	24675,
				"omitted":	false,
				"sender":	true
			}
		}, {
			"streams":	[{
					"socket":	6,
					"start":	20.000101,
					"end":	30.000119,
					"seconds":	10.000018119812012,
					"bytes":	27070360,
					"bits_per_second":	21656248.759284358,
					"packets":	18695,
					"omitted":	false,
					"sender":	true
				}],
			"sum":	{
				"start":	20.000101,
				"end":	30.000119,
				"seconds":	10.000018119812012,
				"bytes":	27070360,
				"bits_per_second":	21656248.759284358,
				"packets":	18695,
				"omitted":	false,
				"sender":	true
			}
		}, {
			"streams":	[{
					"socket":	6,
					"start":	30.000119,
					"end":	40.000067,
					"seconds":	9.9999475479125977,
					"bytes":	59137768,
					"bits_per_second":	47310462.553251691,
					"packets":	40841,
					"omitted":	false,
					"sender":	true
				}],
			"sum":	{
				"start":	30.000119,
				"end":	40.000067,
				"seconds":	9.9999475479125977,
				"bytes":	59137768,
				"bits_per_second":	47310462.553251691,
				"packets":	40841,
				"omitted":	false,
				"sender":	true
			}
		}, {
			"streams":	[{
					"socket":	6,
					"start":	40.000067,
					"end":	50.000009,
					"seconds":	9.9999418258667,
					"bytes":	54873408,
					"bits_per_second":	43898981.778521776,
					"packets":	37896,
					"omitted":	false,
					"sender":	true
				}],
			"sum":	{
				"start":	40.000067,
				"end":	50.000009,
				"seconds":	9.9999418258667,
				"bytes":	54873408,
				"bits_per_second":	43898981.778521776,
				"packets":	37896,
				"omitted":	false,
				"sender":	true
			}
		}, {
			"streams":	[{
					"socket":	6,
					"start":	50.000009,
					"end":	60.00009,
					"seconds":	10.000081062316895,
					"bytes":	57586960,
					"bits_per_second":	46069194.552435212,
					"packets":	39770,
					"omitted":	false,
					"sender":	true
				}],
			"sum":	{
				"start":	50.000009,
				"end":	60.00009,
				"seconds":	10.000081062316895,
				"bytes":	57586960,
				"bits_per_second":	46069194.552435212,
				"packets":	39770,
				"omitted":	false,
				"sender":	true
			}
		}, {
			"streams":	[{
					"socket":	6,
					"start":	60.00009,
					"end":	70.000021,
					"seconds":	9.9999313354492188,
					"bytes":	30147360,
					"bits_per_second":	24118053.605531655,
					"packets":	20820,
					"omitted":	false,
					"sender":	true
				}],
			"sum":	{
				"start":	60.00009,
				"end":	70.000021,
				"seconds":	9.9999313354492188,
				"bytes":	30147360,
				"bits_per_second":	24118053.605531655,
				"packets":	20820,
				"omitted":	false,
				"sender":	true
			}
		}, {
			"streams":	[{
					"socket":	6,
					"start":	70.000021,
					"end":	80.00009,
					"seconds":	10.000068664550781,
					"bytes":	23624120,
					"bits_per_second":	18899166.229724068,
					"packets":	16315,
					"omitted":	false,
					"sender":	true
				}],
			"sum":	{
				"start":	70.000021,
				"end":	80.00009,
				"seconds":	10.000068664550781,
				"bytes":	23624120,
				"bits_per_second":	18899166.229724068,
				"packets":	16315,
				"omitted":	false,
				"sender":	true
			}
		}, {
			"streams":	[{
					"socket":	6,
					"start":	80.00009,
					"end":	90.000098,
					"seconds":	10.000007629394531,
					"bytes":	13595272,
					"bits_per_second":	10876209.302110823,
					"packets":	9389,
					"omitted":	false,
					"sender":	true
				}],
			"sum":	{
				"start":	80.00009,
				"end":	90.000098,
				"seconds":	10.000007629394531,
				"bytes":	13595272,
				"bits_per_second":	10876209.302110823,
				"packets":	9389,
				"omitted":	false,
				"sender":	true
			}
		}, {
			"streams":	[{
					"socket":	6,
					"start":	90.000098,
					"end":	100.000054,
					"seconds":	9.9999561309814453,
					"bytes":	14471312,
					"bits_per_second":	11577100.387603171,
					"packets":	9994,
					"omitted":	false,
					"sender":	true
				}],
			"sum":	{
				"start":	90.000098,
				"end":	100.000054,
				"seconds":	9.9999561309814453,
				"bytes":	14471312,
				"bits_per_second":	11577100.387603171,
				"packets":	9994,
				"omitted":	false,
				"sender":	true
			}
		}, {
			"streams":	[{
					"socket":	6,
					"start":	100.000054,
					"end":	110.000091,
					"seconds":	10.00003719329834,
					"bytes":	21717104,
					"bits_per_second":	17373618.581782084,
					"packets":	14998,
					"omitted":	false,
					"sender":	true
				}],
			"sum":	{
				"start":	100.000054,
				"end":	110.000091,
				"seconds":	10.00003719329834,
				"bytes":	21717104,
				"bits_per_second":	17373618.581782084,
				"packets":	14998,
				"omitted":	false,
				"sender":	true
			}
		}, {
			"streams":	[{
					"socket":	6,
					"start":	110.000091,
					"end":	120.000079,
					"seconds":	9.9999876022338867,
					"bytes":	11229240,
					"bits_per_second":	8983403.1374131,
					"packets":	7755,
					"omitted":	false,
					"sender":	true
				}],
			"sum":	{
				"start":	110.000091,
				"end":	120.000079,
				"seconds":	9.9999876022338867,
				"bytes":	11229240,
				"bits_per_second":	8983403.1374131,
				"packets":	7755,
				"omitted":	false,
				"sender":	true
			}
		}, {
			"streams":	[{
					"socket":	6,
					"start":	120.000079,
					"end":	130.000089,
					"seconds":	10.000009536743164,
					"bytes":	21539000,
					"bits_per_second":	17231183.567062791,
					"packets":	14875,
					"omitted":	false,
					"sender":	true
				}],
			"sum":	{
				"start":	120.000079,
				"end":	130.000089,
				"seconds":	10.000009536743164,
				"bytes":	21539000,
				"bits_per_second":	17231183.567062791,
				"packets":	14875,
				"omitted":	false,
				"sender":	true
			}
		}, {
			"streams":	[{
					"socket":	6,
					"start":	130.000089,
					"end":	140.000099,
					"seconds":	10.000009536743164,
					"bytes":	15817952,
					"bits_per_second":	12654349.531871861,
					"packets":	10924,
					"omitted":	false,
					"sender":	true
				}],
			"sum":	{
				"start":	130.000089,
				"end":	140.000099,
				"seconds":	10.000009536743164,
				"bytes":	15817952,
				"bits_per_second":	12654349.531871861,
				"packets":	10924,
				"omitted":	false,
				"sender":	true
			}
		}, {
			"streams":	[{
					"socket":	6,
					"start":	140.000099,
					"end":	150.000101,
					"seconds":	10.000001907348633,
					"bytes":	13680704,
					"bits_per_second":	10944561.112490632,
					"packets":	9448,
					"omitted":	false,
					"sender":	true
				}],
			"sum":	{
				"start":	140.000099,