{"sweeping": {"5": 0.3034995924352336, "10": 0.25859012949478666, "15": 0.21533331511814824, "20": 0.18708482659902761}, "hopping": {"5": 0.28961461222147844, "10": 0.21514509153889472, "15": 0.18204051057163803, "20": 0.15265311760482458}}