{
	"start":	{
		"connected":	[{
				"socket":	6,
				"local_host":	"10.20.15.3",
				"local_port":	49307,
				"remote_host":	"10.20.15.2",
				"remote_port":	5201
			}],
		"version":	"iperf 3.7",
		"system_info":	"Linux node2 5.8.0-1006-raspi #9-Ubuntu SMP PREEMPT Fri Oct 16 12:55:30 UTC 2020 aarch64",
		"timestamp":	{
			"time":	"Sun, 08 Aug 2021 10:04:08 GMT",
			"timesecs":	1628417048
		},
		"connecting_to":	{
			"host":	"10.20.15.2",
			"port":	5201
		},
		"cookie":	"gz7rwlvp5xjaqptmu3cz72kspxfr3ros37lr",
		"sock_bufsize":	0,
		"sndbuf_actual":	212992,
		"rcvbuf_actual":	212992,
		"test_start":	{
			"protocol":	"UDP",
			"num_streams":	1,
			"blksize":	1448,
			"omit":	0,
			"duration":	5,
			"bytes":	0,
			"blocks":	0,
			"reverse":	0,
			"tos":	0
		}
	},
	"intervals":	[{
			"streams":	[{
					"socket":	6,
					"start":	0,
					"end":	5.000098,
					"seconds":	5.00009822845459,
					"bytes":	31389744,
					"bits_per_second":	50222603.742249787,
					"packets":	21678,
					"omitted":	false,
					"sender":	true
				}],
			"sum":	{
				"start":	0,
				"end":	5.000098,
				"seconds":	5.00009822845459,
				"bytes":	31389744,
				"bits_per_second":	50222603.742249787,
				"packets":	21678,
				"omitted":	false,
				"sender":	true
			}
		}],
	"end":	{
		"streams":	[{
				"udp":	{
					"socket":	6,
					"start":	0,
					"end":	5.000098,
					"seconds":	5.000098,
					"bytes":	31389744,
					"bits_per_second":	50222606.036921673,
					"jitter_ms":	0.18178555931277282,
					"lost_packets":	33,
					"packets":	21678,
					"lost_percent":	0.15222806531967895,
					"out_of_order":	0,
					"sender":	true
				}
			}],
		"sum":	{
			"start":	0,
			"end":	5.002476,
			"seconds":	5.002476,
			"bytes":	31389744,
			"bits_per_second":	50222606.036921673,
			"jitter_ms":	0.18178555931277282,
			"lost_packets":	33,
			"packets":	21678,
			"lost_percent":	0.15222806531967895,
			"sender":	true
		},
		"cpu_utilization_percent":	{
			"host_total":	30.265576564508212,
			"host_user":	2.4442999959648533,
			"host_system":	27.821196664651758,
			"remote_total":	19.28167247575497,
			"remote_user":	1.1034479737095439,
			"remote_system":	18.178224502045428
		}
	}
}
