{
	"start":	{
		"connected":	[{
				"socket":	6,
				"local_host":	"10.20.15.3",
				"local_port":	57868,
				"remote_host":	"10.20.15.2",
				"remote_port":	5201
			}],
		"version":	"iperf 3.7",
		"system_info":	"Linux node2 5.8.0-1006-raspi #9-Ubuntu SMP PREEMPT Fri Oct 16 12:55:30 UTC 2020 aarch64",
		"timestamp":	{
			"time":	"Sun, 08 Aug 2021 10:03:58 GMT",
			"timesecs":	1628417038
		},
		"connecting_to":	{
			"host":	"10.20.15.2",
			"port":	5201
		},
		"cookie":	"cslwl5u7ancayvlqyo57jtvkctt5vrrgxdsk",
		"sock_bufsize":	0,
		"sndbuf_actual":	212992,
		"rcvbuf_actual":	212992,
		"test_start":	{
			"protocol":	"UDP",
			"num_streams":	1,
			"blksize":	1448,
			"omit":	0,
			"duration":	5,
			"bytes":	0,
			"blocks":	0,
			"reverse":	0,
			"tos":	0
		}
	},
	"intervals":	[{
			"streams":	[{
					"socket":	6,
					"start":	0,
					"end":	5.000079,
					"seconds":	5.0000791549682617,
					"bytes":	32509048,
					"bits_per_second":	52013653.372183628,
					"packets":	22451,
					"omitted":	false,
					"sender":	true
				}],
			"sum":	{
				"start":	0,
				"end":	5.000079,
				"seconds":	5.0000791549682617,
				"bytes":	32509048,
				"bits_per_second":	52013653.372183628,
				"packets":	22451,
				"omitted":	false,
				"sender":	true
			}
		}],
	"end":	{
		"streams":	[{
				"udp":	{
					"socket":	6,
					"start":	0,
					"end":	5.000079,
					"seconds":	5.000079,
					"bytes":	32509048,
					"bits_per_second":	52013654.984251246,
					"jitter_ms":	0.35916278197385776,
					"lost_packets":	0,
					"packets":	22451,
					"lost_percent":	0,
					"out_of_order":	0,
					"sender":	true
				}
			}],
		"sum":	{
			"start":	0,
			"end":	5.003096,
			"seconds":	5.003096,
			"bytes":	32509048,
			"bits_per_second":	52013654.984251246,
			"jitter_ms":	0.35916278197385776,
			"lost_packets":	0,
			"packets":	22451,
			"lost_percent":	0,
			"sender":	true
		},
		"cpu_utilization_percent":	{
			"host_total":	31.455277729956393,
			"host_user":	2.2319493802548322,
			"host_system":	29.223248462470373,
			"remote_total":	21.178382331251417,
			"remote_user":	1.1086458613029271,
			"remote_system":	20.069756374181264
		}
	}
}
