{
	"start":	{
		"connected":	[{
				"socket":	6,
				"local_host":	"10.20.15.3",
				"local_port":	38074,
				"remote_host":	"10.20.15.2",
				"remote_port":	5201
			}],
		"version":	"iperf 3.7",
		"system_info":	"Linux node2 5.8.0-1006-raspi #9-Ubuntu SMP PREEMPT Fri Oct 16 12:55:30 UTC 2020 aarch64",
		"timestamp":	{
			"time":	"Sun, 08 Aug 2021 08:43:19 GMT",
			"timesecs":	1628412199
		},
		"connecting_to":	{
			"host":	"10.20.15.2",
			"port":	5201
		},
		"cookie":	"fuifannb5ts3ezrtgwkxrdbjiq5772wunwmg",
		"sock_bufsize":	0,
		"sndbuf_actual":	212992,
		"rcvbuf_actual":	212992,
		"test_start":	{
			"protocol":	"UDP",
			"num_streams":	1,
			"blksize":	1448,
			"omit":	0,
			"duration":	300,
			"bytes":	0,
			"blocks":	0,
			"reverse":	0,
			"tos":	0
		}
	},
	"intervals":	[{
			"streams":	[{
					"socket":	6,
					"start":	0,
					"end":	10.000133,
					"seconds":	10.00013256072998,
					"bytes":	25562992,
					"bits_per_second":	20450122.511683166,
					"packets":	17654,
					"omitted":	false,
					"sender":	true
				}],
			"sum":	{
				"start":	0,
				"end":	10.000133,
				"seconds":	10.00013256072998,
				"bytes":	25562992,
				"bits_per_second":	20450122.511683166,
				"packets":	17654,
				"omitted":	false,
				"sender":	true
			}
		}, {
			"streams":	[{
					"socket":	6,
					"start":	10.000133,
					"end":	20.000015,
					"seconds":	9.9998817443847656,
					"bytes":	24479888,
					"bits_per_second":	19584141.993476026,
					"packets":	16906,
					"omitted":	false,
					"sender":	true
				}],
			"sum":	{
				"start":	10.000133,
				"end":	20.000015,
				"seconds":	9.9998817443847656,
				"bytes":	24479888,
				"bits_per_second":	19584141.993476026,
				"packets":	16906,
				"omitted":	false,
				"sender":	true
			}
		}, {
			"streams":	[{
					"socket":	6,
					"start":	20.000015,
					"end":	30.000079,
					"seconds":	10.0000638961792,
					"bytes":	25033024,
					"bits_per_second":	20026291.239650626,
					"packets":	17288,
					"omitted":	false,
					"sender":	true
				}],
			"sum":	{
				"start":	20.000015,
				"end":	30.000079,
				"seconds":	10.0000638961792,
				"bytes":	25033024,
				"bits_per_second":	20026291.239650626,
				"packets":	17288,
				"omitted":	false,
				"sender":	true
			}
		}, {
			"streams":	[{
					"socket":	6,
					"start":	30.000079,
					"end":	40.000082,
					"seconds":	10.000002861022949,
					"bytes":	25519552,
					"bits_per_second":	20415635.759039756,
					"packets":	17624,
					"omitted":	false,
					"sender":	true
				}],
			"sum":	{
				"start":	30.000079,
				"end":	40.000082,
				"seconds":	10.000002861022949,
				"bytes":	25519552,
				"bits_per_second":	20415635.759039756,
				"packets":	17624,
				"omitted":	false,
				"sender":	true
			}
		}, {
			"streams":	[{
					"socket":	6,
					"start":	40.000082,
					"end":	50.000091,
					"seconds":	10.000008583068848,
					"bytes":	26230520,
					"bits_per_second":	20984397.988946732,
					"packets":	18115,
					"omitted":	false,
					"sender":	true
				}],
			"sum":	{
				"start":	40.000082,
				"end":	50.000091,
				"seconds":	10.000008583068848,
				"bytes":	26230520,
				"bits_per_second":	20984397.988946732,
				"packets":	18115,
				"omitted":	false,
				"sender":	true
			}
		}, {
			"streams":	[{
					"socket":	6,
					"start":	50.000091,
					"end":	60.000108,
					"seconds":	10.000017166137695,
					"bytes":	36197104,
					"bits_per_second":	28957633.490927618,
					"packets":	24998,
					"omitted":	false,
					"sender":	true
				}],
			"sum":	{
				"start":	50.000091,
				"end":	60.000108,
				"seconds":	10.000017166137695,
				"bytes":	36197104,
				"bits_per_second":	28957633.490927618,
				"packets":	24998,
				"omitted":	false,
				"sender":	true
			}
		}, {
			"streams":	[{
					"socket":	6,
					"start":	60.000108,
					"end":	70.002031,
					"seconds":	10.001922607421875,
					"bytes":	13919624,
					"bits_per_second":	11133558.653750041,
					"packets":	9613,
					"omitted":	false,
					"sender":	true
				}],
			"sum":	{
				"start":	60.000108,
				"end":	70.002031,
				"seconds":	10.001922607421875,
				"bytes":	13919624,
				"bits_per_second":	11133558.653750041,
				"packets":	9613,
				"omitted":	false,
				"sender":	true
			}
		}, {
			"streams":	[{
					"socket":	6,
					"start":	70.002031,
					"end":	80.000084,
					"seconds":	9.9980525970458984,
					"bytes":	37668272,
					"bits_per_second":	30140487.167374782,
					"packets":	26014,
					"omitted":	false,
					"sender":	true
				}],
			"sum":	{
				"start":	70.002031,
				"end":	80.000084,
				"seconds":	9.9980525970458984,
				"bytes":	37668272,
				"bits_per_second":	30140487.167374782,
				"packets":	26014,
				"omitted":	false,
				"sender":	true
			}
		}, {
			"streams":	[{
					"socket":	6,
					"start":	80.000084,
					"end":	90.000091,
					"seconds":	10.000006675720215,
					"bytes":	25017096,
					"bits_per_second":	20013663.439438239,
					"packets":	17277,
					"omitted":	false,
					"sender":	true
				}],
			"sum":	{
				"start":	80.000084,
				"end":	90.000091,
				"seconds":	10.000006675720215,
				"bytes":	25017096,
				"bits_per_second":	20013663.439438239,
				"packets":	17277,
				"omitted":	false,
				"sender":	true
			}
		}, {
			"streams":	[{
					"socket":	6,
					"start":	90.000091,
					"end":	100.00009,
					"seconds":	9.9999990463256836,
					"bytes":	14585704,
					"bits_per_second":	11668564.312801009,
					"packets":	10073,
					"omitted":	false,
					"sender":	true
				}],
			"sum":	{
				"start":	90.000091,
				"end":	100.00009,
				"seconds":	9.9999990463256836,
				"bytes":	14585704,
				"bits_per_second":	11668564.312801009,
				"packets":	10073,
				"omitted":	false,
				"sender":	true
			}
		}, {
			"streams":	[{
					"socket":	6,
					"start":	100.00009,
					"end":	110.000089,
					"seconds":	9.9999990463256836,
					"bytes":	23997704,
					"bits_per_second":	19198165.030879691,
					"packets":	16573,
					"omitted":	false,
					"sender":	true
				}],
			"sum":	{
				"start":	100.00009,
				"end":	110.000089,
				"seconds":	9.9999990463256836,
				"bytes":	23997704,
				"bits_per_second":	19198165.030879691,
				"packets":	16573,
				"omitted":	false,
				"sender":	true
			}
		}, {
			"streams":	[{
					"socket":	6,
					"start":	110.000089,
					"end":	120.000083,
					"seconds":	9.9999942779541016,
					"bytes":	21234920,
					"bits_per_second":	16987945.720580515,
					"packets":	14665,
					"omitted":	false,
					"sender":	true
				}],
			"sum":	{
				"start":	110.000089,
				"end":	120.000083,
				"seconds":	9.9999942779541016,
				"bytes":	21234920,
				"bits_per_second":	16987945.720580515,
				"packets":	14665,
				"omitted":	false,
				"sender":	true
			}
		}, {
			"streams":	[{
					"socket":	6,
					"start":	120.000083,
					"end":	130.00009,
					"seconds":	10.000006675720215,
					"bytes":	23989016,
					"bits_per_second":	19191199.988491829,
					"packets":	16567,
					"omitted":	false,
					"sender":	true
				}],
			"sum":	{
				"start":	120.000083,
				"end":	130.00009,
				"seconds":	10.000006675720215,
				"bytes":	23989016,
				"bits_per_second":	19191199.988491829,
				"packets":	16567,
				"omitted":	false,
				"sender":	true
			}
		}, {
			"streams":	[{
					"socket":	6,
					"start":	130.00009,
					"end":	140.00008,
					"seconds":	9.9999904632568359,
					"bytes":	27911648,
					"bits_per_second":	22329339.694917768,
					"packets":	19276,
					"omitted":	false,
					"sender":	true
				}],
			"sum":	{
				"start":	130.00009,
				"end":	140.00008,
				"seconds":	9.9999904632568359,
				"bytes":	27911648,
				"bits_per_second":	22329339.694917768,
				"packets":	19276,
				"omitted":	false,
				"sender":	true
			}
		}, {
			"streams":	[{
					"socket":	6,
					"start":	140.00008,
					"end":	150.000087,
					"seconds":	10.000006675720215,
					"bytes":	29788256,
					"bits_per_second":	23830588.8913656,
					"packets":	20572,
					"omitted":	false,
					"sender":	true
				}],
			"sum":	{
				"start":	140.00008,