{
	"start":	{
		"connected":	[{
				"socket":	6,
				"local_host":	"10.20.15.3",
				"local_port":	57912,
				"remote_host":	"10.20.15.2",
				"remote_port":	5201
			}],
		"version":	"iperf 3.7",
		"system_info":	"Linux node2 5.8.0-1006-raspi #9-Ubuntu SMP PREEMPT Fri Oct 16 12:55:30 UTC 2020 aarch64",
		"timestamp":	{
			"time":	"Sun, 08 Aug 2021 11:58:51 GMT",
			"timesecs":	1628423931
		},
		"connecting_to":	{
			"host":	"10.20.15.2",
			"port":	5201
		},
		"cookie":	"zlxomronuqdeipvxyry6e65pbj4bawvgi5fx",
		"sock_bufsize":	0,
		"sndbuf_actual":	212992,
		"rcvbuf_actual":	212992,
		"test_start":	{
			"protocol":	"UDP",
			"num_streams":	1,
			"blksize":	1448,
			"omit":	0,
			"duration":	300,
			"bytes":	0,
			"blocks":	0,
			"reverse":	0,
			"tos":	0
		}
	},
	"intervals":	[{
			"streams":	[{
					"socket":	6,
					"start":	0,
					"end":	10.000103,
					"seconds":	10.000102996826172,
					"bytes":	14206328,
					"bits_per_second":	11364945.344669988,
					"packets":	9811,
					"omitted":	false,
					"sender":	true
				}],
			"sum":	{
				"start":	0,
				"end":	10.000103,
				"seconds":	10.000102996826172,
				"bytes":	14206328,
				"bits_per_second":	11364945.344669988,
				"packets":	9811,
				"omitted":	false,
				"sender":	true
			}
		}, {
			"streams":	[{
					"socket":	6,
					"start":	10.000103,
					"end":	20.000093,
					"seconds":	9.9999904632568359,
					"bytes":	30093784,
					"bits_per_second":	24075050.159757003,
					"packets":	20783,
					"omitted":	false,
					"sender":	true
				}],
			"sum":	{
				"start":	10.000103,
				"end":	20.000093,
				"seconds":	9.9999904632568359,
				"bytes":	30093784,
				"bits_per_second":	24075050.159757003,
				"packets":	20783,
				"omitted":	false,
				"sender":	true
			}
		}, {
			"streams":	[{
					"socket":	6,
					"start":	20.000093,
					"end":	30.000087,
					"seconds":	9.9999942779541016,
					"bytes":	11662192,
					"bits_per_second":	9329758.9385308865,
					"packets":	8054,
					"omitted":	false,
					"sender":	true
				}],
			"sum":	{
				"start":	20.000093,
				"end":	30.000087,
				"seconds":	9.9999942779541016,
				"bytes":	11662192,
				"bits_per_second":	9329758.9385308865,
				"packets":	8054,
				"omitted":	false,
				"sender":	true
			}
		}, {
			"streams":	[{
					"socket":	6,
					"start":	30.000087,
					"end":	40.00005,
					"seconds":	9.99996280670166,
					"bytes":	29996768,
					"bits_per_second":	23997503.654631283,
					"packets":	20716,
					"omitted":	false,
					"sender":	true
				}],
			"sum":	{
				"start":	30.000087,
				"end":	40.00005,
				"seconds":	9.99996280670166,
				"bytes":	29996768,
				"bits_per_second":	23997503.654631283,
				"packets":	20716,
				"omitted":	false,
				"sender":	true
			}
		}, {
			"streams":	[{
					"socket":	6,
					"start":	40.00005,
					"end":	50.000084,
					"seconds":	10.000034332275391,
					"bytes":	24168568,
					"bits_per_second":	19334788.019273311,
					"packets":	16691,
					"omitted":	false,
					"sender":	true
				}],
			"sum":	{
				"start":	40.00005,
				"end":	50.000084,
				"seconds":	10.000034332275391,
				"bytes":	24168568,
				"bits_per_second":	19334788.019273311,
				"packets":	16691,
				"omitted":	false,
				"sender":	true
			}
		}, {
			"streams":	[{
					"socket":	6,
					"start":	50.000084,
					"end":	60.000078,
					"seconds":	9.9999942779541016,
					"bytes":	9152808,
					"bits_per_second":	7322250.5898253955,
					"packets":	6321,
					"omitted":	false,
					"sender":	true
				}],
			"sum":	{
				"start":	50.000084,
				"end":	60.000078,
				"seconds":	9.9999942779541016,
				"bytes":	9152808,
				"bits_per_second":	7322250.5898253955,
				"packets":	6321,
				"omitted":	false,
				"sender":	true
			}
		}, {
			"streams":	[{
					"socket":	6,
					"start":	60.000078,
					"end":	70.0001,
					"seconds":	10.000021934509277,
					"bytes":	35617904,
					"bits_per_second":	28494260.699237432,
					"packets":	24598,
					"omitted":	false,
					"sender":	true
				}],
			"sum":	{
				"start":	60.000078,
				"end":	70.0001,
				"seconds":	10.000021934509277,
				"bytes":	35617904,
				"bits_per_second":	28494260.699237432,
				"packets":	24598,
				"omitted":	false,
				"sender":	true
			}
		}, {
			"streams":	[{
					"socket":	6,
					"start":	70.0001,
					"end":	80.00015,
					"seconds":	10.000049591064453,
					"bytes":	50614840,
					"bits_per_second":	40491671.197492383,
					"packets":	34955,
					"omitted":	false,
					"sender":	true
				}],
			"sum":	{
				"start":	70.0001,
				"end":	80.00015,
				"seconds":	10.000049591064453,
				"bytes":	50614840,
				"bits_per_second":	40491671.197492383,
				"packets":	34955,
				"omitted":	false,
				"sender":	true
			}
		}, {
			"streams":	[{
					"socket":	6,
					"start":	80.00015,
					"end":	90.000139,
					"seconds":	9.9999885559082031,
					"bytes":	16733088,
					"bits_per_second":	13386485.719617141,
					"packets":	11556,
					"omitted":	false,
					"sender":	true
				}],
			"sum":	{
				"start":	80.00015,
				"end":	90.000139,
				"seconds":	9.9999885559082031,
				"bytes":	16733088,
				"bits_per_second":	13386485.719617141,
				"packets":	11556,
				"omitted":	false,
				"sender":	true
			}
		}, {
			"streams":	[{
					"socket":	6,
					"start":	90.000139,
					"end":	100.000104,
					"seconds":	9.999964714050293,
					"bytes":	8027712,
					"bits_per_second":	6422192.2613153141,
					"packets":	5544,
					"omitted":	false,
					"sender":	true
				}],
			"sum":	{
				"start":	90.000139,
				"end":	100.000104,
				"seconds":	9.999964714050293,
				"bytes":	8027712,
				"bits_per_second":	6422192.2613153141,
				"packets":	5544,
				"omitted":	false,
				"sender":	true
			}
		}, {
			"streams":	[{
					"socket":	6,
					"start":	100.000104,
					"end":	110.000102,
					"seconds":	9.9999980926513672,
					"bytes":	29547888,
					"bits_per_second":	23638314.908650763,
					"packets":	20406,
					"omitted":	false,
					"sender":	true
				}],
			"sum":	{
				"start":	100.000104,
				"end":	110.000102,
				"seconds":	9.9999980926513672,
				"bytes":	29547888,
				"bits_per_second":	23638314.908650763,
				"packets":	20406,
				"omitted":	false,
				"sender":	true
			}
		}, {
			"streams":	[{
					"socket":	6,
					"start":	110.000102,
					"end":	120.000081,
					"seconds":	9.9999790191650391,
					"bytes":	8802392,
					"bits_per_second":	7041928.3745537037,
					"packets":	6079,
					"omitted":	false,
					"sender":	true
				}],
			"sum":	{
				"start":	110.000102,
				"end":	120.000081,
				"seconds":	9.9999790191650391,
				"bytes":	8802392,
				"bits_per_second":	7041928.3745537037,
				"packets":	6079,
				"omitted":	false,
				"sender":	true
			}
		}, {
			"streams":	[{
					"socket":	6,
					"start":	120.000081,
					"end":	130.00009,
					"seconds":	10.000008583068848,
					"bytes":	21381168,
					"bits_per_second":	17104919.718729641,
					"packets":	14766,
					"omitted":	false,
					"sender":	true
				}],
			"sum":	{
				"start":	120.000081,
				"end":	130.00009,
				"seconds":	10.000008583068848,
				"bytes":	21381168,
				"bits_per_second":	17104919.718729641,
				"packets":	14766,
				"omitted":	false,
				"sender":	true
			}
		}, {
			"streams":	[{
					"socket":	6,
					"start":	130.00009,
					"end":	140.00009,
					"seconds":	10,
					"bytes":	10865792,
					"bits_per_second":	8692633.6,
					"packets":	7504,
					"omitted":	false,
					"sender":	true
				}],
			"sum":	{
				"start":	130.00009,
				"end":	140.00009,
				"seconds":	10,
				"bytes":	10865792,
				"bits_per_second":	8692633.6,
				"packets":	7504,
				"omitted":	false,
				"sender":	true
			}
		}, {
			"streams":	[{
					"socket":	6,
					"start":	140.00009,
					"end":	150.00008,
					"seconds":	9.9999904632568359,
					"bytes":	8350616,
					"bits_per_second":	6680499.17102048,
					"packets":	5767,
					"omitted":	false,
					"sender":	true
				}],
			"sum":	{
				"start":	140.00009,
				"end":	150.00008,
				"seconds":	9.9999904632568359,
				"bytes":	8350616,