{
	"start":	{
		"connected":	[{
				"socket":	6,
				"local_host":	"10.20.15.3",
				"local_port":	54167,
				"remote_host":	"10.20.15.2",
				"remote_port":	5201
			}],
		"version":	"iperf 3.7",
		"system_info":	"Linux node2 5.8.0-1006-raspi #9-Ubuntu SMP PREEMPT Fri Oct 16 12:55:30 UTC 2020 aarch64",
		"timestamp":	{
			"time":	"Sun, 08 Aug 2021 14:06:47 GMT",
			"timesecs":	1628431607
		},
		"connecting_to":	{
			"host":	"10.20.15.2",
			"port":	5201
		},
		"cookie":	"t2hircmnvlooifvxxyi7thtswhrxuownjy6u",
		"sock_bufsize":	0,
		"sndbuf_actual":	212992,
		"rcvbuf_actual":	212992,
		"test_start":	{
			"protocol":	"UDP",
			"num_streams":	1,
			"blksize":	1448,
			"omit":	0,
			"duration":	300,
			"bytes":	0,
			"blocks":	0,
			"reverse":	0,
			"tos":	0
		}
	},
	"intervals":	[{
			"streams":	[{
					"socket":	6,
					"start":	0,
					"end":	10.000114,
					"seconds":	10.000114440917969,
					"bytes":	48415328,
					"bits_per_second":	38731819.1495062,
					"packets":	33436,
					"omitted":	false,
					"sender":	true
				}],
			"sum":	{
				"start":	0,
				"end":	10.000114,
				"seconds":	10.000114440917969,
				"bytes":	48415328,
				"bits_per_second":	38731819.1495062,
				"packets":	33436,
				"omitted":	false,
				"sender":	true
			}
		}, {
			"streams":	[{
					"socket":	6,
					"start":	10.000114,
					"end":	20.000098,
					"seconds":	9.9999837875366211,
					"bytes":	1717328,
					"bits_per_second":	1373864.627372996,
					"packets":	1186,
					"omitted":	false,
					"sender":	true
				}],
			"sum":	{
				"start":	10.000114,
				"end":	20.000098,
				"seconds":	9.9999837875366211,
				"bytes":	1717328,
				"bits_per_second":	1373864.627372996,
				"packets":	1186,
				"omitted":	false,
				"sender":	true
			}
		}, {
			"streams":	[{
					"socket":	6,
					"start":	20.000098,
					"end":	30.00011,
					"seconds":	10.000012397766113,
					"bytes":	55152872,
					"bits_per_second":	44122242.898275219,
					"packets":	38089,
					"omitted":	false,
					"sender":	true
				}],
			"sum":	{
				"start":	20.000098,
				"end":	30.00011,
				"seconds":	10.000012397766113,
				"bytes":	55152872,
				"bits_per_second":	44122242.898275219,
				"packets":	38089,
				"omitted":	false,
				"sender":	true
			}
		}, {
			"streams":	[{
					"socket":	6,
					"start":	30.00011,
					"end":	40.000088,
					"seconds":	9.9999780654907227,
					"bytes":	1602936,
					"bits_per_second":	1282351.6127753346,
					"packets":	1107,
					"omitted":	false,
					"sender":	true
				}],
			"sum":	{
				"start":	30.00011,
				"end":	40.000088,
				"seconds":	9.9999780654907227,
				"bytes":	1602936,
				"bits_per_second":	1282351.6127753346,
				"packets":	1107,
				"omitted":	false,
				"sender":	true
			}
		}, {
			"streams":	[{
					"socket":	6,
					"start":	40.000088,
					"end":	50.00002,
					"seconds":	9.9999322891235352,
					"bytes":	25547064,
					"bits_per_second":	20437789.586064588,
					"packets":	17643,
					"omitted":	false,
					"sender":	true
				}],
			"sum":	{
				"start":	40.000088,
				"end":	50.00002,
				"seconds":	9.9999322891235352,
				"bytes":	25547064,
				"bits_per_second":	20437789.586064588,
				"packets":	17643,
				"omitted":	false,
				"sender":	true
			}
		}, {
			"streams":	[{
					"socket":	6,
					"start":	50.00002,
					"end":	60.000078,
					"seconds":	10.0000581741333,
					"bytes":	5450272,
					"bits_per_second":	4360192.2349595707,
					"packets":	3764,
					"omitted":	false,
					"sender":	true
				}],
			"sum":	{
				"start":	50.00002,
				"end":	60.000078,
				"seconds":	10.0000581741333,
				"bytes":	5450272,
				"bits_per_second":	4360192.2349595707,
				"packets":	3764,
				"omitted":	false,
				"sender":	true
			}
		}, {
			"streams":	[{
					"socket":	6,
					"start":	60.000078,
					"end":	70.000035,
					"seconds":	9.9999570846557617,
					"bytes":	63688832,
					"bits_per_second":	50951284.259190336,
					"packets":	43984,
					"omitted":	false,
					"sender":	true
				}],
			"sum":	{
				"start":	60.000078,
				"end":	70.000035,
				"seconds":	9.9999570846557617,
				"bytes":	63688832,
				"bits_per_second":	50951284.259190336,
				"packets":	43984,
				"omitted":	false,
				"sender":	true
			}
		}, {
			"streams":	[{
					"socket":	6,
					"start":	70.000035,
					"end":	80.000026,
					"seconds":	9.9999914169311523,
					"bytes":	83761008,
					"bits_per_second":	67008863.914169237,
					"packets":	57846,
					"omitted":	false,
					"sender":	true
				}],
			"sum":	{
				"start":	70.000035,
				"end":	80.000026,
				"seconds":	9.9999914169311523,
				"bytes":	83761008,
				"bits_per_second":	67008863.914169237,
				"packets":	57846,
				"omitted":	false,
				"sender":	true
			}
		}, {
			"streams":	[{
					"socket":	6,
					"start":	80.000026,
					"end":	90.000347,
					"seconds":	10.000321388244629,
					"bytes":	77799592,
					"bits_per_second":	62237673.35434109,
					"packets":	53729,
					"omitted":	false,
					"sender":	true
				}],
			"sum":	{
				"start":	80.000026,
				"end":	90.000347,
				"seconds":	10.000321388244629,
				"bytes":	77799592,
				"bits_per_second":	62237673.35434109,
				"packets":	53729,
				"omitted":	false,
				"sender":	true
			}
		}, {
			"streams":	[{
					"socket":	6,
					"start":	90.000347,
					"end":	100.000088,
					"seconds":	9.9997406005859375,
					"bytes":	1762216,
					"bits_per_second":	1409809.3703724614,
					"packets":	1217,
					"omitted":	false,
					"sender":	true
				}],
			"sum":	{
				"start":	90.000347,
				"end":	100.000088,
				"seconds":	9.9997406005859375,
				"bytes":	1762216,
				"bits_per_second":	1409809.3703724614,
				"packets":	1217,
				"omitted":	false,
				"sender":	true
			}
		}, {
			"streams":	[{
					"socket":	6,
					"start":	100.000088,
					"end":	110.000718,
					"seconds":	10.000630378723145,
					"bytes":	37979592,
					"bits_per_second":	30381758.398593381,
					"packets":	26229,
					"omitted":	false,
					"sender":	true
				}],
			"sum":	{
				"start":	100.000088,
				"end":	110.000718,
				"seconds":	10.000630378723145,
				"bytes":	37979592,
				"bits_per_second":	30381758.398593381,
				"packets":	26229,
				"omitted":	false,
				"sender":	true
			}
		}, {
			"streams":	[{
					"socket":	6,
					"start":	110.000718,
					"end":	120.000088,
					"seconds":	9.9993696212768555,
					"bytes":	17404960,
					"bits_per_second":	13924845.792651076,
					"packets":	12020,
					"omitted":	false,
					"sender":	true
				}],
			"sum":	{
				"start":	110.000718,
				"end":	120.000088,
				"seconds":	9.9993696212768555,
				"bytes":	17404960,
				"bits_per_second":	13924845.792651076,
				"packets":	12020,
				"omitted":	false,
				"sender":	true
			}
		}, {
			"streams":	[{
					"socket":	6,
					"start":	120.000088,
					"end":	130.000163,
					"seconds":	10.000075340270996,
					"bytes":	20923600,
					"bits_per_second":	16738753.889774581,
					"packets":	14450,
					"omitted":	false,
					"sender":	true
				}],
			"sum":	{
				"start":	120.000088,
				"end":	130.000163,
				"seconds":	10.000075340270996,
				"bytes":	20923600,
				"bits_per_second":	16738753.889774581,
				"packets":	14450,
				"omitted":	false,
				"sender":	true
			}
		}, {
			"streams":	[{
					"socket":	6,
					"start":	130.000163,
					"end":	140.000079,
					"seconds":	9.9999160766601562,
					"bytes":	39224872,
					"bits_per_second":	31380160.9527912,
					"packets":	27089,
					"omitted":	false,
					"sender":	true
				}],
			"sum":	{
				"start":	130.000163,
				"end":	140.000079,
				"seconds":	9.9999160766601562,
				"bytes":	39224872,
				"bits_per_second":	31380160.9527912,
				"packets":	27089,
				"omitted":	false,
				"sender":	true
			}
		}, {
			"streams":	[{
					"socket":	6,
					"start":	140.000079,
					"end":	150.000019,
					"seconds":	9.9999399185180664,
					"bytes":	3540360,
					"bits_per_second":	2832305.0169082703,
					"packets":	2445,
					"omitted":	false,
					"sender":	true
				}],
			"sum":	{
				"start":	140.000079,