{
	"start":	{
		"connected":	[{
				"socket":	6,
				"local_host":	"10.20.15.3",
				"local_port":	59580,
				"remote_host":	"10.20.15.2",
				"remote_port":	5201
			}],
		"version":	"iperf 3.7",
		"system_info":	"Linux node2 5.8.0-1006-raspi #9-Ubuntu SMP PREEMPT Fri Oct 16 12:55:30 UTC 2020 aarch64",
		"timestamp":	{
			"time":	"Sun, 08 Aug 2021 12:28:57 GMT",
			"timesecs":	1628425737
		},
		"connecting_to":	{
			"host":	"10.20.15.2",
			"port":	5201
		},
		"cookie":	"t3yzelhogc74swooxydb3pynkqs6aocjwibp",
		"sock_bufsize":	0,
		"sndbuf_actual":	212992,
		"rcvbuf_actual":	212992,
		"test_start":	{
			"protocol":	"UDP",
			"num_streams":	1,
			"blksize":	1448,
			"omit":	0,
			"duration":	300,
			"bytes":	0,
			"blocks":	0,
			"reverse":	0,
			"tos":	0
		}
	},
	"intervals":	[{
			"streams":	[{
					"socket":	6,
					"start":	0,
					"end":	10.000083,
					"seconds":	10.000082969665527,
					"bytes":	38663048,
					"bits_per_second":	30930181.773316357,
					"packets":	26701,
					"omitted":	false,
					"sender":	true
				}],
			"sum":	{
				"start":	0,
				"end":	10.000083,
				"seconds":	10.000082969665527,
				"bytes":	38663048,
				"bits_per_second":	30930181.773316357,
				"packets":	26701,
				"omitted":	false,
				"sender":	true
			}
		}, {
			"streams":	[{
					"socket":	6,
					"start":	10.000083,
					"end":	20.000081,
					"seconds":	9.9999980926513672,
					"bytes":	37410528,
					"bits_per_second":	29928428.108394645,
					"packets":	25836,
					"omitted":	false,
					"sender":	true
				}],
			"sum":	{
				"start":	10.000083,
				"end":	20.000081,
				"seconds":	9.9999980926513672,
				"bytes":	37410528,
				"bits_per_second":	29928428.108394645,
				"packets":	25836,
				"omitted":	false,
				"sender":	true
			}
		}, {
			"streams":	[{
					"socket":	6,
					"start":	20.000081,
					"end":	30.00008,
					"seconds":	9.9999990463256836,
					"bytes":	10066496,
					"bits_per_second":	8053197.5680127684,
					"packets":	6952,
					"omitted":	false,
					"sender":	true
				}],
			"sum":	{
				"start":	20.000081,
				"end":	30.00008,
				"seconds":	9.9999990463256836,
				"bytes":	10066496,
				"bits_per_second":	8053197.5680127684,
				"packets":	6952,
				"omitted":	false,
				"sender":	true
			}
		}, {
			"streams":	[{
					"socket":	6,
					"start":	30.00008,
					"end":	40.000089,
					"seconds":	10.000008583068848,
					"bytes":	59858872,
					"bits_per_second":	47887056.498209715,
					"packets":	41339,
					"omitted":	false,
					"sender":	true
				}],
			"sum":	{
				"start":	30.00008,
				"end":	40.000089,
				"seconds":	10.000008583068848,
				"bytes":	59858872,
				"bits_per_second":	47887056.498209715,
				"packets":	41339,
				"omitted":	false,
				"sender":	true
			}
		}, {
			"streams":	[{
					"socket":	6,
					"start":	40.000089,
					"end":	50.000098,
					"seconds":	10.000008583068848,
					"bytes":	11631784,
					"bits_per_second":	9305419.2130946238,
					"packets":	8033,
					"omitted":	false,
					"sender":	true
				}],
			"sum":	{
				"start":	40.000089,
				"end":	50.000098,
				"seconds":	10.000008583068848,
				"bytes":	11631784,
				"bits_per_second":	9305419.2130946238,
				"packets":	8033,
				"omitted":	false,
				"sender":	true
			}
		}, {
			"streams":	[{
					"socket":	6,
					"start":	50.000098,
					"end":	60.000098,
					"seconds":	10,
					"bytes":	64184048,
					"bits_per_second":	51347238.4,
					"packets":	44326,
					"omitted":	false,
					"sender":	true
				}],
			"sum":	{
				"start":	50.000098,
				"end":	60.000098,
				"seconds":	10,
				"bytes":	64184048,
				"bits_per_second":	51347238.4,
				"packets":	44326,
				"omitted":	false,
				"sender":	true
			}
		}, {
			"streams":	[{
					"socket":	6,
					"start":	60.000098,
					"end":	70.0001,
					"seconds":	10.000001907348633,
					"bytes":	21624432,
					"bits_per_second":	17299542.300374165,
					"packets":	14934,
					"omitted":	false,
					"sender":	true
				}],
			"sum":	{
				"start":	60.000098,
				"end":	70.0001,
				"seconds":	10.000001907348633,
				"bytes":	21624432,
				"bits_per_second":	17299542.300374165,
				"packets":	14934,
				"omitted":	false,
				"sender":	true
			}
		}, {
			"streams":	[{
					"socket":	6,
					"start":	70.0001,
					"end":	80.000111,
					"seconds":	10.000011444091797,
					"bytes":	32481536,
					"bits_per_second":	25985199.062299658,
					"packets":	22432,
					"omitted":	false,
					"sender":	true
				}],
			"sum":	{
				"start":	70.0001,
				"end":	80.000111,
				"seconds":	10.000011444091797,
				"bytes":	32481536,
				"bits_per_second":	25985199.062299658,
				"packets":	22432,
				"omitted":	false,
				"sender":	true
			}
		}, {
			"streams":	[{
					"socket":	6,
					"start":	80.000111,
					"end":	90.000106,
					"seconds":	9.999995231628418,
					"bytes":	46360616,
					"bits_per_second":	37088510.485179938,
					"packets":	32017,
					"omitted":	false,
					"sender":	true
				}],
			"sum":	{
				"start":	80.000111,
				"end":	90.000106,
				"seconds":	9.999995231628418,
				"bytes":	46360616,
				"bits_per_second":	37088510.485179938,
				"packets":	32017,
				"omitted":	false,
				"sender":	true
			}
		}, {
			"streams":	[{
					"socket":	6,
					"start":	90.000106,
					"end":	100.000247,
					"seconds":	10.000141143798828,
					"bytes":	13123224,
					"bits_per_second":	10498431.021156393,
					"packets":	9063,
					"omitted":	false,
					"sender":	true
				}],
			"sum":	{
				"start":	90.000106,
				"end":	100.000247,
				"seconds":	10.000141143798828,
				"bytes":	13123224,
				"bits_per_second":	10498431.021156393,
				"packets":	9063,
				"omitted":	false,
				"sender":	true
			}
		}, {
			"streams":	[{
					"socket":	6,
					"start":	100.000247,
					"end":	110.000081,
					"seconds":	9.9998340606689453,
					"bytes":	28196904,
					"bits_per_second":	22557897.524242517,
					"packets":	19473,
					"omitted":	false,
					"sender":	true
				}],
			"sum":	{
				"start":	100.000247,
				"end":	110.000081,
				"seconds":	9.9998340606689453,
				"bytes":	28196904,
				"bits_per_second":	22557897.524242517,
				"packets":	19473,
				"omitted":	false,
				"sender":	true
			}
		}, {
			"streams":	[{
					"socket":	6,
					"start":	110.000081,
					"end":	120.000105,
					"seconds":	10.00002384185791,
					"bytes":	31712648,
					"bits_per_second":	25370057.913068406,
					"packets":	21901,
					"omitted":	false,
					"sender":	true
				}],
			"sum":	{
				"start":	110.000081,
				"end":	120.000105,
				"seconds":	10.00002384185791,
				"bytes":	31712648,
				"bits_per_second":	25370057.913068406,
				"packets":	21901,
				"omitted":	false,
				"sender":	true
			}
		}, {
			"streams":	[{
					"socket":	6,
					"start":	120.000105,
					"end":	130.000089,
					"seconds":	9.9999837875366211,
					"bytes":	12677240,
					"bits_per_second":	10141808.442369796,
					"packets":	8755,
					"omitted":	false,
					"sender":	true
				}],
			"sum":	{
				"start":	120.000105,
				"end":	130.000089,
				"seconds":	9.9999837875366211,
				"bytes":	12677240,
				"bits_per_second":	10141808.442369796,
				"packets":	8755,
				"omitted":	false,
				"sender":	true
			}
		}, {
			"streams":	[{
					"socket":	6,
					"start":	130.000089,
					"end":	140.000083,
					"seconds":	9.9999942779541016,
					"bytes":	21873488,
					"bits_per_second":	17498800.412893914,
					"packets":	15106,
					"omitted":	false,
					"sender":	true
				}],
			"sum":	{
				"start":	130.000089,
				"end":	140.000083,
				"seconds":	9.9999942779541016,
				"bytes":	21873488,
				"bits_per_second":	17498800.412893914,
				"packets":	15106,
				"omitted":	false,
				"sender":	true
			}
		}, {
			"streams":	[{
					"socket":	6,
					"start":	140.000083,
					"end":	150.000162,
					"seconds":	10.000079154968262,
					"bytes":	40066160,
					"bits_per_second":	32052674.287158411,
					"packets":	27670,
					"omitted":	false,
					"sender":	true
				}],
			"sum":	{
				"start":	140.000083,
				"end":	150.000162,