{
	"start":	{
		"connected":	[{
				"socket":	6,
				"local_host":	"10.20.15.3",
				"local_port":	45291,
				"remote_host":	"10.20.15.2",
				"remote_port":	5201
			}],
		"version":	"iperf 3.7",
		"system_info":	"Linux node2 5.8.0-1006-raspi #9-Ubuntu SMP PREEMPT Fri Oct 16 12:55:30 UTC 2020 aarch64",
		"timestamp":	{
			"time":	"Sun, 08 Aug 2021 08:11:27 GMT",
			"timesecs":	1628410287
		},
		"connecting_to":	{
			"host":	"10.20.15.2",
			"port":	5201
		},
		"cookie":	"sfamhjolzikvnievxpuano5sbjf67t2imjuk",
		"sock_bufsize":	0,
		"sndbuf_actual":	212992,
		"rcvbuf_actual":	212992,
		"test_start":	{
			"protocol":	"UDP",
			"num_streams":	1,
			"blksize":	1448,
			"omit":	0,
			"duration":	300,
			"bytes":	0,
			"blocks":	0,
			"reverse":	0,
			"tos":	0
		}
	},
	"intervals":	[{
			"streams":	[{
					"socket":	6,
					"start":	0,
					"end":	10.000224,
					"seconds":	10.000224113464355,
					"bytes":	29180096,
					"bits_per_second":	23343553.639532346,
					"packets":	20152,
					"omitted":	false,
					"sender":	true
				}],
			"sum":	{
				"start":	0,
				"end":	10.000224,
				"seconds":	10.000224113464355,
				"bytes":	29180096,
				"bits_per_second":	23343553.639532346,
				"packets":	20152,
				"omitted":	false,
				"sender":	true
			}
		}, {
			"streams":	[{
					"socket":	6,
					"start":	10.000224,
					"end":	20.00008,
					"seconds":	9.9998559951782227,
					"bytes":	21388408,
					"bits_per_second":	17110972.806258939,
					"packets":	14771,
					"omitted":	false,
					"sender":	true
				}],
			"sum":	{
				"start":	10.000224,
				"end":	20.00008,
				"seconds":	9.9998559951782227,
				"bytes":	21388408,
				"bits_per_second":	17110972.806258939,
				"packets":	14771,
				"omitted":	false,
				"sender":	true
			}
		}, {
			"streams":	[{
					"socket":	6,
					"start":	20.00008,
					"end":	30.000027,
					"seconds":	9.9999465942382812,
					"bytes":	30202384,
					"bits_per_second":	24162036.239195004,
					"packets":	20858,
					"omitted":	false,
					"sender":	true
				}],
			"sum":	{
				"start":	20.00008,
				"end":	30.000027,
				"seconds":	9.9999465942382812,
				"bytes":	30202384,
				"bits_per_second":	24162036.239195004,
				"packets":	20858,
				"omitted":	false,
				"sender":	true
			}
		}, {
			"streams":	[{
					"socket":	6,
					"start":	30.000027,
					"end":	40.000229,
					"seconds":	10.000202178955078,
					"bytes":	27187648,
					"bits_per_second":	21749678.667269375,
					"packets":	18776,
					"omitted":	false,
					"sender":	true
				}],
			"sum":	{
				"start":	30.000027,
				"end":	40.000229,
				"seconds":	10.000202178955078,
				"bytes":	27187648,
				"bits_per_second":	21749678.667269375,
				"packets":	18776,
				"omitted":	false,
				"sender":	true
			}
		}, {
			"streams":	[{
					"socket":	6,
					"start":	40.000229,
					"end":	50.000141,
					"seconds":	9.99991226196289,
					"bytes":	26056760,
					"bits_per_second":	20845590.895122752,
					"packets":	17995,
					"omitted":	false,
					"sender":	true
				}],
			"sum":	{
				"start":	40.000229,
				"end":	50.000141,
				"seconds":	9.99991226196289,
				"bytes":	26056760,
				"bits_per_second":	20845590.895122752,
				"packets":	17995,
				"omitted":	false,
				"sender":	true
			}
		}, {
			"streams":	[{
					"socket":	6,
					"start":	50.000141,
					"end":	60.000208,
					"seconds":	10.000066757202148,
					"bytes":	27255704,
					"bits_per_second":	21804417.63980839,
					"packets":	18823,
					"omitted":	false,
					"sender":	true
				}],
			"sum":	{
				"start":	50.000141,
				"end":	60.000208,
				"seconds":	10.000066757202148,
				"bytes":	27255704,
				"bits_per_second":	21804417.63980839,
				"packets":	18823,
				"omitted":	false,
				"sender":	true
			}
		}, {
			"streams":	[{
					"socket":	6,
					"start":	60.000208,
					"end":	70.000078,
					"seconds":	9.9998703002929688,
					"bytes":	18831240,
					"bits_per_second":	15065187.39503915,
					"packets":	13005,
					"omitted":	false,
					"sender":	true
				}],
			"sum":	{
				"start":	60.000208,
				"end":	70.000078,
				"seconds":	9.9998703002929688,
				"bytes":	18831240,
				"bits_per_second":	15065187.39503915,
				"packets":	13005,
				"omitted":	false,
				"sender":	true
			}
		}, {
			"streams":	[{
					"socket":	6,
					"start":	70.000078,
					"end":	80.00009,
					"seconds":	10.000012397766113,
					"bytes":	33180920,
					"bits_per_second":	26544703.090497952,
					"packets":	22915,
					"omitted":	false,
					"sender":	true
				}],
			"sum":	{
				"start":	70.000078,
				"end":	80.00009,
				"seconds":	10.000012397766113,
				"bytes":	33180920,
				"bits_per_second":	26544703.090497952,
				"packets":	22915,
				"omitted":	false,
				"sender":	true
			}
		}, {
			"streams":	[{
					"socket":	6,
					"start":	80.00009,
					"end":	90.000085,
					"seconds":	9.999995231628418,
					"bytes":	21437640,
					"bits_per_second":	17150120.177814569,
					"packets":	14805,
					"omitted":	false,
					"sender":	true
				}],
			"sum":	{
				"start":	80.00009,
				"end":	90.000085,
				"seconds":	9.999995231628418,
				"bytes":	21437640,
				"bits_per_second":	17150120.177814569,
				"packets":	14805,
				"omitted":	false,
				"sender":	true
			}
		}, {
			"streams":	[{
					"socket":	6,
					"start":	90.000085,
					"end":	100.00009,
					"seconds":	10.000004768371582,
					"bytes":	18742912,
					"bits_per_second":	14994322.450149894,
					"packets":	12944,
					"omitted":	false,
					"sender":	true
				}],
			"sum":	{
				"start":	90.000085,
				"end":	100.00009,
				"seconds":	10.000004768371582,
				"bytes":	18742912,
				"bits_per_second":	14994322.450149894,
				"packets":	12944,
				"omitted":	false,
				"sender":	true
			}
		}, {
			"streams":	[{
					"socket":	6,
					"start":	100.00009,
					"end":	110.000084,
					"seconds":	9.9999942779541016,
					"bytes":	22668440,
					"bits_per_second":	18134762.376794267,
					"packets":	15655,
					"omitted":	false,
					"sender":	true
				}],
			"sum":	{
				"start":	100.00009,
				"end":	110.000084,
				"seconds":	9.9999942779541016,
				"bytes":	22668440,
				"bits_per_second":	18134762.376794267,
				"packets":	15655,
				"omitted":	false,
				"sender":	true
			}
		}, {
			"streams":	[{
					"socket":	6,
					"start":	110.000084,
					"end":	120.000082,
					"seconds":	9.9999980926513672,
					"bytes":	27942056,
					"bits_per_second":	22353649.0636202,
					"packets":	19297,
					"omitted":	false,
					"sender":	true
				}],
			"sum":	{
				"start":	110.000084,
				"end":	120.000082,
				"seconds":	9.9999980926513672,
				"bytes":	27942056,
				"bits_per_second":	22353649.0636202,
				"packets":	19297,
				"omitted":	false,
				"sender":	true
			}
		}, {
			"streams":	[{
					"socket":	6,
					"start":	120.000082,
					"end":	130.000156,
					"seconds":	10.00007438659668,
					"bytes":	26130608,
					"bits_per_second":	20904330.899796851,
					"packets":	18046,
					"omitted":	false,
					"sender":	true
				}],
			"sum":	{
				"start":	120.000082,
				"end":	130.000156,
				"seconds":	10.00007438659668,
				"bytes":	26130608,
				"bits_per_second":	20904330.899796851,
				"packets":	18046,
				"omitted":	false,
				"sender":	true
			}
		}, {
			"streams":	[{
					"socket":	6,
					"start":	130.000156,
					"end":	140.000079,
					"seconds":	9.9999227523803711,
					"bytes":	28220072,
					"bits_per_second":	22576231.99601819,
					"packets":	19489,
					"omitted":	false,
					"sender":	true
				}],
			"sum":	{
				"start":	130.000156,
				"end":	140.000079,
				"seconds":	9.9999227523803711,
				"bytes":	28220072,
				"bits_per_second":	22576231.99601819,
				"packets":	19489,
				"omitted":	false,
				"sender":	true
			}
		}, {
			"streams":	[{
					"socket":	6,
					"start":	140.000079,
					"end":	150.000087,
					"seconds":	10.000007629394531,
					"bytes":	23412712,
					"bits_per_second":	18730155.31002555,
					"packets":	16169,
					"omitted":	false,
					"sender":	true
				}],
			"sum":	{
				"start":	140.000079,