{
	"start":	{
		"connected":	[{
				"socket":	6,
				"local_host":	"10.20.15.3",
				"local_port":	48104,
				"remote_host":	"10.20.15.2",
				"remote_port":	5201
			}],
		"version":	"iperf 3.7",
		"system_info":	"Linux node2 5.8.0-1006-raspi #9-Ubuntu SMP PREEMPT Fri Oct 16 12:55:30 UTC 2020 aarch64",
		"timestamp":	{
			"time":	"Sun, 08 Aug 2021 11:16:24 GMT",
			"timesecs":	1628421384
		},
		"connecting_to":	{
			"host":	"10.20.15.2",
			"port":	5201
		},
		"cookie":	"fdsas2abx5r2pj57qh67zhpslxu7uhugp6tr",
		"sock_bufsize":	0,
		"sndbuf_actual":	212992,
		"rcvbuf_actual":	212992,
		"test_start":	{
			"protocol":	"UDP",
			"num_streams":	1,
			"blksize":	1448,
			"omit":	0,
			"duration":	300,
			"bytes":	0,
			"blocks":	0,
			"reverse":	0,
			"tos":	0
		}
	},
	"intervals":	[{
			"streams":	[{
					"socket":	6,
					"start":	0,
					"end":	10.000085,
					"seconds":	10.00008487701416,
					"bytes":	22846544,
					"bits_per_second":	18277080.069601614,
					"packets":	15778,
					"omitted":	false,
					"sender":	true
				}],
			"sum":	{
				"start":	0,
				"end":	10.000085,
				"seconds":	10.00008487701416,
				"bytes":	22846544,
				"bits_per_second":	18277080.069601614,
				"packets":	15778,
				"omitted":	false,
				"sender":	true
			}
		}, {
			"streams":	[{
					"socket":	6,
					"start":	10.000085,
					"end":	20.000083,
					"seconds":	9.9999980926513672,
					"bytes":	10610944,
					"bits_per_second":	8488756.8191018719,
					"packets":	7328,
					"omitted":	false,
					"sender":	true
				}],
			"sum":	{
				"start":	10.000085,
				"end":	20.000083,
				"seconds":	9.9999980926513672,
				"bytes":	10610944,
				"bits_per_second":	8488756.8191018719,
				"packets":	7328,
				"omitted":	false,
				"sender":	true
			}
		}, {
			"streams":	[{
					"socket":	6,
					"start":	20.000083,
					"end":	30.00009,
					"seconds":	10.000006675720215,
					"bytes":	22122544,
					"bits_per_second":	17698023.385294754,
					"packets":	15278,
					"omitted":	false,
					"sender":	true
				}],
			"sum":	{
				"start":	20.000083,
				"end":	30.00009,
				"seconds":	10.000006675720215,
				"bytes":	22122544,
				"bits_per_second":	17698023.385294754,
				"packets":	15278,
				"omitted":	false,
				"sender":	true
			}
		}, {
			"streams":	[{
					"socket":	6,
					"start":	30.00009,
					"end":	40.000106,
					"seconds":	10.000016212463379,
					"bytes":	8143552,
					"bits_per_second":	6514831.0378540382,
					"packets":	5624,
					"omitted":	false,
					"sender":	true
				}],
			"sum":	{
				"start":	30.00009,
				"end":	40.000106,
				"seconds":	10.000016212463379,
				"bytes":	8143552,
				"bits_per_second":	6514831.0378540382,
				"packets":	5624,
				"omitted":	false,
				"sender":	true
			}
		}, {
			"streams":	[{
					"socket":	6,
					"start":	40.000106,
					"end":	50.000118,
					"seconds":	10.000012397766113,
					"bytes":	19614608,
					"bits_per_second":	15691666.945838328,
					"packets":	13546,
					"omitted":	false,
					"sender":	true
				}],
			"sum":	{
				"start":	40.000106,
				"end":	50.000118,
				"seconds":	10.000012397766113,
				"bytes":	19614608,
				"bits_per_second":	15691666.945838328,
				"packets":	13546,
				"omitted":	false,
				"sender":	true
			}
		}, {
			"streams":	[{
					"socket":	6,
					"start":	50.000118,
					"end":	60.000016,
					"seconds":	9.9998979568481445,
					"bytes":	18534400,
					"bits_per_second":	14827671.306231476,
					"packets":	12800,
					"omitted":	false,
					"sender":	true
				}],
			"sum":	{
				"start":	50.000118,
				"end":	60.000016,
				"seconds":	9.9998979568481445,
				"bytes":	18534400,
				"bits_per_second":	14827671.306231476,
				"packets":	12800,
				"omitted":	false,
				"sender":	true
			}
		}, {
			"streams":	[{
					"socket":	6,
					"start":	60.000016,
					"end":	70.000235,
					"seconds":	10.000219345092773,
					"bytes":	13340424,
					"bits_per_second":	10672105.112611398,
					"packets":	9213,
					"omitted":	false,
					"sender":	true
				}],
			"sum":	{
				"start":	60.000016,
				"end":	70.000235,
				"seconds":	10.000219345092773,
				"bytes":	13340424,
				"bits_per_second":	10672105.112611398,
				"packets":	9213,
				"omitted":	false,
				"sender":	true
			}
		}, {
			"streams":	[{
					"socket":	6,
					"start":	70.000235,
					"end":	80.000091,
					"seconds":	9.9998559951782227,
					"bytes":	41696608,
					"bits_per_second":	33357766.767925829,
					"packets":	28796,
					"omitted":	false,
					"sender":	true
				}],
			"sum":	{
				"start":	70.000235,
				"end":	80.000091,
				"seconds":	9.9998559951782227,
				"bytes":	41696608,
				"bits_per_second":	33357766.767925829,
				"packets":	28796,
				"omitted":	false,
				"sender":	true
			}
		}, {
			"streams":	[{
					"socket":	6,
					"start":	80.000091,
					"end":	90.000088,
					"seconds":	9.99999713897705,
					"bytes":	9158600,
					"bits_per_second":	7326882.0962377824,
					"packets":	6325,
					"omitted":	false,
					"sender":	true
				}],
			"sum":	{
				"start":	80.000091,
				"end":	90.000088,
				"seconds":	9.99999713897705,
				"bytes":	9158600,
				"bits_per_second":	7326882.0962377824,
				"packets":	6325,
				"omitted":	false,
				"sender":	true
			}
		}, {
			"streams":	[{
					"socket":	6,
					"start":	90.000088,
					"end":	100.000111,
					"seconds":	10.000022888183594,
					"bytes":	7961104,
					"bits_per_second":	6368868.6228165673,
					"packets":	5498,
					"omitted":	false,
					"sender":	true
				}],
			"sum":	{
				"start":	90.000088,
				"end":	100.000111,
				"seconds":	10.000022888183594,
				"bytes":	7961104,
				"bits_per_second":	6368868.6228165673,
				"packets":	5498,
				"omitted":	false,
				"sender":	true
			}
		}, {
			"streams":	[{
					"socket":	6,
					"start":	100.000111,
					"end":	110.000094,
					"seconds":	9.9999828338623047,
					"bytes":	22987000,
					"bits_per_second":	18389631.567894764,
					"packets":	15875,
					"omitted":	false,
					"sender":	true
				}],
			"sum":	{
				"start":	100.000111,
				"end":	110.000094,
				"seconds":	9.9999828338623047,
				"bytes":	22987000,
				"bits_per_second":	18389631.567894764,
				"packets":	15875,
				"omitted":	false,
				"sender":	true
			}
		}, {
			"streams":	[{
					"socket":	6,
					"start":	110.000094,
					"end":	120.000088,
					"seconds":	9.9999942779541016,
					"bytes":	8480936,
					"bits_per_second":	6784752.6822666256,
					"packets":	5857,
					"omitted":	false,
					"sender":	true
				}],
			"sum":	{
				"start":	110.000094,
				"end":	120.000088,
				"seconds":	9.9999942779541016,
				"bytes":	8480936,
				"bits_per_second":	6784752.6822666256,
				"packets":	5857,
				"omitted":	false,
				"sender":	true
			}
		}, {
			"streams":	[{
					"socket":	6,
					"start":	120.000088,
					"end":	130.000094,
					"seconds":	10.000005722045898,
					"bytes":	30111160,
					"bits_per_second":	24088914.21621272,
					"packets":	20795,
					"omitted":	false,
					"sender":	true
				}],
			"sum":	{
				"start":	120.000088,
				"end":	130.000094,
				"seconds":	10.000005722045898,
				"bytes":	30111160,
				"bits_per_second":	24088914.21621272,
				"packets":	20795,
				"omitted":	false,
				"sender":	true
			}
		}, {
			"streams":	[{
					"socket":	6,
					"start":	130.000094,
					"end":	140.000084,
					"seconds":	9.9999904632568359,
					"bytes":	11604272,
					"bits_per_second":	9283426.4533653762,
					"packets":	8014,
					"omitted":	false,
					"sender":	true
				}],
			"sum":	{
				"start":	130.000094,
				"end":	140.000084,
				"seconds":	9.9999904632568359,
				"bytes":	11604272,
				"bits_per_second":	9283426.4533653762,
				"packets":	8014,
				"omitted":	false,
				"sender":	true
			}
		}, {
			"streams":	[{
					"socket":	6,
					"start":	140.000084,
					"end":	150.000055,
					"seconds":	9.9999713897705078,
					"bytes":	12745296,
					"bits_per_second":	10196265.971750941,
					"packets":	8802,
					"omitted":	false,
					"sender":	true
				}],
			"sum":	{
				"start":	140.000084,