{
	"start":	{
		"connected":	[{
				"socket":	6,
				"local_host":	"10.20.15.3",
				"local_port":	36592,
				"remote_host":	"10.20.15.2",
				"remote_port":	5201
			}],
		"version":	"iperf 3.7",
		"system_info":	"Linux node2 5.8.0-1006-raspi #9-Ubuntu SMP PREEMPT Fri Oct 16 12:55:30 UTC 2020 aarch64",
		"timestamp":	{
			"time":	"Sun, 08 Aug 2021 14:11:47 GMT",
			"timesecs":	1628431907
		},
		"connecting_to":	{
			"host":	"10.20.15.2",
			"port":	5201
		},
		"cookie":	"wreyk4zuhfrej46w4nkbz7ohcmgeq22u6gl3",
		"sock_bufsize":	0,
		"sndbuf_actual":	212992,
		"rcvbuf_actual":	212992,
		"test_start":	{
			"protocol":	"UDP",
			"num_streams":	1,
			"blksize":	1448,
			"omit":	0,
			"duration":	300,
			"bytes":	0,
			"blocks":	0,
			"reverse":	0,
			"tos":	0
		}
	},
	"intervals":	[{
			"streams":	[{
					"socket":	6,
					"start":	0,
					"end":	10.000088,
					"seconds":	10.000087738037109,
					"bytes":	6996736,
					"bits_per_second":	5597339.6900402559,
					"packets":	4832,
					"omitted":	false,
					"sender":	true
				}],
			"sum":	{
				"start":	0,
				"end":	10.000088,
				"seconds":	10.000087738037109,
				"bytes":	6996736,
				"bits_per_second":	5597339.6900402559,
				"packets":	4832,
				"omitted":	false,
				"sender":	true
			}
		}, {
			"streams":	[{
					"socket":	6,
					"start":	10.000088,
					"end":	20.000082,
					"seconds":	9.9999942779541016,
					"bytes":	38227200,
					"bits_per_second":	30581777.499033451,
					"packets":	26400,
					"omitted":	false,
					"sender":	true
				}],
			"sum":	{
				"start":	10.000088,
				"end":	20.000082,
				"seconds":	9.9999942779541016,
				"bytes":	38227200,
				"bits_per_second":	30581777.499033451,
				"packets":	26400,
				"omitted":	false,
				"sender":	true
			}
		}, {
			"streams":	[{
					"socket":	6,
					"start":	20.000082,
					"end":	30.000081,
					"seconds":	9.9999990463256836,
					"bytes":	26139296,
					"bits_per_second":	20911438.79427021,
					"packets":	18052,
					"omitted":	false,
					"sender":	true
				}],
			"sum":	{
				"start":	20.000082,
				"end":	30.000081,
				"seconds":	9.9999990463256836,
				"bytes":	26139296,
				"bits_per_second":	20911438.79427021,
				"packets":	18052,
				"omitted":	false,
				"sender":	true
			}
		}, {
			"streams":	[{
					"socket":	6,
					"start":	30.000081,
					"end":	40.000062,
					"seconds":	9.9999809265136719,
					"bytes":	8971808,
					"bits_per_second":	7177460.08991869,
					"packets":	6196,
					"omitted":	false,
					"sender":	true
				}],
			"sum":	{
				"start":	30.000081,
				"end":	40.000062,
				"seconds":	9.9999809265136719,
				"bytes":	8971808,
				"bits_per_second":	7177460.08991869,
				"packets":	6196,
				"omitted":	false,
				"sender":	true
			}
		}, {
			"streams":	[{
					"socket":	6,
					"start":	40.000062,
					"end":	50.000101,
					"seconds":	10.000039100646973,
					"bytes":	46906512,
					"bits_per_second":	37525062.87457639,
					"packets":	32394,
					"omitted":	false,
					"sender":	true
				}],
			"sum":	{
				"start":	40.000062,
				"end":	50.000101,
				"seconds":	10.000039100646973,
				"bytes":	46906512,
				"bits_per_second":	37525062.87457639,
				"packets":	32394,
				"omitted":	false,
				"sender":	true
			}
		}, {
			"streams":	[{
					"socket":	6,
					"start":	50.000101,
					"end":	60.00009,
					"seconds":	9.9999885559082031,
					"bytes":	4197752,
					"bits_per_second":	3358205.4431611365,
					"packets":	2899,
					"omitted":	false,
					"sender":	true
				}],
			"sum":	{
				"start":	50.000101,
				"end":	60.00009,
				"seconds":	9.9999885559082031,
				"bytes":	4197752,
				"bits_per_second":	3358205.4431611365,
				"packets":	2899,
				"omitted":	false,
				"sender":	true
			}
		}, {
			"streams":	[{
					"socket":	6,
					"start":	60.00009,
					"end":	70.000115,
					"seconds":	10.000024795532227,
					"bytes":	45501952,
					"bits_per_second":	36401471.340614431,
					"packets":	31424,
					"omitted":	false,
					"sender":	true
				}],
			"sum":	{
				"start":	60.00009,
				"end":	70.000115,
				"seconds":	10.000024795532227,
				"bytes":	45501952,
				"bits_per_second":	36401471.340614431,
				"packets":	31424,
				"omitted":	false,
				"sender":	true
			}
		}, {
			"streams":	[{
					"socket":	6,
					"start":	70.000115,
					"end":	80.000088,
					"seconds":	9.99997329711914,
					"bytes":	1778144,
					"bits_per_second":	1422518.9985355339,
					"packets":	1228,
					"omitted":	false,
					"sender":	true
				}],
			"sum":	{
				"start":	70.000115,
				"end":	80.000088,
				"seconds":	9.99997329711914,
				"bytes":	1778144,
				"bits_per_second":	1422518.9985355339,
				"packets":	1228,
				"omitted":	false,
				"sender":	true
			}
		}, {
			"streams":	[{
					"socket":	6,
					"start":	80.000088,
					"end":	90.000302,
					"seconds":	10.000213623046875,
					"bytes":	29562368,
					"bits_per_second":	23649389.194542352,
					"packets":	20416,
					"omitted":	false,
					"sender":	true
				}],
			"sum":	{
				"start":	80.000088,
				"end":	90.000302,
				"seconds":	10.000213623046875,
				"bytes":	29562368,
				"bits_per_second":	23649389.194542352,
				"packets":	20416,
				"omitted":	false,
				"sender":	true
			}
		}, {
			"streams":	[{
					"socket":	6,
					"start":	90.000302,
					"end":	100.00009,
					"seconds":	9.9997882843017578,
					"bytes":	3428864,
					"bits_per_second":	2743149.2767764516,
					"packets":	2368,
					"omitted":	false,
					"sender":	true
				}],
			"sum":	{
				"start":	90.000302,
				"end":	100.00009,
				"seconds":	9.9997882843017578,
				"bytes":	3428864,
				"bits_per_second":	2743149.2767764516,
				"packets":	2368,
				"omitted":	false,
				"sender":	true
			}
		}, {
			"streams":	[{
					"socket":	6,
					"start":	100.00009,
					"end":	110.000091,
					"seconds":	10.000000953674316,
					"bytes":	44809808,
					"bits_per_second":	35847842.981283285,
					"packets":	30946,
					"omitted":	false,
					"sender":	true
				}],
			"sum":	{
				"start":	100.00009,
				"end":	110.000091,
				"seconds":	10.000000953674316,
				"bytes":	44809808,
				"bits_per_second":	35847842.981283285,
				"packets":	30946,
				"omitted":	false,
				"sender":	true
			}
		}, {
			"streams":	[{
					"socket":	6,
					"start":	110.000091,
					"end":	120.00012,
					"seconds":	10.000028610229492,
					"bytes":	1675336,
					"bits_per_second":	1340264.9654711757,
					"packets":	1157,
					"omitted":	false,
					"sender":	true
				}],
			"sum":	{
				"start":	110.000091,
				"end":	120.00012,
				"seconds":	10.000028610229492,
				"bytes":	1675336,
				"bits_per_second":	1340264.9654711757,
				"packets":	1157,
				"omitted":	false,
				"sender":	true
			}
		}, {
			"streams":	[{
					"socket":	6,
					"start":	120.00012,
					"end":	130.000091,
					"seconds":	9.9999713897705078,
					"bytes":	26223280,
					"bits_per_second":	20978684.020496428,
					"packets":	18110,
					"omitted":	false,
					"sender":	true
				}],
			"sum":	{
				"start":	120.00012,
				"end":	130.000091,
				"seconds":	9.9999713897705078,
				"bytes":	26223280,
				"bits_per_second":	20978684.020496428,
				"packets":	18110,
				"omitted":	false,
				"sender":	true
			}
		}, {
			"streams":	[{
					"socket":	6,
					"start":	130.000091,
					"end":	140.000093,
					"seconds":	10.000001907348633,
					"bytes":	4406264,
					"bits_per_second":	3525010.5276575987,
					"packets":	3043,
					"omitted":	false,
					"sender":	true
				}],
			"sum":	{
				"start":	130.000091,
				"end":	140.000093,
				"seconds":	10.000001907348633,
				"bytes":	4406264,
				"bits_per_second":	3525010.5276575987,
				"packets":	3043,
				"omitted":	false,
				"sender":	true
			}
		}, {
			"streams":	[{
					"socket":	6,
					"start":	140.000093,
					"end":	150.000096,
					"seconds":	10.000002861022949,
					"bytes":	47750696,
					"bits_per_second":	38200545.870736159,
					"packets":	32977,
					"omitted":	false,
					"sender":	true
				}],
			"sum":	{
				"start":	140.000093,
				"end":	150.000096,