{
	"start":	{
		"connected":	[{
				"socket":	6,
				"local_host":	"10.20.15.3",
				"local_port":	56371,
				"remote_host":	"10.20.15.2",
				"remote_port":	5201
			}],
		"version":	"iperf 3.7",
		"system_info":	"Linux node2 5.8.0-1006-raspi #9-Ubuntu SMP PREEMPT Fri Oct 16 12:55:30 UTC 2020 aarch64",
		"timestamp":	{
			"time":	"Sun, 08 Aug 2021 10:13:23 GMT",
			"timesecs":	1628417603
		},
		"connecting_to":	{
			"host":	"10.20.15.2",
			"port":	5201
		},
		"cookie":	"rib6kqhemnhzxpiwliilhbscndyxarbuywmc",
		"sock_bufsize":	0,
		"sndbuf_actual":	212992,
		"rcvbuf_actual":	212992,
		"test_start":	{
			"protocol":	"UDP",
			"num_streams":	1,
			"blksize":	1448,
			"omit":	0,
			"duration":	300,
			"bytes":	0,
			"blocks":	0,
			"reverse":	0,
			"tos":	0
		}
	},
	"intervals":	[{
			"streams":	[{
					"socket":	6,
					"start":	0,
					"end":	10.000093,
					"seconds":	10.000093460083008,
					"bytes":	49614272,
					"bits_per_second":	39691046.647148572,
					"packets":	34264,
					"omitted":	false,
					"sender":	true
				}],
			"sum":	{
				"start":	0,
				"end":	10.000093,
				"seconds":	10.000093460083008,
				"bytes":	49614272,
				"bits_per_second":	39691046.647148572,
				"packets":	34264,
				"omitted":	false,
				"sender":	true
			}
		}, {
			"streams":	[{
					"socket":	6,
					"start":	10.000093,
					"end":	20.000364,
					"seconds":	10.000270843505859,
					"bytes":	13178248,
					"bits_per_second":	10542312.868302288,
					"packets":	9101,
					"omitted":	false,
					"sender":	true
				}],
			"sum":	{
				"start":	10.000093,
				"end":	20.000364,
				"seconds":	10.000270843505859,
				"bytes":	13178248,
				"bits_per_second":	10542312.868302288,
				"packets":	9101,
				"omitted":	false,
				"sender":	true
			}
		}, {
			"streams":	[{
					"socket":	6,
					"start":	20.000364,
					"end":	30.000085,
					"seconds":	9.999720573425293,
					"bytes":	28088304,
					"bits_per_second":	22471271.107031476,
					"packets":	19398,
					"omitted":	false,
					"sender":	true
				}],
			"sum":	{
				"start":	20.000364,
				"end":	30.000085,
				"seconds":	9.999720573425293,
				"bytes":	28088304,
				"bits_per_second":	22471271.107031476,
				"packets":	19398,
				"omitted":	false,
				"sender":	true
			}
		}, {
			"streams":	[{
					"socket":	6,
					"start":	30.000085,
					"end":	40.000096,
					"seconds":	10.000011444091797,
					"bytes":	11392864,
					"bits_per_second":	9114280.7695334218,
					"packets":	7868,
					"omitted":	false,
					"sender":	true
				}],
			"sum":	{
				"start":	30.000085,
				"end":	40.000096,
				"seconds":	10.000011444091797,
				"bytes":	11392864,
				"bits_per_second":	9114280.7695334218,
				"packets":	7868,
				"omitted":	false,
				"sender":	true
			}
		}, {
			"streams":	[{
					"socket":	6,
					"start":	40.000096,
					"end":	50.000092,
					"seconds":	9.9999961853027344,
					"bytes":	26567904,
					"bits_per_second":	21254331.307883952,
					"packets":	18348,
					"omitted":	false,
					"sender":	true
				}],
			"sum":	{
				"start":	40.000096,
				"end":	50.000092,
				"seconds":	9.9999961853027344,
				"bytes":	26567904,
				"bits_per_second":	21254331.307883952,
				"packets":	18348,
				"omitted":	false,
				"sender":	true
			}
		}, {
			"streams":	[{
					"socket":	6,
					"start":	50.000092,
					"end":	60.000091,
					"seconds":	9.9999990463256836,
					"bytes":	38603680,
					"bits_per_second":	30882946.945227332,
					"packets":	26660,
					"omitted":	false,
					"sender":	true
				}],
			"sum":	{
				"start":	50.000092,
				"end":	60.000091,
				"seconds":	9.9999990463256836,
				"bytes":	38603680,
				"bits_per_second":	30882946.945227332,
				"packets":	26660,
				"omitted":	false,
				"sender":	true
			}
		}, {
			"streams":	[{
					"socket":	6,
					"start":	60.000091,
					"end":	70.000089,
					"seconds":	9.9999980926513672,
					"bytes":	10125864,
					"bits_per_second":	8100692.7450845232,
					"packets":	6993,
					"omitted":	false,
					"sender":	true
				}],
			"sum":	{
				"start":	60.000091,
				"end":	70.000089,
				"seconds":	9.9999980926513672,
				"bytes":	10125864,
				"bits_per_second":	8100692.7450845232,
				"packets":	6993,
				"omitted":	false,
				"sender":	true
			}
		}, {
			"streams":	[{
					"socket":	6,
					"start":	70.000089,
					"end":	80.000089,
					"seconds":	10,
					"bytes":	30205280,
					"bits_per_second":	24164224,
					"packets":	20860,
					"omitted":	false,
					"sender":	true
				}],
			"sum":	{
				"start":	70.000089,
				"end":	80.000089,
				"seconds":	10,
				"bytes":	30205280,
				"bits_per_second":	24164224,
				"packets":	20860,
				"omitted":	false,
				"sender":	true
			}
		}, {
			"streams":	[{
					"socket":	6,
					"start":	80.000089,
					"end":	90.000081,
					"seconds":	9.9999923706054688,
					"bytes":	8604016,
					"bits_per_second":	6883218.051478616,
					"packets":	5942,
					"omitted":	false,
					"sender":	true
				}],
			"sum":	{
				"start":	80.000089,
				"end":	90.000081,
				"seconds":	9.9999923706054688,
				"bytes":	8604016,
				"bits_per_second":	6883218.051478616,
				"packets":	5942,
				"omitted":	false,
				"sender":	true
			}
		}, {
			"streams":	[{
					"socket":	6,
					"start":	90.000081,
					"end":	100.00009,
					"seconds":	10.000008583068848,
					"bytes":	27677072,
					"bits_per_second":	22141638.595679153,
					"packets":	19114,
					"omitted":	false,
					"sender":	true
				}],
			"sum":	{
				"start":	90.000081,
				"end":	100.00009,
				"seconds":	10.000008583068848,
				"bytes":	27677072,
				"bits_per_second":	22141638.595679153,
				"packets":	19114,
				"omitted":	false,
				"sender":	true
			}
		}, {
			"streams":	[{
					"socket":	6,
					"start":	100.00009,
					"end":	110.000083,
					"seconds":	9.9999933242797852,
					"bytes":	12228360,
					"bits_per_second":	9782694.5306531638,
					"packets":	8445,
					"omitted":	false,
					"sender":	true
				}],
			"sum":	{
				"start":	100.00009,
				"end":	110.000083,
				"seconds":	9.9999933242797852,
				"bytes":	12228360,
				"bits_per_second":	9782694.5306531638,
				"packets":	8445,
				"omitted":	false,
				"sender":	true
			}
		}, {
			"streams":	[{
					"socket":	6,
					"start":	110.000083,
					"end":	120.00008,
					"seconds":	9.99999713897705,
					"bytes":	32238272,
					"bits_per_second":	25790624.978756994,
					"packets":	22264,
					"omitted":	false,
					"sender":	true
				}],
			"sum":	{
				"start":	110.000083,
				"end":	120.00008,
				"seconds":	9.99999713897705,
				"bytes":	32238272,
				"bits_per_second":	25790624.978756994,
				"packets":	22264,
				"omitted":	false,
				"sender":	true
			}
		}, {
			"streams":	[{
					"socket":	6,
					"start":	120.00008,
					"end":	130.000091,
					"seconds":	10.000011444091797,
					"bytes":	11016384,
					"bits_per_second":	8813097.11421076,
					"packets":	7608,
					"omitted":	false,
					"sender":	true
				}],
			"sum":	{
				"start":	120.00008,
				"end":	130.000091,
				"seconds":	10.000011444091797,
				"bytes":	11016384,
				"bits_per_second":	8813097.11421076,
				"packets":	7608,
				"omitted":	false,
				"sender":	true
			}
		}, {
			"streams":	[{
					"socket":	6,
					"start":	130.000091,
					"end":	140.000089,
					"seconds":	9.9999980926513672,
					"bytes":	24863608,
					"bits_per_second":	19890890.19388622,
					"packets":	17171,
					"omitted":	false,
					"sender":	true
				}],
			"sum":	{
				"start":	130.000091,
				"end":	140.000089,
				"seconds":	9.9999980926513672,
				"bytes":	24863608,
				"bits_per_second":	19890890.19388622,
				"packets":	17171,
				"omitted":	false,
				"sender":	true
			}
		}, {
			"streams":	[{
					"socket":	6,
					"start":	140.000089,
					"end":	150.000082,
					"seconds":	9.9999933242797852,
					"bytes":	9365664,
					"bits_per_second":	7492536.201807538,
					"packets":	6468,
					"omitted":	false,
					"sender":	true
				}],
			"sum":	{
				"start":	140.000089,
				"end":	150.000082,
				"seconds":	9.9999933242797852,