{
	"start":	{
		"connected":	[{
				"socket":	6,
				"local_host":	"10.20.15.3",
				"local_port":	56432,
				"remote_host":	"10.20.15.2",
				"remote_port":	5201
			}],
		"version":	"iperf 3.7",
		"system_info":	"Linux node2 5.8.0-1006-raspi #9-Ubuntu SMP PREEMPT Fri Oct 16 12:55:30 UTC 2020 aarch64",
		"timestamp":	{
			"time":	"Sun, 08 Aug 2021 08:21:00 GMT",
			"timesecs":	1628410860
		},
		"connecting_to":	{
			"host":	"10.20.15.2",
			"port":	5201
		},
		"cookie":	"5v6vblzmavxnlxipgkyohoufz3mxwutfc4ei",
		"sock_bufsize":	0,
		"sndbuf_actual":	212992,
		"rcvbuf_actual":	212992,
		"test_start":	{
			"protocol":	"UDP",
			"num_streams":	1,
			"blksize":	1448,
			"omit":	0,
			"duration":	300,
			"bytes":	0,
			"blocks":	0,
			"reverse":	0,
			"tos":	0
		}
	},
	"intervals":	[{
			"streams":	[{
					"socket":	6,
					"start":	0,
					"end":	10.000104,
					"seconds":	10.000103950500488,
					"bytes":	20846856,
					"bits_per_second":	16677311.438512918,
					"packets":	14397,
					"omitted":	false,
					"sender":	true
				}],
			"sum":	{
				"start":	0,
				"end":	10.000104,
				"seconds":	10.000103950500488,
				"bytes":	20846856,
				"bits_per_second":	16677311.438512918,
				"packets":	14397,
				"omitted":	false,
				"sender":	true
			}
		}, {
			"streams":	[{
					"socket":	6,
					"start":	10.000104,
					"end":	20.000092,
					"seconds":	9.9999876022338867,
					"bytes":	5412624,
					"bits_per_second":	4330104.5683623683,
					"packets":	3738,
					"omitted":	false,
					"sender":	true
				}],
			"sum":	{
				"start":	10.000104,
				"end":	20.000092,
				"seconds":	9.9999876022338867,
				"bytes":	5412624,
				"bits_per_second":	4330104.5683623683,
				"packets":	3738,
				"omitted":	false,
				"sender":	true
			}
		}, {
			"streams":	[{
					"socket":	6,
					"start":	20.000092,
					"end":	30.000104,
					"seconds":	10.000012397766113,
					"bytes":	16407288,
					"bits_per_second":	13125814.126922641,
					"packets":	11331,
					"omitted":	false,
					"sender":	true
				}],
			"sum":	{
				"start":	20.000092,
				"end":	30.000104,
				"seconds":	10.000012397766113,
				"bytes":	16407288,
				"bits_per_second":	13125814.126922641,
				"packets":	11331,
				"omitted":	false,
				"sender":	true
			}
		}, {
			"streams":	[{
					"socket":	6,
					"start":	30.000104,
					"end":	40.000101,
					"seconds":	9.99999713897705,
					"bytes":	2218336,
					"bits_per_second":	1774669.3077369616,
					"packets":	1532,
					"omitted":	false,
					"sender":	true
				}],
			"sum":	{
				"start":	30.000104,
				"end":	40.000101,
				"seconds":	9.99999713897705,
				"bytes":	2218336,
				"bits_per_second":	1774669.3077369616,
				"packets":	1532,
				"omitted":	false,
				"sender":	true
			}
		}, {
			"streams":	[{
					"socket":	6,
					"start":	40.000101,
					"end":	50.00009,
					"seconds":	9.9999885559082031,
					"bytes":	20820792,
					"bits_per_second":	16656652.66202621,
					"packets":	14379,
					"omitted":	false,
					"sender":	true
				}],
			"sum":	{
				"start":	40.000101,
				"end":	50.00009,
				"seconds":	9.9999885559082031,
				"bytes":	20820792,
				"bits_per_second":	16656652.66202621,
				"packets":	14379,
				"omitted":	false,
				"sender":	true
			}
		}, {
			"streams":	[{
					"socket":	6,
					"start":	50.00009,
					"end":	60.000083,
					"seconds":	9.9999933242797852,
					"bytes":	61870144,
					"bits_per_second":	49496148.242243737,
					"packets":	42728,
					"omitted":	false,
					"sender":	true
				}],
			"sum":	{
				"start":	50.00009,
				"end":	60.000083,
				"seconds":	9.9999933242797852,
				"bytes":	61870144,
				"bits_per_second":	49496148.242243737,
				"packets":	42728,
				"omitted":	false,
				"sender":	true
			}
		}, {
			"streams":	[{
					"socket":	6,
					"start":	60.000083,
					"end":	70.000096,
					"seconds":	10.00001335144043,
					"bytes":	64456272,
					"bits_per_second":	51564948.753365844,
					"packets":	44514,
					"omitted":	false,
					"sender":	true
				}],
			"sum":	{
				"start":	60.000083,
				"end":	70.000096,
				"seconds":	10.00001335144043,
				"bytes":	64456272,
				"bits_per_second":	51564948.753365844,
				"packets":	44514,
				"omitted":	false,
				"sender":	true
			}
		}, {
			"streams":	[{
					"socket":	6,
					"start":	70.000096,
					"end":	80.000151,
					"seconds":	10.000055313110352,
					"bytes":	78517800,
					"bits_per_second":	62813892.556822941,
					"packets":	54225,
					"omitted":	false,
					"sender":	true
				}],
			"sum":	{
				"start":	70.000096,
				"end":	80.000151,
				"seconds":	10.000055313110352,
				"bytes":	78517800,
				"bits_per_second":	62813892.556822941,
				"packets":	54225,
				"omitted":	false,
				"sender":	true
			}
		}, {
			"streams":	[{
					"socket":	6,
					"start":	80.000151,
					"end":	90.000099,
					"seconds":	9.9999475479125977,
					"bytes":	77166816,
					"bits_per_second":	61733776.606544621,
					"packets":	53292,
					"omitted":	false,
					"sender":	true
				}],
			"sum":	{
				"start":	80.000151,
				"end":	90.000099,
				"seconds":	9.9999475479125977,
				"bytes":	77166816,
				"bits_per_second":	61733776.606544621,
				"packets":	53292,
				"omitted":	false,
				"sender":	true
			}
		}, {
			"streams":	[{
					"socket":	6,
					"start":	90.000099,
					"end":	100.000094,
					"seconds":	9.999995231628418,
					"bytes":	78972472,
					"bits_per_second":	63178007.725621663,
					"packets":	54539,
					"omitted":	false,
					"sender":	true
				}],
			"sum":	{
				"start":	90.000099,
				"end":	100.000094,
				"seconds":	9.999995231628418,
				"bytes":	78972472,
				"bits_per_second":	63178007.725621663,
				"packets":	54539,
				"omitted":	false,
				"sender":	true
			}
		}, {
			"streams":	[{
					"socket":	6,
					"start":	100.000094,
					"end":	110.000252,
					"seconds":	10.000158309936523,
					"bytes":	77627280,
					"bits_per_second":	62100840.881982192,
					"packets":	53610,
					"omitted":	false,
					"sender":	true
				}],
			"sum":	{
				"start":	100.000094,
				"end":	110.000252,
				"seconds":	10.000158309936523,
				"bytes":	77627280,
				"bits_per_second":	62100840.881982192,
				"packets":	53610,
				"omitted":	false,
				"sender":	true
			}
		}, {
			"streams":	[{
					"socket":	6,
					"start":	110.000252,
					"end":	120.000087,
					"seconds":	9.9998350143432617,
					"bytes":	47348152,
					"bits_per_second":	37879146.551587053,
					"packets":	32699,
					"omitted":	false,
					"sender":	true
				}],
			"sum":	{
				"start":	110.000252,
				"end":	120.000087,
				"seconds":	9.9998350143432617,
				"bytes":	47348152,
				"bits_per_second":	37879146.551587053,
				"packets":	32699,
				"omitted":	false,
				"sender":	true
			}
		}, {
			"streams":	[{
					"socket":	6,
					"start":	120.000087,
					"end":	130.000118,
					"seconds":	10.000031471252441,
					"bytes":	5040488,
					"bits_per_second":	4032377.7096023164,
					"packets":	3481,
					"omitted":	false,
					"sender":	true
				}],
			"sum":	{
				"start":	120.000087,
				"end":	130.000118,
				"seconds":	10.000031471252441,
				"bytes":	5040488,
				"bits_per_second":	4032377.7096023164,
				"packets":	3481,
				"omitted":	false,
				"sender":	true
			}
		}, {
			"streams":	[{
					"socket":	6,
					"start":	130.000118,
					"end":	140.000018,
					"seconds":	9.9998998641967773,
					"bytes":	32015280,
					"bits_per_second":	25612480.472630464,
					"packets":	22110,
					"omitted":	false,
					"sender":	true
				}],
			"sum":	{
				"start":	130.000118,
				"end":	140.000018,
				"seconds":	9.9998998641967773,
				"bytes":	32015280,
				"bits_per_second":	25612480.472630464,
				"packets":	22110,
				"omitted":	false,
				"sender":	true
			}
		}, {
			"streams":	[{
					"socket":	6,
					"start":	140.000018,
					"end":	150.000083,
					"seconds":	10.000064849853516,
					"bytes":	77792352,
					"bits_per_second":	62233478.016806684,
					"packets":	53724,
					"omitted":	false,
					"sender":	true
				}],
			"sum":	{
				"start":	140.000018,