{
	"start":	{
		"connected":	[{
				"socket":	6,
				"local_host":	"10.20.15.3",
				"local_port":	37341,
				"remote_host":	"10.20.15.2",
				"remote_port":	5201
			}],
		"version":	"iperf 3.7",
		"system_info":	"Linux node2 5.8.0-1006-raspi #9-Ubuntu SMP PREEMPT Fri Oct 16 12:55:30 UTC 2020 aarch64",
		"timestamp":	{
			"time":	"Sun, 08 Aug 2021 08:56:03 GMT",
			"timesecs":	1628412963
		},
		"connecting_to":	{
			"host":	"10.20.15.2",
			"port":	5201
		},
		"cookie":	"24jkqaf3abdv7m6z6jfk4aa744yetipbluu3",
		"sock_bufsize":	0,
		"sndbuf_actual":	212992,
		"rcvbuf_actual":	212992,
		"test_start":	{
			"protocol":	"UDP",
			"num_streams":	1,
			"blksize":	1448,
			"omit":	0,
			"duration":	300,
			"bytes":	0,
			"blocks":	0,
			"reverse":	0,
			"tos":	0
		}
	},
	"intervals":	[{
			"streams":	[{
					"socket":	6,
					"start":	0,
					"end":	10.000089,
					"seconds":	10.000088691711426,
					"bytes":	77560672,
					"bits_per_second":	62047987.285781711,
					"packets":	53564,
					"omitted":	false,
					"sender":	true
				}],
			"sum":	{
				"start":	0,
				"end":	10.000089,
				"seconds":	10.000088691711426,
				"bytes":	77560672,
				"bits_per_second":	62047987.285781711,
				"packets":	53564,
				"omitted":	false,
				"sender":	true
			}
		}, {
			"streams":	[{
					"socket":	6,
					"start":	10.000089,
					"end":	20.000085,
					"seconds":	9.9999961853027344,
					"bytes":	70756520,
					"bits_per_second":	56605237.593184508,
					"packets":	48865,
					"omitted":	false,
					"sender":	true
				}],
			"sum":	{
				"start":	10.000089,
				"end":	20.000085,
				"seconds":	9.9999961853027344,
				"bytes":	70756520,
				"bits_per_second":	56605237.593184508,
				"packets":	48865,
				"omitted":	false,
				"sender":	true
			}
		}, {
			"streams":	[{
					"socket":	6,
					"start":	20.000085,
					"end":	30.000209,
					"seconds":	10.000123977661133,
					"bytes":	1733256,
					"bits_per_second":	1386587.609411123,
					"packets":	1197,
					"omitted":	false,
					"sender":	true
				}],
			"sum":	{
				"start":	20.000085,
				"end":	30.000209,
				"seconds":	10.000123977661133,
				"bytes":	1733256,
				"bits_per_second":	1386587.609411123,
				"packets":	1197,
				"omitted":	false,
				"sender":	true
			}
		}, {
			"streams":	[{
					"socket":	6,
					"start":	30.000209,
					"end":	40.000107,
					"seconds":	9.9998979568481445,
					"bytes":	6041056,
					"bits_per_second":	4832894.1163748214,
					"packets":	4172,
					"omitted":	false,
					"sender":	true
				}],
			"sum":	{
				"start":	30.000209,
				"end":	40.000107,
				"seconds":	9.9998979568481445,
				"bytes":	6041056,
				"bits_per_second":	4832894.1163748214,
				"packets":	4172,
				"omitted":	false,
				"sender":	true
			}
		}, {
			"streams":	[{
					"socket":	6,
					"start":	40.000107,
					"end":	50.000129,
					"seconds":	10.000021934509277,
					"bytes":	13259336,
					"bits_per_second":	10607445.533088755,
					"packets":	9157,
					"omitted":	false,
					"sender":	true
				}],
			"sum":	{
				"start":	40.000107,
				"end":	50.000129,
				"seconds":	10.000021934509277,
				"bytes":	13259336,
				"bits_per_second":	10607445.533088755,
				"packets":	9157,
				"omitted":	false,
				"sender":	true
			}
		}, {
			"streams":	[{
					"socket":	6,
					"start":	50.000129,
					"end":	60.000093,
					"seconds":	9.9999637603759766,
					"bytes":	4691520,
					"bits_per_second":	3753229.6015629633,
					"packets":	3240,
					"omitted":	false,
					"sender":	true
				}],
			"sum":	{
				"start":	50.000129,
				"end":	60.000093,
				"seconds":	9.9999637603759766,
				"bytes":	4691520,
				"bits_per_second":	3753229.6015629633,
				"packets":	3240,
				"omitted":	false,
				"sender":	true
			}
		}, {
			"streams":	[{
					"socket":	6,
					"start":	60.000093,
					"end":	70.000096,
					"seconds":	10.000002861022949,
					"bytes":	17097984,
					"bits_per_second":	13678383.286583152,
					"packets":	11808,
					"omitted":	false,
					"sender":	true
				}],
			"sum":	{
				"start":	60.000093,
				"end":	70.000096,
				"seconds":	10.000002861022949,
				"bytes":	17097984,
				"bits_per_second":	13678383.286583152,
				"packets":	11808,
				"omitted":	false,
				"sender":	true
			}
		}, {
			"streams":	[{
					"socket":	6,
					"start":	70.000096,
					"end":	80.00009,
					"seconds":	9.9999942779541016,
					"bytes":	5639960,
					"bits_per_second":	4511970.5817702757,
					"packets":	3895,
					"omitted":	false,
					"sender":	true
				}],
			"sum":	{
				"start":	70.000096,
				"end":	80.00009,
				"seconds":	9.9999942779541016,
				"bytes":	5639960,
				"bits_per_second":	4511970.5817702757,
				"packets":	3895,
				"omitted":	false,
				"sender":	true
			}
		}, {
			"streams":	[{
					"socket":	6,
					"start":	80.00009,
					"end":	90.000113,
					"seconds":	10.000022888183594,
					"bytes":	42949128,
					"bits_per_second":	34359223.757977851,
					"packets":	29661,
					"omitted":	false,
					"sender":	true
				}],
			"sum":	{
				"start":	80.00009,
				"end":	90.000113,
				"seconds":	10.000022888183594,
				"bytes":	42949128,
				"bits_per_second":	34359223.757977851,
				"packets":	29661,
				"omitted":	false,
				"sender":	true
			}
		}, {
			"streams":	[{
					"socket":	6,
					"start":	90.000113,
					"end":	100.000098,
					"seconds":	9.9999847412109375,
					"bytes":	59922584,
					"bits_per_second":	47938140.347797163,
					"packets":	41383,
					"omitted":	false,
					"sender":	true
				}],
			"sum":	{
				"start":	90.000113,
				"end":	100.000098,
				"seconds":	9.9999847412109375,
				"bytes":	59922584,
				"bits_per_second":	47938140.347797163,
				"packets":	41383,
				"omitted":	false,
				"sender":	true
			}
		}, {
			"streams":	[{
					"socket":	6,
					"start":	100.000098,
					"end":	110.000096,
					"seconds":	9.9999980926513672,
					"bytes":	55229616,
					"bits_per_second":	44183701.227372214,
					"packets":	38142,
					"omitted":	false,
					"sender":	true
				}],
			"sum":	{
				"start":	100.000098,
				"end":	110.000096,
				"seconds":	9.9999980926513672,
				"bytes":	55229616,
				"bits_per_second":	44183701.227372214,
				"packets":	38142,
				"omitted":	false,
				"sender":	true
			}
		}, {
			"streams":	[{
					"socket":	6,
					"start":	110.000096,
					"end":	120.000087,
					"seconds":	9.9999914169311523,
					"bytes":	4076120,
					"bits_per_second":	3260898.7988518896,
					"packets":	2815,
					"omitted":	false,
					"sender":	true
				}],
			"sum":	{
				"start":	110.000096,
				"end":	120.000087,
				"seconds":	9.9999914169311523,
				"bytes":	4076120,
				"bits_per_second":	3260898.7988518896,
				"packets":	2815,
				"omitted":	false,
				"sender":	true
			}
		}, {
			"streams":	[{
					"socket":	6,
					"start":	120.000087,
					"end":	130.000085,
					"seconds":	9.9999980926513672,
					"bytes":	13062408,
					"bits_per_second":	10449928.393165663,
					"packets":	9021,
					"omitted":	false,
					"sender":	true
				}],
			"sum":	{
				"start":	120.000087,
				"end":	130.000085,
				"seconds":	9.9999980926513672,
				"bytes":	13062408,
				"bits_per_second":	10449928.393165663,
				"packets":	9021,
				"omitted":	false,
				"sender":	true
			}
		}, {
			"streams":	[{
					"socket":	6,
					"start":	130.000085,
					"end":	140.00005,
					"seconds":	9.999964714050293,
					"bytes":	60934736,
					"bits_per_second":	48747960.811809354,
					"packets":	42082,
					"omitted":	false,
					"sender":	true
				}],
			"sum":	{
				"start":	130.000085,
				"end":	140.00005,
				"seconds":	9.999964714050293,
				"bytes":	60934736,
				"bits_per_second":	48747960.811809354,
				"packets":	42082,
				"omitted":	false,
				"sender":	true
			}
		}, {
			"streams":	[{
					"socket":	6,
					"start":	140.00005,
					"end":	150.000088,
					"seconds":	10.000038146972656,
					"bytes":	60872472,
					"bits_per_second":	48697791.83266665,
					"packets":	42039,
					"omitted":	false,
					"sender":	true
				}],
			"sum":	{
				"start":	140.00005,