{
	"start":	{
		"connected":	[{
				"socket":	6,
				"local_host":	"10.20.15.3",
				"local_port":	45533,
				"remote_host":	"10.20.15.2",
				"remote_port":	5201
			}],
		"version":	"iperf 3.7",
		"system_info":	"Linux node2 5.8.0-1006-raspi #9-Ubuntu SMP PREEMPT Fri Oct 16 12:55:30 UTC 2020 aarch64",
		"timestamp":	{
			"time":	"Sun, 08 Aug 2021 10:30:39 GMT",
			"timesecs":	1628418639
		},
		"connecting_to":	{
			"host":	"10.20.15.2",
			"port":	5201
		},
		"cookie":	"ozvbl2u5qqzkf5hzpywkcn3xbbmlsan4fgpu",
		"sock_bufsize":	0,
		"sndbuf_actual":	212992,
		"rcvbuf_actual":	212992,
		"test_start":	{
			"protocol":	"UDP",
			"num_streams":	1,
			"blksize":	1448,
			"omit":	0,
			"duration":	300,
			"bytes":	0,
			"blocks":	0,
			"reverse":	0,
			"tos":	0
		}
	},
	"intervals":	[{
			"streams":	[{
					"socket":	6,
					"start":	0,
					"end":	10.000057,
					"seconds":	10.000057220458984,
					"bytes":	53030104,
					"bits_per_second":	42423840.448837765,
					"packets":	36623,
					"omitted":	false,
					"sender":	true
				}],
			"sum":	{
				"start":	0,
				"end":	10.000057,
				"seconds":	10.000057220458984,
				"bytes":	53030104,
				"bits_per_second":	42423840.448837765,
				"packets":	36623,
				"omitted":	false,
				"sender":	true
			}
		}, {
			"streams":	[{
					"socket":	6,
					"start":	10.000057,
					"end":	20.000119,
					"seconds":	10.000061988830566,
					"bytes":	52931640,
					"bits_per_second":	42345049.50799007,
					"packets":	36555,
					"omitted":	false,
					"sender":	true
				}],
			"sum":	{
				"start":	10.000057,
				"end":	20.000119,
				"seconds":	10.000061988830566,
				"bytes":	52931640,
				"bits_per_second":	42345049.50799007,
				"packets":	36555,
				"omitted":	false,
				"sender":	true
			}
		}, {
			"streams":	[{
					"socket":	6,
					"start":	20.000119,
					"end":	30.000026,
					"seconds":	9.9999065399169922,
					"bytes":	51624096,
					"bits_per_second":	41299662.786991224,
					"packets":	35652,
					"omitted":	false,
					"sender":	true
				}],
			"sum":	{
				"start":	20.000119,
				"end":	30.000026,
				"seconds":	9.9999065399169922,
				"bytes":	51624096,
				"bits_per_second":	41299662.786991224,
				"packets":	35652,
				"omitted":	false,
				"sender":	true
			}
		}, {
			"streams":	[{
					"socket":	6,
					"start":	30.000026,
					"end":	40.000112,
					"seconds":	10.000085830688477,
					"bytes":	44528896,
					"bits_per_second":	35622811.046960235,
					"packets":	30752,
					"omitted":	false,
					"sender":	true
				}],
			"sum":	{
				"start":	30.000026,
				"end":	40.000112,
				"seconds":	10.000085830688477,
				"bytes":	44528896,
				"bits_per_second":	35622811.046960235,
				"packets":	30752,
				"omitted":	false,
				"sender":	true
			}
		}, {
			"streams":	[{
					"socket":	6,
					"start":	40.000112,
					"end":	50.000087,
					"seconds":	9.9999752044677734,
					"bytes":	1401664,
					"bits_per_second":	1121333.9804072848,
					"packets":	968,
					"omitted":	false,
					"sender":	true
				}],
			"sum":	{
				"start":	40.000112,
				"end":	50.000087,
				"seconds":	9.9999752044677734,
				"bytes":	1401664,
				"bits_per_second":	1121333.9804072848,
				"packets":	968,
				"omitted":	false,
				"sender":	true
			}
		}, {
			"streams":	[{
					"socket":	6,
					"start":	50.000087,
					"end":	60.000081,
					"seconds":	9.9999942779541016,
					"bytes":	6559440,
					"bits_per_second":	5247555.0026750583,
					"packets":	4530,
					"omitted":	false,
					"sender":	true
				}],
			"sum":	{
				"start":	50.000087,
				"end":	60.000081,
				"seconds":	9.9999942779541016,
				"bytes":	6559440,
				"bits_per_second":	5247555.0026750583,
				"packets":	4530,
				"omitted":	false,
				"sender":	true
			}
		}, {
			"streams":	[{
					"socket":	6,
					"start":	60.000081,
					"end":	70.000085,
					"seconds":	10.000003814697266,
					"bytes":	6863520,
					"bits_per_second":	5490813.9054207206,
					"packets":	4740,
					"omitted":	false,
					"sender":	true
				}],
			"sum":	{
				"start":	60.000081,
				"end":	70.000085,
				"seconds":	10.000003814697266,
				"bytes":	6863520,
				"bits_per_second":	5490813.9054207206,
				"packets":	4740,
				"omitted":	false,
				"sender":	true
			}
		}, {
			"streams":	[{
					"socket":	6,
					"start":	70.000085,
					"end":	80.0001,
					"seconds":	10.000015258789062,
					"bytes":	1437864,
					"bits_per_second":	1150289.4447976002,
					"packets":	993,
					"omitted":	false,
					"sender":	true
				}],
			"sum":	{
				"start":	70.000085,
				"end":	80.0001,
				"seconds":	10.000015258789062,
				"bytes":	1437864,
				"bits_per_second":	1150289.4447976002,
				"packets":	993,
				"omitted":	false,
				"sender":	true
			}
		}, {
			"streams":	[{
					"socket":	6,
					"start":	80.0001,
					"end":	90.000079,
					"seconds":	9.9999790191650391,
					"bytes":	47462544,
					"bits_per_second":	37970114.864471339,
					"packets":	32778,
					"omitted":	false,
					"sender":	true
				}],
			"sum":	{
				"start":	80.0001,
				"end":	90.000079,
				"seconds":	9.9999790191650391,
				"bytes":	47462544,
				"bits_per_second":	37970114.864471339,
				"packets":	32778,
				"omitted":	false,
				"sender":	true
			}
		}, {
			"streams":	[{
					"socket":	6,
					"start":	90.000079,
					"end":	100.000105,
					"seconds":	10.000025749206543,
					"bytes":	53948136,
					"bits_per_second":	43158397.670550428,
					"packets":	37257,
					"omitted":	false,
					"sender":	true
				}],
			"sum":	{
				"start":	90.000079,
				"end":	100.000105,
				"seconds":	10.000025749206543,
				"bytes":	53948136,
				"bits_per_second":	43158397.670550428,
				"packets":	37257,
				"omitted":	false,
				"sender":	true
			}
		}, {
			"streams":	[{
					"socket":	6,
					"start":	100.000105,
					"end":	110.004408,
					"seconds":	10.004302978515625,
					"bytes":	52420496,
					"bits_per_second":	41918359.420000546,
					"packets":	36202,
					"omitted":	false,
					"sender":	true
				}],
			"sum":	{
				"start":	100.000105,
				"end":	110.004408,
				"seconds":	10.004302978515625,
				"bytes":	52420496,
				"bits_per_second":	41918359.420000546,
				"packets":	36202,
				"omitted":	false,
				"sender":	true
			}
		}, {
			"streams":	[{
					"socket":	6,
					"start":	110.004408,
					"end":	120.000087,
					"seconds":	9.9956789016723633,
					"bytes":	53746864,
					"bits_per_second":	43016078.870646946,
					"packets":	37118,
					"omitted":	false,
					"sender":	true
				}],
			"sum":	{
				"start":	110.004408,
				"end":	120.000087,
				"seconds":	9.9956789016723633,
				"bytes":	53746864,
				"bits_per_second":	43016078.870646946,
				"packets":	37118,
				"omitted":	false,
				"sender":	true
			}
		}, {
			"streams":	[{
					"socket":	6,
					"start":	120.000087,
					"end":	130.000083,
					"seconds":	9.9999961853027344,
					"bytes":	54243528,
					"bits_per_second":	43394838.953817353,
					"packets":	37461,
					"omitted":	false,
					"sender":	true
				}],
			"sum":	{
				"start":	120.000087,
				"end":	130.000083,
				"seconds":	9.9999961853027344,
				"bytes":	54243528,
				"bits_per_second":	43394838.953817353,
				"packets":	37461,
				"omitted":	false,
				"sender":	true
			}
		}, {
			"streams":	[{
					"socket":	6,
					"start":	130.000083,
					"end":	140.000106,
					"seconds":	10.000022888183594,
					"bytes":	51201280,
					"bits_per_second":	40960930.247870833,
					"packets":	35360,
					"omitted":	false,
					"sender":	true
				}],
			"sum":	{
				"start":	130.000083,
				"end":	140.000106,
				"seconds":	10.000022888183594,
				"bytes":	51201280,
				"bits_per_second":	40960930.247870833,
				"packets":	35360,
				"omitted":	false,
				"sender":	true
			}
		}, {
			"streams":	[{
					"socket":	6,
					"start":	140.000106,
					"end":	150.000046,
					"seconds":	9.9999399185180664,
					"bytes":	51401104,
					"bits_per_second":	41121130.261844493,
					"packets":	35498,
					"omitted":	false,
					"sender":	true
				}],
			"sum":	{
				"start":	140.000106,