{
	"start":	{
		"connected":	[{
				"socket":	6,
				"local_host":	"10.20.15.3",
				"local_port":	58815,
				"remote_host":	"10.20.15.2",
				"remote_port":	5201
			}],
		"version":	"iperf 3.7",
		"system_info":	"Linux node2 5.8.0-1006-raspi #9-Ubuntu SMP PREEMPT Fri Oct 16 12:55:30 UTC 2020 aarch64",
		"timestamp":	{
			"time":	"Sun, 08 Aug 2021 09:17:33 GMT",
			"timesecs":	1628414253
		},
		"connecting_to":	{
			"host":	"10.20.15.2",
			"port":	5201
		},
		"cookie":	"3q743iqtuw5qa2eixnfzwjk7cgqr274mpxxp",
		"sock_bufsize":	0,
		"sndbuf_actual":	212992,
		"rcvbuf_actual":	212992,
		"test_start":	{
			"protocol":	"UDP",
			"num_streams":	1,
			"blksize":	1448,
			"omit":	0,
			"duration":	300,
			"bytes":	0,
			"blocks":	0,
			"reverse":	0,
			"tos":	0
		}
	},
	"intervals":	[{
			"streams":	[{
					"socket":	6,
					"start":	0,
					"end":	10.000078,
					"seconds":	10.000078201293945,
					"bytes":	51645816,
					"bits_per_second":	41316329.700955629,
					"packets":	35667,
					"omitted":	false,
					"sender":	true
				}],
			"sum":	{
				"start":	0,
				"end":	10.000078,
				"seconds":	10.000078201293945,
				"bytes":	51645816,
				"bits_per_second":	41316329.700955629,
				"packets":	35667,
				"omitted":	false,
				"sender":	true
			}
		}, {
			"streams":	[{
					"socket":	6,
					"start":	10.000078,
					"end":	20.000088,
					"seconds":	10.000009536743164,
					"bytes":	54921192,
					"bits_per_second":	43936911.698495768,
					"packets":	37929,
					"omitted":	false,
					"sender":	true
				}],
			"sum":	{
				"start":	10.000078,
				"end":	20.000088,
				"seconds":	10.000009536743164,
				"bytes":	54921192,
				"bits_per_second":	43936911.698495768,
				"packets":	37929,
				"omitted":	false,
				"sender":	true
			}
		}, {
			"streams":	[{
					"socket":	6,
					"start":	20.000088,
					"end":	30.000096,
					"seconds":	10.000007629394531,
					"bytes":	57243784,
					"bits_per_second":	45794992.261193648,
					"packets":	39533,
					"omitted":	false,
					"sender":	true
				}],
			"sum":	{
				"start":	20.000088,
				"end":	30.000096,
				"seconds":	10.000007629394531,
				"bytes":	57243784,
				"bits_per_second":	45794992.261193648,
				"packets":	39533,
				"omitted":	false,
				"sender":	true
			}
		}, {
			"streams":	[{
					"socket":	6,
					"start":	30.000096,
					"end":	40.000022,
					"seconds":	9.99992561340332,
					"bytes":	53403688,
					"bits_per_second":	42723268.203852072,
					"packets":	36881,
					"omitted":	false,
					"sender":	true
				}],
			"sum":	{
				"start":	30.000096,
				"end":	40.000022,
				"seconds":	9.99992561340332,
				"bytes":	53403688,
				"bits_per_second":	42723268.203852072,
				"packets":	36881,
				"omitted":	false,
				"sender":	true
			}
		}, {
			"streams":	[{
					"socket":	6,
					"start":	40.000022,
					"end":	50.00008,
					"seconds":	10.0000581741333,
					"bytes":	51622648,
					"bits_per_second":	41297878.153173126,
					"packets":	35651,
					"omitted":	false,
					"sender":	true
				}],
			"sum":	{
				"start":	40.000022,
				"end":	50.00008,
				"seconds":	10.0000581741333,
				"bytes":	51622648,
				"bits_per_second":	41297878.153173126,
				"packets":	35651,
				"omitted":	false,
				"sender":	true
			}
		}, {
			"streams":	[{
					"socket":	6,
					"start":	50.00008,
					"end":	60.000084,
					"seconds":	10.000003814697266,
					"bytes":	7574488,
					"bits_per_second":	6059588.0884505892,
					"packets":	5231,
					"omitted":	false,
					"sender":	true
				}],
			"sum":	{
				"start":	50.00008,
				"end":	60.000084,
				"seconds":	10.000003814697266,
				"bytes":	7574488,
				"bits_per_second":	6059588.0884505892,
				"packets":	5231,
				"omitted":	false,
				"sender":	true
			}
		}, {
			"streams":	[{
					"socket":	6,
					"start":	60.000084,
					"end":	70.000204,
					"seconds":	10.000120162963867,
					"bytes":	17292016,
					"bits_per_second":	13833446.573205927,
					"packets":	11942,
					"omitted":	false,
					"sender":	true
				}],
			"sum":	{
				"start":	60.000084,
				"end":	70.000204,
				"seconds":	10.000120162963867,
				"bytes":	17292016,
				"bits_per_second":	13833446.573205927,
				"packets":	11942,
				"omitted":	false,
				"sender":	true
			}
		}, {
			"streams":	[{
					"socket":	6,
					"start":	70.000204,
					"end":	80.000081,
					"seconds":	9.9998769760131836,
					"bytes":	51571968,
					"bits_per_second":	41258081.973373279,
					"packets":	35616,
					"omitted":	false,
					"sender":	true
				}],
			"sum":	{
				"start":	70.000204,
				"end":	80.000081,
				"seconds":	9.9998769760131836,
				"bytes":	51571968,
				"bits_per_second":	41258081.973373279,
				"packets":	35616,
				"omitted":	false,
				"sender":	true
			}
		}, {
			"streams":	[{
					"socket":	6,
					"start":	80.000081,
					"end":	90.000079,
					"seconds":	9.9999980926513672,
					"bytes":	54242080,
					"bits_per_second":	43393672.276686147,
					"packets":	37460,
					"omitted":	false,
					"sender":	true
				}],
			"sum":	{
				"start":	80.000081,
				"end":	90.000079,
				"seconds":	9.9999980926513672,
				"bytes":	54242080,
				"bits_per_second":	43393672.276686147,
				"packets":	37460,
				"omitted":	false,
				"sender":	true
			}
		}, {
			"streams":	[{
					"socket":	6,
					"start":	90.000079,
					"end":	100.000444,
					"seconds":	10.000365257263184,
					"bytes":	57290120,
					"bits_per_second":	45830422.010548584,
					"packets":	39565,
					"omitted":	false,
					"sender":	true
				}],
			"sum":	{
				"start":	90.000079,
				"end":	100.000444,
				"seconds":	10.000365257263184,
				"bytes":	57290120,
				"bits_per_second":	45830422.010548584,
				"packets":	39565,
				"omitted":	false,
				"sender":	true
			}
		}, {
			"streams":	[{
					"socket":	6,
					"start":	100.000444,
					"end":	110.000032,
					"seconds":	9.9995880126953125,
					"bytes":	57505872,
					"bits_per_second":	46006593.013225339,
					"packets":	39714,
					"omitted":	false,
					"sender":	true
				}],
			"sum":	{
				"start":	100.000444,
				"end":	110.000032,
				"seconds":	9.9995880126953125,
				"bytes":	57505872,
				"bits_per_second":	46006593.013225339,
				"packets":	39714,
				"omitted":	false,
				"sender":	true
			}
		}, {
			"streams":	[{
					"socket":	6,
					"start":	110.000032,
					"end":	120.000082,
					"seconds":	10.000049591064453,
					"bytes":	57591304,
					"bits_per_second":	46072814.720007569,
					"packets":	39773,
					"omitted":	false,
					"sender":	true
				}],
			"sum":	{
				"start":	110.000032,
				"end":	120.000082,
				"seconds":	10.000049591064453,
				"bytes":	57591304,
				"bits_per_second":	46072814.720007569,
				"packets":	39773,
				"omitted":	false,
				"sender":	true
			}
		}, {
			"streams":	[{
					"socket":	6,
					"start":	120.000082,
					"end":	130.000266,
					"seconds":	10.000184059143066,
					"bytes":	50261528,
					"bits_per_second":	40208482.326119907,
					"packets":	34711,
					"omitted":	false,
					"sender":	true
				}],
			"sum":	{
				"start":	120.000082,
				"end":	130.000266,
				"seconds":	10.000184059143066,
				"bytes":	50261528,
				"bits_per_second":	40208482.326119907,
				"packets":	34711,
				"omitted":	false,
				"sender":	true
			}
		}, {
			"streams":	[{
					"socket":	6,
					"start":	130.000266,
					"end":	140.000095,
					"seconds":	9.9998292922973633,
					"bytes":	41336056,
					"bits_per_second":	33069409.320289262,
					"packets":	28547,
					"omitted":	false,
					"sender":	true
				}],
			"sum":	{
				"start":	130.000266,
				"end":	140.000095,
				"seconds":	9.9998292922973633,
				"bytes":	41336056,
				"bits_per_second":	33069409.320289262,
				"packets":	28547,
				"omitted":	false,
				"sender":	true
			}
		}, {
			"streams":	[{
					"socket":	6,
					"start":	140.000095,
					"end":	150.000087,
					"seconds":	9.9999923706054688,
					"bytes":	816672,
					"bits_per_second":	653338.09845741151,
					"packets":	564,
					"omitted":	false,
					"sender":	true
				}],