{
	"start":	{
		"connected":	[{
				"socket":	6,
				"local_host":	"10.20.15.3",
				"local_port":	50279,
				"remote_host":	"10.20.15.2",
				"remote_port":	5201
			}],
		"version":	"iperf 3.7",
		"system_info":	"Linux node2 5.8.0-1006-raspi #9-Ubuntu SMP PREEMPT Fri Oct 16 12:55:30 UTC 2020 aarch64",
		"timestamp":	{
			"time":	"Sun, 08 Aug 2021 09:42:52 GMT",
			"timesecs":	1628415772
		},
		"connecting_to":	{
			"host":	"10.20.15.2",
			"port":	5201
		},
		"cookie":	"adi2fl5myp6mfy57ughqox3przpp2g6uavuz",
		"sock_bufsize":	0,
		"sndbuf_actual":	212992,
		"rcvbuf_actual":	212992,
		"test_start":	{
			"protocol":	"UDP",
			"num_streams":	1,
			"blksize":	1448,
			"omit":	0,
			"duration":	300,
			"bytes":	0,
			"blocks":	0,
			"reverse":	0,
			"tos":	0
		}
	},
	"intervals":	[{
			"streams":	[{
					"socket":	6,
					"start":	0,
					"end":	10.000013,
					"seconds":	10.00001335144043,
					"bytes":	50241256,
					"bits_per_second":	40192951.136620723,
					"packets":	34697,
					"omitted":	false,
					"sender":	true
				}],
			"sum":	{
				"start":	0,
				"end":	10.000013,
				"seconds":	10.00001335144043,
				"bytes":	50241256,
				"bits_per_second":	40192951.136620723,
				"packets":	34697,
				"omitted":	false,
				"sender":	true
			}
		}, {
			"streams":	[{
					"socket":	6,
					"start":	10.000013,
					"end":	20.000091,
					"seconds":	10.000078201293945,
					"bytes":	48730992,
					"bits_per_second":	38984488.7362537,
					"packets":	33654,
					"omitted":	false,
					"sender":	true
				}],
			"sum":	{
				"start":	10.000013,
				"end":	20.000091,
				"seconds":	10.000078201293945,
				"bytes":	48730992,
				"bits_per_second":	38984488.7362537,
				"packets":	33654,
				"omitted":	false,
				"sender":	true
			}
		}, {
			"streams":	[{
					"socket":	6,
					"start":	20.000091,
					"end":	30.000132,
					"seconds":	10.000041007995605,
					"bytes":	864456,
					"bits_per_second":	691561.96404300176,
					"packets":	597,
					"omitted":	false,
					"sender":	true
				}],
			"sum":	{
				"start":	20.000091,
				"end":	30.000132,
				"seconds":	10.000041007995605,
				"bytes":	864456,
				"bits_per_second":	691561.96404300176,
				"packets":	597,
				"omitted":	false,
				"sender":	true
			}
		}, {
			"streams":	[{
					"socket":	6,
					"start":	30.000132,
					"end":	40.000082,
					"seconds":	9.9999504089355469,
					"bytes":	32769688,
					"bits_per_second":	26215880.4073415,
					"packets":	22631,
					"omitted":	false,
					"sender":	true
				}],
			"sum":	{
				"start":	30.000132,
				"end":	40.000082,
				"seconds":	9.9999504089355469,
				"bytes":	32769688,
				"bits_per_second":	26215880.4073415,
				"packets":	22631,
				"omitted":	false,
				"sender":	true
			}
		}, {
			"streams":	[{
					"socket":	6,
					"start":	40.000082,
					"end":	50.000042,
					"seconds":	9.9999599456787109,
					"bytes":	56428560,
					"bits_per_second":	45143028.81733802,
					"packets":	38970,
					"omitted":	false,
					"sender":	true
				}],
			"sum":	{
				"start":	40.000082,
				"end":	50.000042,
				"seconds":	9.9999599456787109,
				"bytes":	56428560,
				"bits_per_second":	45143028.81733802,
				"packets":	38970,
				"omitted":	false,
				"sender":	true
			}
		}, {
			"streams":	[{
					"socket":	6,
					"start":	50.000042,
					"end":	60.000089,
					"seconds":	10.000046730041504,
					"bytes":	22051592,
					"bits_per_second":	17641191.162640478,
					"packets":	15229,
					"omitted":	false,
					"sender":	true
				}],
			"sum":	{
				"start":	50.000042,
				"end":	60.000089,
				"seconds":	10.000046730041504,
				"bytes":	22051592,
				"bits_per_second":	17641191.162640478,
				"packets":	15229,
				"omitted":	false,
				"sender":	true
			}
		}, {
			"streams":	[{
					"socket":	6,
					"start":	60.000089,
					"end":	70.000098,
					"seconds":	10.000008583068848,
					"bytes":	1731808,
					"bits_per_second":	1385445.210862837,
					"packets":	1196,
					"omitted":	false,
					"sender":	true
				}],
			"sum":	{
				"start":	60.000089,
				"end":	70.000098,
				"seconds":	10.000008583068848,
				"bytes":	1731808,
				"bits_per_second":	1385445.210862837,
				"packets":	1196,
				"omitted":	false,
				"sender":	true
			}
		}, {
			"streams":	[{
					"socket":	6,
					"start":	70.000098,
					"end":	80.000019,
					"seconds":	9.9999208450317383,
					"bytes":	55342560,
					"bits_per_second":	44274398.453860439,
					"packets":	38220,
					"omitted":	false,
					"sender":	true
				}],
			"sum":	{
				"start":	70.000098,
				"end":	80.000019,
				"seconds":	9.9999208450317383,
				"bytes":	55342560,
				"bits_per_second":	44274398.453860439,
				"packets":	38220,
				"omitted":	false,
				"sender":	true
			}
		}, {
			"streams":	[{
					"socket":	6,
					"start":	80.000019,
					"end":	90.000084,
					"seconds":	10.000064849853516,
					"bytes":	46970224,
					"bits_per_second":	37575935.520608574,
					"packets":	32438,
					"omitted":	false,
					"sender":	true
				}],
			"sum":	{
				"start":	80.000019,
				"end":	90.000084,
				"seconds":	10.000064849853516,
				"bytes":	46970224,
				"bits_per_second":	37575935.520608574,
				"packets":	32438,
				"omitted":	false,
				"sender":	true
			}
		}, {
			"streams":	[{
					"socket":	6,
					"start":	90.000084,
					"end":	100.000095,
					"seconds":	10.000011444091797,
					"bytes":	779024,
					"bits_per_second":	623218.48678304278,
					"packets":	538,
					"omitted":	false,
					"sender":	true
				}],
			"sum":	{
				"start":	90.000084,
				"end":	100.000095,
				"seconds":	10.000011444091797,
				"bytes":	779024,
				"bits_per_second":	623218.48678304278,
				"packets":	538,
				"omitted":	false,
				"sender":	true
			}
		}, {
			"streams":	[{
					"socket":	6,
					"start":	100.000095,
					"end":	110.000089,
					"seconds":	9.9999942779541016,
					"bytes":	32228136,
					"bits_per_second":	25782523.552878316,
					"packets":	22257,
					"omitted":	false,
					"sender":	true
				}],
			"sum":	{
				"start":	100.000095,
				"end":	110.000089,
				"seconds":	9.9999942779541016,
				"bytes":	32228136,
				"bits_per_second":	25782523.552878316,
				"packets":	22257,
				"omitted":	false,
				"sender":	true
			}
		}, {
			"streams":	[{
					"socket":	6,
					"start":	110.000089,
					"end":	120.000163,
					"seconds":	10.00007438659668,
					"bytes":	52135240,
					"bits_per_second":	41707881.7492622,
					"packets":	36005,
					"omitted":	false,
					"sender":	true
				}],
			"sum":	{
				"start":	110.000089,
				"end":	120.000163,
				"seconds":	10.00007438659668,
				"bytes":	52135240,
				"bits_per_second":	41707881.7492622,
				"packets":	36005,
				"omitted":	false,
				"sender":	true
			}
		}, {
			"streams":	[{
					"socket":	6,
					"start":	120.000163,
					"end":	130.000095,
					"seconds":	9.9999322891235352,
					"bytes":	16352264,
					"bits_per_second":	13081899.778689984,
					"packets":	11293,
					"omitted":	false,
					"sender":	true
				}],
			"sum":	{
				"start":	120.000163,
				"end":	130.000095,
				"seconds":	9.9999322891235352,
				"bytes":	16352264,
				"bits_per_second":	13081899.778689984,
				"packets":	11293,
				"omitted":	false,
				"sender":	true
			}
		}, {
			"streams":	[{
					"socket":	6,
					"start":	130.000095,
					"end":	140.000084,
					"seconds":	9.9999885559082031,
					"bytes":	7053208,
					"bits_per_second":	5642572.8574121753,
					"packets":	4871,
					"omitted":	false,
					"sender":	true
				}],
			"sum":	{
				"start":	130.000095,
				"end":	140.000084,
				"seconds":	9.9999885559082031,
				"bytes":	7053208,
				"bits_per_second":	5642572.8574121753,
				"packets":	4871,
				"omitted":	false,
				"sender":	true
			}
		}, {
			"streams":	[{
					"socket":	6,
					"start":	140.000084,
					"end":	150.000114,
					"seconds":	10.000029563903809,
					"bytes":	1420488,
					"bits_per_second":	1136387.0403962848,
					"packets":	981,
					"omitted":	false,
					"sender":	true
				}],
			"sum":	{
				"start":	140.000084,
				"end":	150.000114,