{
	"start":	{
		"connected":	[{
				"socket":	6,
				"local_host":	"10.20.15.3",
				"local_port":	46115,
				"remote_host":	"10.20.15.2",
				"remote_port":	5201
			}],
		"version":	"iperf 3.7",
		"system_info":	"Linux node2 5.8.0-1006-raspi #9-Ubuntu SMP PREEMPT Fri Oct 16 12:55:30 UTC 2020 aarch64",
		"timestamp":	{
			"time":	"Sun, 08 Aug 2021 08:22:59 GMT",
			"timesecs":	1628410979
		},
		"connecting_to":	{
			"host":	"10.20.15.2",
			"port":	5201
		},
		"cookie":	"qfnbw5lffeizpi33pibll22sqzsqbuvpahar",
		"sock_bufsize":	0,
		"sndbuf_actual":	212992,
		"rcvbuf_actual":	212992,
		"test_start":	{
			"protocol":	"UDP",
			"num_streams":	1,
			"blksize":	1448,
			"omit":	0,
			"duration":	300,
			"bytes":	0,
			"blocks":	0,
			"reverse":	0,
			"tos":	0
		}
	},
	"intervals":	[{
			"streams":	[{
					"socket":	6,
					"start":	0,
					"end":	10.000096,
					"seconds":	10.000096321105957,
					"bytes":	12656968,
					"bits_per_second":	10125476.870286951,
					"packets":	8741,
					"omitted":	false,
					"sender":	true
				}],
			"sum":	{
				"start":	0,
				"end":	10.000096,
				"seconds":	10.000096321105957,
				"bytes":	12656968,
				"bits_per_second":	10125476.870286951,
				"packets":	8741,
				"omitted":	false,
				"sender":	true
			}
		}, {
			"streams":	[{
					"socket":	6,
					"start":	10.000096,
					"end":	20.000093,
					"seconds":	9.99999713897705,
					"bytes":	16492720,
					"bits_per_second":	13194179.774885112,
					"packets":	11390,
					"omitted":	false,
					"sender":	true
				}],
			"sum":	{
				"start":	10.000096,
				"end":	20.000093,
				"seconds":	9.99999713897705,
				"bytes":	16492720,
				"bits_per_second":	13194179.774885112,
				"packets":	11390,
				"omitted":	false,
				"sender":	true
			}
		}, {
			"streams":	[{
					"socket":	6,
					"start":	20.000093,
					"end":	30.00004,
					"seconds":	9.9999465942382812,
					"bytes":	52516064,
					"bits_per_second":	42013075.574030317,
					"packets":	36268,
					"omitted":	false,
					"sender":	true
				}],
			"sum":	{
				"start":	20.000093,
				"end":	30.00004,
				"seconds":	9.9999465942382812,
				"bytes":	52516064,
				"bits_per_second":	42013075.574030317,
				"packets":	36268,
				"omitted":	false,
				"sender":	true
			}
		}, {
			"streams":	[{
					"socket":	6,
					"start":	30.00004,
					"end":	40.000085,
					"seconds":	10.000044822692871,
					"bytes":	49130640,
					"bits_per_second":	39304335.827382669,
					"packets":	33930,
					"omitted":	false,
					"sender":	true
				}],
			"sum":	{
				"start":	30.00004,
				"end":	40.000085,
				"seconds":	10.000044822692871,
				"bytes":	49130640,
				"bits_per_second":	39304335.827382669,
				"packets":	33930,
				"omitted":	false,
				"sender":	true
			}
		}, {
			"streams":	[{
					"socket":	6,
					"start":	40.000085,
					"end":	50.000088,
					"seconds":	10.000002861022949,
					"bytes":	19691352,
					"bits_per_second":	15753077.093008492,
					"packets":	13599,
					"omitted":	false,
					"sender":	true
				}],
			"sum":	{
				"start":	40.000085,
				"end":	50.000088,
				"seconds":	10.000002861022949,
				"bytes":	19691352,
				"bits_per_second":	15753077.093008492,
				"packets":	13599,
				"omitted":	false,
				"sender":	true
			}
		}, {
			"streams":	[{
					"socket":	6,
					"start":	50.000088,
					"end":	60.000106,
					"seconds":	10.000018119812012,
					"bytes":	10906336,
					"bits_per_second":	8725052.990368003,
					"packets":	7532,
					"omitted":	false,
					"sender":	true
				}],
			"sum":	{
				"start":	50.000088,
				"end":	60.000106,
				"seconds":	10.000018119812012,
				"bytes":	10906336,
				"bits_per_second":	8725052.990368003,
				"packets":	7532,
				"omitted":	false,
				"sender":	true
			}
		}, {
			"streams":	[{
					"socket":	6,
					"start":	60.000106,
					"end":	70.000085,
					"seconds":	9.9999790191650391,
					"bytes":	20132992,
					"bits_per_second":	16106427.392629493,
					"packets":	13904,
					"omitted":	false,
					"sender":	true
				}],
			"sum":	{
				"start":	60.000106,
				"end":	70.000085,
				"seconds":	9.9999790191650391,
				"bytes":	20132992,
				"bits_per_second":	16106427.392629493,
				"packets":	13904,
				"omitted":	false,
				"sender":	true
			}
		}, {
			"streams":	[{
					"socket":	6,
					"start":	70.000085,
					"end":	80.000049,
					"seconds":	9.9999637603759766,
					"bytes":	52152616,
					"bits_per_second":	41722243.9998436,
					"packets":	36017,
					"omitted":	false,
					"sender":	true
				}],
			"sum":	{
				"start":	70.000085,
				"end":	80.000049,
				"seconds":	9.9999637603759766,
				"bytes":	52152616,
				"bits_per_second":	41722243.9998436,
				"packets":	36017,
				"omitted":	false,
				"sender":	true
			}
		}, {
			"streams":	[{
					"socket":	6,
					"start":	80.000049,
					"end":	90.00011,
					"seconds":	10.00006103515625,
					"bytes":	46894928,
					"bits_per_second":	37515713.422256947,
					"packets":	32386,
					"omitted":	false,
					"sender":	true
				}],
			"sum":	{
				"start":	80.000049,
				"end":	90.00011,
				"seconds":	10.00006103515625,
				"bytes":	46894928,
				"bits_per_second":	37515713.422256947,
				"packets":	32386,
				"omitted":	false,
				"sender":	true
			}
		}, {
			"streams":	[{
					"socket":	6,
					"start":	90.00011,
					"end":	100.000511,
					"seconds":	10.000400543212891,
					"bytes":	15670256,
					"bits_per_second":	12535702.690936834,
					"packets":	10822,
					"omitted":	false,
					"sender":	true
				}],
			"sum":	{
				"start":	90.00011,
				"end":	100.000511,
				"seconds":	10.000400543212891,
				"bytes":	15670256,
				"bits_per_second":	12535702.690936834,
				"packets":	10822,
				"omitted":	false,
				"sender":	true
			}
		}, {
			"streams":	[{
					"socket":	6,
					"start":	100.000511,
					"end":	110.00003,
					"seconds":	9.9995193481445312,
					"bytes":	32362800,
					"bits_per_second":	25891484.479005568,
					"packets":	22350,
					"omitted":	false,
					"sender":	true
				}],
			"sum":	{
				"start":	100.000511,
				"end":	110.00003,
				"seconds":	9.9995193481445312,
				"bytes":	32362800,
				"bits_per_second":	25891484.479005568,
				"packets":	22350,
				"omitted":	false,
				"sender":	true
			}
		}, {
			"streams":	[{
					"socket":	6,
					"start":	110.00003,
					"end":	120.000082,
					"seconds":	10.000052452087402,
					"bytes":	50680000,
					"bits_per_second":	40543787.339372285,
					"packets":	35000,
					"omitted":	false,
					"sender":	true
				}],
			"sum":	{
				"start":	110.00003,
				"end":	120.000082,
				"seconds":	10.000052452087402,
				"bytes":	50680000,
				"bits_per_second":	40543787.339372285,
				"packets":	35000,
				"omitted":	false,
				"sender":	true
			}
		}, {
			"streams":	[{
					"socket":	6,
					"start":	120.000082,
					"end":	130.000102,
					"seconds":	10.000020027160645,
					"bytes":	47018008,
					"bits_per_second":	37614331.069174916,
					"packets":	32471,
					"omitted":	false,
					"sender":	true
				}],
			"sum":	{
				"start":	120.000082,
				"end":	130.000102,
				"seconds":	10.000020027160645,
				"bytes":	47018008,
				"bits_per_second":	37614331.069174916,
				"packets":	32471,
				"omitted":	false,
				"sender":	true
			}
		}, {
			"streams":	[{
					"socket":	6,
					"start":	130.000102,
					"end":	140.000087,
					"seconds":	9.9999847412109375,
					"bytes":	1468272,
					"bits_per_second":	1174619.3923269536,
					"packets":	1014,
					"omitted":	false,
					"sender":	true
				}],
			"sum":	{
				"start":	130.000102,
				"end":	140.000087,
				"seconds":	9.9999847412109375,
				"bytes":	1468272,
				"bits_per_second":	1174619.3923269536,
				"packets":	1014,
				"omitted":	false,
				"sender":	true
			}
		}, {
			"streams":	[{
					"socket":	6,
					"start":	140.000087,
					"end":	150.000087,
					"seconds":	10,
					"bytes":	8880584,
					"bits_per_second":	7104467.2,
					"packets":	6133,
					"omitted":	false,
					"sender":	true
				}],
			"sum":	{
				"start":	140.000087,
				"end":	150.000087,