{
	"start":	{
		"connected":	[{
				"socket":	6,
				"local_host":	"10.20.15.3",
				"local_port":	60190,
				"remote_host":	"10.20.15.2",
				"remote_port":	5201
			}],
		"version":	"iperf 3.7",
		"system_info":	"Linux node2 5.8.0-1006-raspi #9-Ubuntu SMP PREEMPT Fri Oct 16 12:55:30 UTC 2020 aarch64",
		"timestamp":	{
			"time":	"Sun, 08 Aug 2021 08:38:04 GMT",
			"timesecs":	1628411884
		},
		"connecting_to":	{
			"host":	"10.20.15.2",
			"port":	5201
		},
		"cookie":	"3ubelspozj73xw3vcwwrtrq2m74f3ae72ulq",
		"sock_bufsize":	0,
		"sndbuf_actual":	212992,
		"rcvbuf_actual":	212992,
		"test_start":	{
			"protocol":	"UDP",
			"num_streams":	1,
			"blksize":	1448,
			"omit":	0,
			"duration":	300,
			"bytes":	0,
			"blocks":	0,
			"reverse":	0,
			"tos":	0
		}
	},
	"intervals":	[{
			"streams":	[{
					"socket":	6,
					"start":	0,
					"end":	10.000083,
					"seconds":	10.000082969665527,
					"bytes":	50552576,
					"bits_per_second":	40441725.256358214,
					"packets":	34912,
					"omitted":	false,
					"sender":	true
				}],
			"sum":	{
				"start":	0,
				"end":	10.000083,
				"seconds":	10.000082969665527,
				"bytes":	50552576,
				"bits_per_second":	40441725.256358214,
				"packets":	34912,
				"omitted":	false,
				"sender":	true
			}
		}, {
			"streams":	[{
					"socket":	6,
					"start":	10.000083,
					"end":	20.0001,
					"seconds":	10.000017166137695,
					"bytes":	14718920,
					"bits_per_second":	11775115.786674103,
					"packets":	10165,
					"omitted":	false,
					"sender":	true
				}],
			"sum":	{
				"start":	10.000083,
				"end":	20.0001,
				"seconds":	10.000017166137695,
				"bytes":	14718920,
				"bits_per_second":	11775115.786674103,
				"packets":	10165,
				"omitted":	false,
				"sender":	true
			}
		}, {
			"streams":	[{
					"socket":	6,
					"start":	20.0001,
					"end":	30.000105,
					"seconds":	10.000004768371582,
					"bytes":	9196248,
					"bits_per_second":	7356994.8919114629,
					"packets":	6351,
					"omitted":	false,
					"sender":	true
				}],
			"sum":	{
				"start":	20.0001,
				"end":	30.000105,
				"seconds":	10.000004768371582,
				"bytes":	9196248,
				"bits_per_second":	7356994.8919114629,
				"packets":	6351,
				"omitted":	false,
				"sender":	true
			}
		}, {
			"streams":	[{
					"socket":	6,
					"start":	30.000105,
					"end":	40.000085,
					"seconds":	9.9999799728393555,
					"bytes":	25293664,
					"bits_per_second":	20234971.724902939,
					"packets":	17468,
					"omitted":	false,
					"sender":	true
				}],
			"sum":	{
				"start":	30.000105,
				"end":	40.000085,
				"seconds":	9.9999799728393555,
				"bytes":	25293664,
				"bits_per_second":	20234971.724902939,
				"packets":	17468,
				"omitted":	false,
				"sender":	true
			}
		}, {
			"streams":	[{
					"socket":	6,
					"start":	40.000085,
					"end":	50.000582,
					"seconds":	10.000496864318848,
					"bytes":	53742520,
					"bits_per_second":	42991879.8868884,
					"packets":	37115,
					"omitted":	false,
					"sender":	true
				}],
			"sum":	{
				"start":	40.000085,
				"end":	50.000582,
				"seconds":	10.000496864318848,
				"bytes":	53742520,
				"bits_per_second":	42991879.8868884,
				"packets":	37115,
				"omitted":	false,
				"sender":	true
			}
		}, {
			"streams":	[{
					"socket":	6,
					"start":	50.000582,
					"end":	60.000118,
					"seconds":	9.99953556060791,
					"bytes":	50721992,
					"bits_per_second":	40579478.270821944,
					"packets":	35029,
					"omitted":	false,
					"sender":	true
				}],
			"sum":	{
				"start":	50.000582,
				"end":	60.000118,
				"seconds":	9.99953556060791,
				"bytes":	50721992,
				"bits_per_second":	40579478.270821944,
				"packets":	35029,
				"omitted":	false,
				"sender":	true
			}
		}, {
			"streams":	[{
					"socket":	6,
					"start":	60.000118,
					"end":	70.000094,
					"seconds":	9.99997615814209,
					"bytes":	10957016,
					"bits_per_second":	8765633.6988993138,
					"packets":	7567,
					"omitted":	false,
					"sender":	true
				}],
			"sum":	{
				"start":	60.000118,
				"end":	70.000094,
				"seconds":	9.99997615814209,
				"bytes":	10957016,
				"bits_per_second":	8765633.6988993138,
				"packets":	7567,
				"omitted":	false,
				"sender":	true
			}
		}, {
			"streams":	[{
					"socket":	6,
					"start":	70.000094,
					"end":	80.000091,
					"seconds":	9.99999713897705,
					"bytes":	11550696,
					"bits_per_second":	9240559.4437452629,
					"packets":	7977,
					"omitted":	false,
					"sender":	true
				}],
			"sum":	{
				"start":	70.000094,
				"end":	80.000091,
				"seconds":	9.99999713897705,
				"bytes":	11550696,
				"bits_per_second":	9240559.4437452629,
				"packets":	7977,
				"omitted":	false,
				"sender":	true
			}
		}, {
			"streams":	[{
					"socket":	6,
					"start":	80.000091,
					"end":	90.000088,
					"seconds":	9.99999713897705,
					"bytes":	27132624,
					"bits_per_second":	21706105.410166573,
					"packets":	18738,
					"omitted":	false,
					"sender":	true
				}],
			"sum":	{
				"start":	80.000091,
				"end":	90.000088,
				"seconds":	9.99999713897705,
				"bytes":	27132624,
				"bits_per_second":	21706105.410166573,
				"packets":	18738,
				"omitted":	false,
				"sender":	true
			}
		}, {
			"streams":	[{
					"socket":	6,
					"start":	90.000088,
					"end":	100.000015,
					"seconds":	9.9999265670776367,
					"bytes":	53791752,
					"bits_per_second":	43033717.609164417,
					"packets":	37149,
					"omitted":	false,
					"sender":	true
				}],
			"sum":	{
				"start":	90.000088,
				"end":	100.000015,
				"seconds":	9.9999265670776367,
				"bytes":	53791752,
				"bits_per_second":	43033717.609164417,
				"packets":	37149,
				"omitted":	false,
				"sender":	true
			}
		}, {
			"streams":	[{
					"socket":	6,
					"start":	100.000015,
					"end":	110.000078,
					"seconds":	10.000062942504883,
					"bytes":	53079336,
					"bits_per_second":	42463201.525973059,
					"packets":	36657,
					"omitted":	false,
					"sender":	true
				}],
			"sum":	{
				"start":	100.000015,
				"end":	110.000078,
				"seconds":	10.000062942504883,
				"bytes":	53079336,
				"bits_per_second":	42463201.525973059,
				"packets":	36657,
				"omitted":	false,
				"sender":	true
			}
		}, {
			"streams":	[{
					"socket":	6,
					"start":	110.000078,
					"end":	120.000087,
					"seconds":	10.000008583068848,
					"bytes":	7090856,
					"bits_per_second":	5672679.93109976,
					"packets":	4897,
					"omitted":	false,
					"sender":	true
				}],
			"sum":	{
				"start":	110.000078,
				"end":	120.000087,
				"seconds":	10.000008583068848,
				"bytes":	7090856,
				"bits_per_second":	5672679.93109976,
				"packets":	4897,
				"omitted":	false,
				"sender":	true
			}
		}, {
			"streams":	[{
					"socket":	6,
					"start":	120.000087,
					"end":	130.000103,
					"seconds":	10.000016212463379,
					"bytes":	46770400,
					"bits_per_second":	37416259.33902657,
					"packets":	32300,
					"omitted":	false,
					"sender":	true
				}],
			"sum":	{
				"start":	120.000087,
				"end":	130.000103,
				"seconds":	10.000016212463379,
				"bytes":	46770400,
				"bits_per_second":	37416259.33902657,
				"packets":	32300,
				"omitted":	false,
				"sender":	true
			}
		}, {
			"streams":	[{
					"socket":	6,
					"start":	130.000103,
					"end":	140.000084,
					"seconds":	9.9999809265136719,
					"bytes":	52783944,
					"bits_per_second":	42227235.742060363,
					"packets":	36453,
					"omitted":	false,
					"sender":	true
				}],
			"sum":	{
				"start":	130.000103,
				"end":	140.000084,
				"seconds":	9.9999809265136719,
				"bytes":	52783944,
				"bits_per_second":	42227235.742060363,
				"packets":	36453,
				"omitted":	false,
				"sender":	true
			}
		}, {
			"streams":	[{
					"socket":	6,
					"start":	140.000084,
					"end":	150.000088,
					"seconds":	10.000003814697266,
					"bytes":	39941632,
					"bits_per_second":	31953293.4107859,
					"packets":	27584,
					"omitted":	false,
					"sender":	true
				}],
			"sum":	{
				"start":	140.000084,
				"end":	150.000088,