{
	"start":	{
		"connected":	[{
				"socket":	6,
				"local_host":	"10.20.15.3",
				"local_port":	32868,
				"remote_host":	"10.20.15.2",
				"remote_port":	5201
			}],
		"version":	"iperf 3.7",
		"system_info":	"Linux node2 5.8.0-1006-raspi #9-Ubuntu SMP PREEMPT Fri Oct 16 12:55:30 UTC 2020 aarch64",
		"timestamp":	{
			"time":	"Sun, 08 Aug 2021 13:14:23 GMT",
			"timesecs":	1628428463
		},
		"connecting_to":	{
			"host":	"10.20.15.2",
			"port":	5201
		},
		"cookie":	"ukyymbonv7cf2rphikzaxlim5mn3ua32m52b",
		"sock_bufsize":	0,
		"sndbuf_actual":	212992,
		"rcvbuf_actual":	212992,
		"test_start":	{
			"protocol":	"UDP",
			"num_streams":	1,
			"blksize":	1448,
			"omit":	0,
			"duration":	300,
			"bytes":	0,
			"blocks":	0,
			"reverse":	0,
			"tos":	0
		}
	},
	"intervals":	[{
			"streams":	[{
					"socket":	6,
					"start":	0,
					"end":	10.000087,
					"seconds":	10.000086784362793,
					"bytes":	42710208,
					"bits_per_second":	34167869.876318477,
					"packets":	29496,
					"omitted":	false,
					"sender":	true
				}],
			"sum":	{
				"start":	0,
				"end":	10.000087,
				"seconds":	10.000086784362793,
				"bytes":	42710208,
				"bits_per_second":	34167869.876318477,
				"packets":	29496,
				"omitted":	false,
				"sender":	true
			}
		}, {
			"streams":	[{
					"socket":	6,
					"start":	10.000087,
					"end":	20.000084,
					"seconds":	9.99999713897705,
					"bytes":	4869624,
					"bits_per_second":	3895700.3145688004,
					"packets":	3363,
					"omitted":	false,
					"sender":	true
				}],
			"sum":	{
				"start":	10.000087,
				"end":	20.000084,
				"seconds":	9.99999713897705,
				"bytes":	4869624,
				"bits_per_second":	3895700.3145688004,
				"packets":	3363,
				"omitted":	false,
				"sender":	true
			}
		}, {
			"streams":	[{
					"socket":	6,
					"start":	20.000084,
					"end":	30.00008,
					"seconds":	9.9999961853027344,
					"bytes":	24355360,
					"bits_per_second":	19484295.43266885,
					"packets":	16820,
					"omitted":	false,
					"sender":	true
				}],
			"sum":	{
				"start":	20.000084,
				"end":	30.00008,
				"seconds":	9.9999961853027344,
				"bytes":	24355360,
				"bits_per_second":	19484295.43266885,
				"packets":	16820,
				"omitted":	false,
				"sender":	true
			}
		}, {
			"streams":	[{
					"socket":	6,
					"start":	30.00008,
					"end":	40.000039,
					"seconds":	9.9999589920043945,
					"bytes":	25917752,
					"bits_per_second":	20734286.62715349,
					"packets":	17899,
					"omitted":	false,
					"sender":	true
				}],
			"sum":	{
				"start":	30.00008,
				"end":	40.000039,
				"seconds":	9.9999589920043945,
				"bytes":	25917752,
				"bits_per_second":	20734286.62715349,
				"packets":	17899,
				"omitted":	false,
				"sender":	true
			}
		}, {
			"streams":	[{
					"socket":	6,
					"start":	40.000039,
					"end":	50.000083,
					"seconds":	10.000043869018555,
					"bytes":	51868808,
					"bits_per_second":	41494864.366102517,
					"packets":	35821,
					"omitted":	false,
					"sender":	true
				}],
			"sum":	{
				"start":	40.000039,
				"end":	50.000083,
				"seconds":	10.000043869018555,
				"bytes":	51868808,
				"bits_per_second":	41494864.366102517,
				"packets":	35821,
				"omitted":	false,
				"sender":	true
			}
		}, {
			"streams":	[{
					"socket":	6,
					"start":	50.000083,
					"end":	60.000087,
					"seconds":	10.000003814697266,
					"bytes":	12034328,
					"bits_per_second":	9627458.727415951,
					"packets":	8311,
					"omitted":	false,
					"sender":	true
				}],
			"sum":	{
				"start":	50.000083,
				"end":	60.000087,
				"seconds":	10.000003814697266,
				"bytes":	12034328,
				"bits_per_second":	9627458.727415951,
				"packets":	8311,
				"omitted":	false,
				"sender":	true
			}
		}, {
			"streams":	[{
					"socket":	6,
					"start":	60.000087,
					"end":	70.000082,
					"seconds":	9.999995231628418,
					"bytes":	9126744,
					"bits_per_second":	7301398.6815781984,
					"packets":	6303,
					"omitted":	false,
					"sender":	true
				}],
			"sum":	{
				"start":	60.000087,
				"end":	70.000082,
				"seconds":	9.999995231628418,
				"bytes":	9126744,
				"bits_per_second":	7301398.6815781984,
				"packets":	6303,
				"omitted":	false,
				"sender":	true
			}
		}, {
			"streams":	[{
					"socket":	6,
					"start":	70.000082,
					"end":	80.000088,
					"seconds":	10.000005722045898,
					"bytes":	30329808,
					"bits_per_second":	24263832.516123667,
					"packets":	20946,
					"omitted":	false,
					"sender":	true
				}],
			"sum":	{
				"start":	70.000082,
				"end":	80.000088,
				"seconds":	10.000005722045898,
				"bytes":	30329808,
				"bits_per_second":	24263832.516123667,
				"packets":	20946,
				"omitted":	false,
				"sender":	true
			}
		}, {
			"streams":	[{
					"socket":	6,
					"start":	80.000088,
					"end":	90.000102,
					"seconds":	10.000014305114746,
					"bytes":	24401696,
					"bits_per_second":	19521328.874515045,
					"packets":	16852,
					"omitted":	false,
					"sender":	true
				}],
			"sum":	{
				"start":	80.000088,
				"end":	90.000102,
				"seconds":	10.000014305114746,
				"bytes":	24401696,
				"bits_per_second":	19521328.874515045,
				"packets":	16852,
				"omitted":	false,
				"sender":	true
			}
		}, {
			"streams":	[{
					"socket":	6,
					"start":	90.000102,
					"end":	100.00008,
					"seconds":	9.9999780654907227,
					"bytes":	50415016,
					"bits_per_second":	40332101.266484939,
					"packets":	34817,
					"omitted":	false,
					"sender":	true
				}],
			"sum":	{
				"start":	90.000102,
				"end":	100.00008,
				"seconds":	9.9999780654907227,
				"bytes":	50415016,
				"bits_per_second":	40332101.266484939,
				"packets":	34817,
				"omitted":	false,
				"sender":	true
			}
		}, {
			"streams":	[{
					"socket":	6,
					"start":	100.00008,
					"end":	110.00001,
					"seconds":	9.9999303817749023,
					"bytes":	52472624,
					"bits_per_second":	41978391.446110494,
					"packets":	36238,
					"omitted":	false,
					"sender":	true
				}],
			"sum":	{
				"start":	100.00008,
				"end":	110.00001,
				"seconds":	9.9999303817749023,
				"bytes":	52472624,
				"bits_per_second":	41978391.446110494,
				"packets":	36238,
				"omitted":	false,
				"sender":	true
			}
		}, {
			"streams":	[{
					"socket":	6,
					"start":	110.00001,
					"end":	120.000086,
					"seconds":	10.000076293945312,
					"bytes":	44175584,
					"bits_per_second":	35340197.575689882,
					"packets":	30508,
					"omitted":	false,
					"sender":	true
				}],
			"sum":	{
				"start":	110.00001,
				"end":	120.000086,
				"seconds":	10.000076293945312,
				"bytes":	44175584,
				"bits_per_second":	35340197.575689882,
				"packets":	30508,
				"omitted":	false,
				"sender":	true
			}
		}, {
			"streams":	[{
					"socket":	6,
					"start":	120.000086,
					"end":	130.000081,
					"seconds":	9.999995231628418,
					"bytes":	8711168,
					"bits_per_second":	6968937.72304846,
					"packets":	6016,
					"omitted":	false,
					"sender":	true
				}],
			"sum":	{
				"start":	120.000086,
				"end":	130.000081,
				"seconds":	9.999995231628418,
				"bytes":	8711168,
				"bits_per_second":	6968937.72304846,
				"packets":	6016,
				"omitted":	false,
				"sender":	true
			}
		}, {
			"streams":	[{
					"socket":	6,
					"start":	130.000081,
					"end":	140.00012,
					"seconds":	10.000039100646973,
					"bytes":	6214816,
					"bits_per_second":	4971833.3598098988,
					"packets":	4292,
					"omitted":	false,
					"sender":	true
				}],
			"sum":	{
				"start":	130.000081,
				"end":	140.00012,
				"seconds":	10.000039100646973,
				"bytes":	6214816,
				"bits_per_second":	4971833.3598098988,
				"packets":	4292,
				"omitted":	false,
				"sender":	true
			}
		}, {
			"streams":	[{
					"socket":	6,
					"start":	140.00012,
					"end":	150.000095,
					"seconds":	9.9999752044677734,
					"bytes":	43402352,
					"bits_per_second":	34721967.6949669,
					"packets":	29974,
					"omitted":	false,
					"sender":	true
				}],
			"sum":	{
				"start":	140.00012,
				"end":	150.000095,