{
	"start":	{
		"connected":	[{
				"socket":	6,
				"local_host":	"10.20.15.3",
				"local_port":	37484,
				"remote_host":	"10.20.15.2",
				"remote_port":	5201
			}],
		"version":	"iperf 3.7",
		"system_info":	"Linux node2 5.8.0-1006-raspi #9-Ubuntu SMP PREEMPT Fri Oct 16 12:55:30 UTC 2020 aarch64",
		"timestamp":	{
			"time":	"Sun, 08 Aug 2021 12:50:27 GMT",
			"timesecs":	1628427027
		},
		"connecting_to":	{
			"host":	"10.20.15.2",
			"port":	5201
		},
		"cookie":	"hdcibmmunubbl3e7grrjvinn7mauq5synhaf",
		"sock_bufsize":	0,
		"sndbuf_actual":	212992,
		"rcvbuf_actual":	212992,
		"test_start":	{
			"protocol":	"UDP",
			"num_streams":	1,
			"blksize":	1448,
			"omit":	0,
			"duration":	300,
			"bytes":	0,
			"blocks":	0,
			"reverse":	0,
			"tos":	0
		}
	},
	"intervals":	[{
			"streams":	[{
					"socket":	6,
					"start":	0,
					"end":	10.000072,
					"seconds":	10.00007152557373,
					"bytes":	37458312,
					"bits_per_second":	29966435.263352513,
					"packets":	25869,
					"omitted":	false,
					"sender":	true
				}],
			"sum":	{
				"start":	0,
				"end":	10.000072,
				"seconds":	10.00007152557373,
				"bytes":	37458312,
				"bits_per_second":	29966435.263352513,
				"packets":	25869,
				"omitted":	false,
				"sender":	true
			}
		}, {
			"streams":	[{
					"socket":	6,
					"start":	10.000072,
					"end":	20.000092,
					"seconds":	10.000020027160645,
					"bytes":	32330944,
					"bits_per_second":	25864703.400342997,
					"packets":	22328,
					"omitted":	false,
					"sender":	true
				}],
			"sum":	{
				"start":	10.000072,
				"end":	20.000092,
				"seconds":	10.000020027160645,
				"bytes":	32330944,
				"bits_per_second":	25864703.400342997,
				"packets":	22328,
				"omitted":	false,
				"sender":	true
			}
		}, {
			"streams":	[{
					"socket":	6,
					"start":	20.000092,
					"end":	30.00008,
					"seconds":	9.9999876022338867,
					"bytes":	45856712,
					"bits_per_second":	36685415.081719592,
					"packets":	31669,
					"omitted":	false,
					"sender":	true
				}],
			"sum":	{
				"start":	20.000092,
				"end":	30.00008,
				"seconds":	9.9999876022338867,
				"bytes":	45856712,
				"bits_per_second":	36685415.081719592,
				"packets":	31669,
				"omitted":	false,
				"sender":	true
			}
		}, {
			"streams":	[{
					"socket":	6,
					"start":	30.00008,
					"end":	40.000111,
					"seconds":	10.000031471252441,
					"bytes":	54847344,
					"bits_per_second":	43877737.111265883,
					"packets":	37878,
					"omitted":	false,
					"sender":	true
				}],
			"sum":	{
				"start":	30.00008,
				"end":	40.000111,
				"seconds":	10.000031471252441,
				"bytes":	54847344,
				"bits_per_second":	43877737.111265883,
				"packets":	37878,
				"omitted":	false,
				"sender":	true
			}
		}, {
			"streams":	[{
					"socket":	6,
					"start":	40.000111,
					"end":	50.000116,
					"seconds":	10.000004768371582,
					"bytes":	23357688,
					"bits_per_second":	18686141.489753395,
					"packets":	16131,
					"omitted":	false,
					"sender":	true
				}],
			"sum":	{
				"start":	40.000111,
				"end":	50.000116,
				"seconds":	10.000004768371582,
				"bytes":	23357688,
				"bits_per_second":	18686141.489753395,
				"packets":	16131,
				"omitted":	false,
				"sender":	true
			}
		}, {
			"streams":	[{
					"socket":	6,
					"start":	50.000116,
					"end":	60.000089,
					"seconds":	9.99997329711914,
					"bytes":	19102016,
					"bits_per_second":	15281653.606417559,
					"packets":	13192,
					"omitted":	false,
					"sender":	true
				}],
			"sum":	{
				"start":	50.000116,
				"end":	60.000089,
				"seconds":	9.99997329711914,
				"bytes":	19102016,
				"bits_per_second":	15281653.606417559,
				"packets":	13192,
				"omitted":	false,
				"sender":	true
			}
		}, {
			"streams":	[{
					"socket":	6,
					"start":	60.000089,
					"end":	70.000095,
					"seconds":	10.000005722045898,
					"bytes":	32451128,
					"bits_per_second":	25960887.545060989,
					"packets":	22411,
					"omitted":	false,
					"sender":	true
				}],
			"sum":	{
				"start":	60.000089,
				"end":	70.000095,
				"seconds":	10.000005722045898,
				"bytes":	32451128,
				"bits_per_second":	25960887.545060989,
				"packets":	22411,
				"omitted":	false,
				"sender":	true
			}
		}, {
			"streams":	[{
					"socket":	6,
					"start":	70.000095,
					"end":	80.000116,
					"seconds":	10.000020980834961,
					"bytes":	10230120,
					"bits_per_second":	8184078.8291192781,
					"packets":	7065,
					"omitted":	false,
					"sender":	true
				}],
			"sum":	{
				"start":	70.000095,
				"end":	80.000116,
				"seconds":	10.000020980834961,
				"bytes":	10230120,
				"bits_per_second":	8184078.8291192781,
				"packets":	7065,
				"omitted":	false,
				"sender":	true
			}
		}, {
			"streams":	[{
					"socket":	6,
					"start":	80.000116,
					"end":	90.000091,
					"seconds":	9.9999752044677734,
					"bytes":	36599648,
					"bits_per_second":	29279791.000800136,
					"packets":	25276,
					"omitted":	false,
					"sender":	true
				}],
			"sum":	{
				"start":	80.000116,
				"end":	90.000091,
				"seconds":	9.9999752044677734,
				"bytes":	36599648,
				"bits_per_second":	29279791.000800136,
				"packets":	25276,
				"omitted":	false,
				"sender":	true
			}
		}, {
			"streams":	[{
					"socket":	6,
					"start":	90.000091,
					"end":	100.000091,
					"seconds":	10,
					"bytes":	6403056,
					"bits_per_second":	5122444.8,
					"packets":	4422,
					"omitted":	false,
					"sender":	true
				}],
			"sum":	{
				"start":	90.000091,
				"end":	100.000091,
				"seconds":	10,
				"bytes":	6403056,
				"bits_per_second":	5122444.8,
				"packets":	4422,
				"omitted":	false,
				"sender":	true
			}
		}, {
			"streams":	[{
					"socket":	6,
					"start":	100.000091,
					"end":	110.00009,
					"seconds":	9.9999990463256836,
					"bytes":	11109056,
					"bits_per_second":	8887245.6475537922,
					"packets":	7672,
					"omitted":	false,
					"sender":	true
				}],
			"sum":	{
				"start":	100.000091,
				"end":	110.00009,
				"seconds":	9.9999990463256836,
				"bytes":	11109056,
				"bits_per_second":	8887245.6475537922,
				"packets":	7672,
				"omitted":	false,
				"sender":	true
			}
		}, {
			"streams":	[{
					"socket":	6,
					"start":	110.00009,
					"end":	120.000078,
					"seconds":	9.9999876022338867,
					"bytes":	6767952,
					"bits_per_second":	5414368.312607199,
					"packets":	4674,
					"omitted":	false,
					"sender":	true
				}],
			"sum":	{
				"start":	110.00009,
				"end":	120.000078,
				"seconds":	9.9999876022338867,
				"bytes":	6767952,
				"bits_per_second":	5414368.312607199,
				"packets":	4674,
				"omitted":	false,
				"sender":	true
			}
		}, {
			"streams":	[{
					"socket":	6,
					"start":	120.000078,
					"end":	130.000079,
					"seconds":	10.000000953674316,
					"bytes":	4206440,
					"bits_per_second":	3365151.6790741272,
					"packets":	2905,
					"omitted":	false,
					"sender":	true
				}],
			"sum":	{
				"start":	120.000078,
				"end":	130.000079,
				"seconds":	10.000000953674316,
				"bytes":	4206440,
				"bits_per_second":	3365151.6790741272,
				"packets":	2905,
				"omitted":	false,
				"sender":	true
			}
		}, {
			"streams":	[{
					"socket":	6,
					"start":	130.000079,
					"end":	140.000087,
					"seconds":	10.000007629394531,
					"bytes":	39663616,
					"bits_per_second":	31730868.591268469,
					"packets":	27392,
					"omitted":	false,
					"sender":	true
				}],
			"sum":	{
				"start":	130.000079,
				"end":	140.000087,
				"seconds":	10.000007629394531,
				"bytes":	39663616,
				"bits_per_second":	31730868.591268469,
				"packets":	27392,
				"omitted":	false,
				"sender":	true
			}
		}, {
			"streams":	[{
					"socket":	6,
					"start":	140.000087,
					"end":	150.00011,
					"seconds":	10.000022888183594,
					"bytes":	37846376,
					"bits_per_second":	30277031.501374431,
					"packets":	26137,
					"omitted":	false,
					"sender":	true
				}],
			"sum":	{
				"start":	140.000087,
				"end":	150.00011,
				"seconds":	10.000022888183594,