{
	"start":	{
		"connected":	[{
				"socket":	6,
				"local_host":	"10.20.15.3",
				"local_port":	58086,
				"remote_host":	"10.20.15.2",
				"remote_port":	5201
			}],
		"version":	"iperf 3.7",
		"system_info":	"Linux node2 5.8.0-1006-raspi #9-Ubuntu SMP PREEMPT Fri Oct 16 12:55:30 UTC 2020 aarch64",
		"timestamp":	{
			"time":	"Sun, 08 Aug 2021 08:53:05 GMT",
			"timesecs":	1628412785
		},
		"connecting_to":	{
			"host":	"10.20.15.2",
			"port":	5201
		},
		"cookie":	"tv3gpvqblytebtczmd7oddfzka53lzinpxis",
		"sock_bufsize":	0,
		"sndbuf_actual":	212992,
		"rcvbuf_actual":	212992,
		"test_start":	{
			"protocol":	"UDP",
			"num_streams":	1,
			"blksize":	1448,
			"omit":	0,
			"duration":	300,
			"bytes":	0,
			"blocks":	0,
			"reverse":	0,
			"tos":	0
		}
	},
	"intervals":	[{
			"streams":	[{
					"socket":	6,
					"start":	0,
					"end":	10.000172,
					"seconds":	10.000171661376953,
					"bytes":	48874344,
					"bits_per_second":	39098804.024546392,
					"packets":	33753,
					"omitted":	false,
					"sender":	true
				}],
			"sum":	{
				"start":	0,
				"end":	10.000172,
				"seconds":	10.000171661376953,
				"bytes":	48874344,
				"bits_per_second":	39098804.024546392,
				"packets":	33753,
				"omitted":	false,
				"sender":	true
			}
		}, {
			"streams":	[{
					"socket":	6,
					"start":	10.000172,
					"end":	20.00009,
					"seconds":	9.9999179840087891,
					"bytes":	9038416,
					"bits_per_second":	7230792.1040581651,
					"packets":	6242,
					"omitted":	false,
					"sender":	true
				}],
			"sum":	{
				"start":	10.000172,
				"end":	20.00009,
				"seconds":	9.9999179840087891,
				"bytes":	9038416,
				"bits_per_second":	7230792.1040581651,
				"packets":	6242,
				"omitted":	false,
				"sender":	true
			}
		}, {
			"streams":	[{
					"socket":	6,
					"start":	20.00009,
					"end":	30.000088,
					"seconds":	9.9999980926513672,
					"bytes":	7607792,
					"bits_per_second":	6086234.7608571546,
					"packets":	5254,
					"omitted":	false,
					"sender":	true
				}],
			"sum":	{
				"start":	20.00009,
				"end":	30.000088,
				"seconds":	9.9999980926513672,
				"bytes":	7607792,
				"bits_per_second":	6086234.7608571546,
				"packets":	5254,
				"omitted":	false,
				"sender":	true
			}
		}, {
			"streams":	[{
					"socket":	6,
					"start":	30.000088,
					"end":	40.000089,
					"seconds":	10.000000953674316,
					"bytes":	1558048,
					"bits_per_second":	1246438.2811303823,
					"packets":	1076,
					"omitted":	false,
					"sender":	true
				}],
			"sum":	{
				"start":	30.000088,
				"end":	40.000089,
				"seconds":	10.000000953674316,
				"bytes":	1558048,
				"bits_per_second":	1246438.2811303823,
				"packets":	1076,
				"omitted":	false,
				"sender":	true
			}
		}, {
			"streams":	[{
					"socket":	6,
					"start":	40.000089,
					"end":	50.000067,
					"seconds":	9.9999780654907227,
					"bytes":	31971840,
					"bits_per_second":	25577528.103052747,
					"packets":	22080,
					"omitted":	false,
					"sender":	true
				}],
			"sum":	{
				"start":	40.000089,
				"end":	50.000067,
				"seconds":	9.9999780654907227,
				"bytes":	31971840,
				"bits_per_second":	25577528.103052747,
				"packets":	22080,
				"omitted":	false,
				"sender":	true
			}
		}, {
			"streams":	[{
					"socket":	6,
					"start":	50.000067,
					"end":	60.000094,
					"seconds":	10.000026702880859,
					"bytes":	54486792,
					"bits_per_second":	43589317.2039656,
					"packets":	37629,
					"omitted":	false,
					"sender":	true
				}],
			"sum":	{
				"start":	50.000067,
				"end":	60.000094,
				"seconds":	10.000026702880859,
				"bytes":	54486792,
				"bits_per_second":	43589317.2039656,
				"packets":	37629,
				"omitted":	false,
				"sender":	true
			}
		}, {
			"streams":	[{
					"socket":	6,
					"start":	60.000094,
					"end":	70.00006,
					"seconds":	9.99996566772461,
					"bytes":	50714752,
					"bits_per_second":	40571940.892704785,
					"packets":	35024,
					"omitted":	false,
					"sender":	true
				}],
			"sum":	{
				"start":	60.000094,
				"end":	70.00006,
				"seconds":	9.99996566772461,
				"bytes":	50714752,
				"bits_per_second":	40571940.892704785,
				"packets":	35024,
				"omitted":	false,
				"sender":	true
			}
		}, {
			"streams":	[{
					"socket":	6,
					"start":	70.00006,
					"end":	80.000086,
					"seconds":	10.000025749206543,
					"bytes":	51444544,
					"bits_per_second":	41155529.227777749,
					"packets":	35528,
					"omitted":	false,
					"sender":	true
				}],
			"sum":	{
				"start":	70.00006,
				"end":	80.000086,
				"seconds":	10.000025749206543,
				"bytes":	51444544,
				"bits_per_second":	41155529.227777749,
				"packets":	35528,
				"omitted":	false,
				"sender":	true
			}
		}, {
			"streams":	[{
					"socket":	6,
					"start":	80.000086,
					"end":	90.000099,
					"seconds":	10.00001335144043,
					"bytes":	4377304,
					"bits_per_second":	3501838.5245411545,
					"packets":	3023,
					"omitted":	false,
					"sender":	true
				}],
			"sum":	{
				"start":	80.000086,
				"end":	90.000099,
				"seconds":	10.00001335144043,
				"bytes":	4377304,
				"bits_per_second":	3501838.5245411545,
				"packets":	3023,
				"omitted":	false,
				"sender":	true
			}
		}, {
			"streams":	[{
					"socket":	6,
					"start":	90.000099,
					"end":	100.000726,
					"seconds":	10.000626564025879,
					"bytes":	11098920,
					"bits_per_second":	8878579.7001359,
					"packets":	7665,
					"omitted":	false,
					"sender":	true
				}],
			"sum":	{
				"start":	90.000099,
				"end":	100.000726,
				"seconds":	10.000626564025879,
				"bytes":	11098920,
				"bits_per_second":	8878579.7001359,
				"packets":	7665,
				"omitted":	false,
				"sender":	true
			}
		}, {
			"streams":	[{
					"socket":	6,
					"start":	100.000726,
					"end":	110.000091,
					"seconds":	9.9993648529052734,
					"bytes":	1750632,
					"bits_per_second":	1400594.558356463,
					"packets":	1209,
					"omitted":	false,
					"sender":	true
				}],
			"sum":	{
				"start":	100.000726,
				"end":	110.000091,
				"seconds":	9.9993648529052734,
				"bytes":	1750632,
				"bits_per_second":	1400594.558356463,
				"packets":	1209,
				"omitted":	false,
				"sender":	true
			}
		}, {
			"streams":	[{
					"socket":	6,
					"start":	110.000091,
					"end":	120.000082,
					"seconds":	9.9999914169311523,
					"bytes":	35500616,
					"bits_per_second":	28400517.176359423,
					"packets":	24517,
					"omitted":	false,
					"sender":	true
				}],
			"sum":	{
				"start":	110.000091,
				"end":	120.000082,
				"seconds":	9.9999914169311523,
				"bytes":	35500616,
				"bits_per_second":	28400517.176359423,
				"packets":	24517,
				"omitted":	false,
				"sender":	true
			}
		}, {
			"streams":	[{
					"socket":	6,
					"start":	120.000082,
					"end":	130.000051,
					"seconds":	9.9999685287475586,
					"bytes":	53604960,
					"bits_per_second":	42884102.961643,
					"packets":	37020,
					"omitted":	false,
					"sender":	true
				}],
			"sum":	{
				"start":	120.000082,
				"end":	130.000051,
				"seconds":	9.9999685287475586,
				"bytes":	53604960,
				"bits_per_second":	42884102.961643,
				"packets":	37020,
				"omitted":	false,
				"sender":	true
			}
		}, {
			"streams":	[{
					"socket":	6,
					"start":	130.000051,
					"end":	140.000085,
					"seconds":	10.000034332275391,
					"bytes":	50761088,
					"bits_per_second":	40608730.980986468,
					"packets":	35056,
					"omitted":	false,
					"sender":	true
				}],
			"sum":	{
				"start":	130.000051,
				"end":	140.000085,
				"seconds":	10.000034332275391,
				"bytes":	50761088,
				"bits_per_second":	40608730.980986468,
				"packets":	35056,
				"omitted":	false,
				"sender":	true
			}
		}, {
			"streams":	[{
					"socket":	6,
					"start":	140.000085,
					"end":	150.00009,
					"seconds":	10.000004768371582,
					"bytes":	48360304,
					"bits_per_second":	38688224.75201685,
					"packets":	33398,
					"omitted":	false,
					"sender":	true
				}],
			"sum":	{
				"start":	140.000085,
				"end":	150.00009,