{
	"start":	{
		"connected":	[{
				"socket":	6,
				"local_host":	"10.20.15.3",
				"local_port":	48761,
				"remote_host":	"10.20.15.2",
				"remote_port":	5201
			}],
		"version":	"iperf 3.7",
		"system_info":	"Linux node2 5.8.0-1006-raspi #9-Ubuntu SMP PREEMPT Fri Oct 16 12:55:30 UTC 2020 aarch64",
		"timestamp":	{
			"time":	"Sun, 08 Aug 2021 10:02:46 GMT",
			"timesecs":	1628416966
		},
		"connecting_to":	{
			"host":	"10.20.15.2",
			"port":	5201
		},
		"cookie":	"wzxsdspddamqhehiazyqvrucclfsynwbgnhf",
		"sock_bufsize":	0,
		"sndbuf_actual":	212992,
		"rcvbuf_actual":	212992,
		"test_start":	{
			"protocol":	"UDP",
			"num_streams":	1,
			"blksize":	1448,
			"omit":	0,
			"duration":	300,
			"bytes":	0,
			"blocks":	0,
			"reverse":	0,
			"tos":	0
		}
	},
	"intervals":	[{
			"streams":	[{
					"socket":	6,
					"start":	0,
					"end":	10.000092,
					"seconds":	10.000091552734375,
					"bytes":	52728920,
					"bits_per_second":	42182749.805391185,
					"packets":	36415,
					"omitted":	false,
					"sender":	true
				}],
			"sum":	{
				"start":	0,
				"end":	10.000092,
				"seconds":	10.000091552734375,
				"bytes":	52728920,
				"bits_per_second":	42182749.805391185,
				"packets":	36415,
				"omitted":	false,
				"sender":	true
			}
		}, {
			"streams":	[{
					"socket":	6,
					"start":	10.000092,
					"end":	20.000078,
					"seconds":	9.9999856948852539,
					"bytes":	49300056,
					"bits_per_second":	39440101.219517358,
					"packets":	34047,
					"omitted":	false,
					"sender":	true
				}],
			"sum":	{
				"start":	10.000092,
				"end":	20.000078,
				"seconds":	9.9999856948852539,
				"bytes":	49300056,
				"bits_per_second":	39440101.219517358,
				"packets":	34047,
				"omitted":	false,
				"sender":	true
			}
		}, {
			"streams":	[{
					"socket":	6,
					"start":	20.000078,
					"end":	30.000087,
					"seconds":	10.000008583068848,
					"bytes":	34190176,
					"bits_per_second":	27352117.323489387,
					"packets":	23612,
					"omitted":	false,
					"sender":	true
				}],
			"sum":	{
				"start":	20.000078,
				"end":	30.000087,
				"seconds":	10.000008583068848,
				"bytes":	34190176,
				"bits_per_second":	27352117.323489387,
				"packets":	23612,
				"omitted":	false,
				"sender":	true
			}
		}, {
			"streams":	[{
					"socket":	6,
					"start":	30.000087,
					"end":	40.000086,
					"seconds":	9.9999990463256836,
					"bytes":	1042560,
					"bits_per_second":	834048.07954102324,
					"packets":	720,
					"omitted":	false,
					"sender":	true
				}],
			"sum":	{
				"start":	30.000087,
				"end":	40.000086,
				"seconds":	9.9999990463256836,
				"bytes":	1042560,
				"bits_per_second":	834048.07954102324,
				"packets":	720,
				"omitted":	false,
				"sender":	true
			}
		}, {
			"streams":	[{
					"socket":	6,
					"start":	40.000086,
					"end":	50.000111,
					"seconds":	10.000024795532227,
					"bytes":	7035832,
					"bits_per_second":	5628651.6434586784,
					"packets":	4859,
					"omitted":	false,
					"sender":	true
				}],
			"sum":	{
				"start":	40.000086,
				"end":	50.000111,
				"seconds":	10.000024795532227,
				"bytes":	7035832,
				"bits_per_second":	5628651.6434586784,
				"packets":	4859,
				"omitted":	false,
				"sender":	true
			}
		}, {
			"streams":	[{
					"socket":	6,
					"start":	50.000111,
					"end":	60.000092,
					"seconds":	9.9999809265136719,
					"bytes":	5153432,
					"bits_per_second":	4122753.4635281819,
					"packets":	3559,
					"omitted":	false,
					"sender":	true
				}],
			"sum":	{
				"start":	50.000111,
				"end":	60.000092,
				"seconds":	9.9999809265136719,
				"bytes":	5153432,
				"bits_per_second":	4122753.4635281819,
				"packets":	3559,
				"omitted":	false,
				"sender":	true
			}
		}, {
			"streams":	[{
					"socket":	6,
					"start":	60.000092,
					"end":	70.000084,
					"seconds":	9.9999923706054688,
					"bytes":	52983768,
					"bits_per_second":	42387046.738750257,
					"packets":	36591,
					"omitted":	false,
					"sender":	true
				}],
			"sum":	{
				"start":	60.000092,
				"end":	70.000084,
				"seconds":	9.9999923706054688,
				"bytes":	52983768,
				"bits_per_second":	42387046.738750257,
				"packets":	36591,
				"omitted":	false,
				"sender":	true
			}
		}, {
			"streams":	[{
					"socket":	6,
					"start":	70.000084,
					"end":	80.000091,
					"seconds":	10.000006675720215,
					"bytes":	54323168,
					"bits_per_second":	43458505.388317704,
					"packets":	37516,
					"omitted":	false,
					"sender":	true
				}],
			"sum":	{
				"start":	70.000084,
				"end":	80.000091,
				"seconds":	10.000006675720215,
				"bytes":	54323168,
				"bits_per_second":	43458505.388317704,
				"packets":	37516,
				"omitted":	false,
				"sender":	true
			}
		}, {
			"streams":	[{
					"socket":	6,
					"start":	80.000091,
					"end":	90.000094,
					"seconds":	10.000002861022949,
					"bytes":	49262408,
					"bits_per_second":	39409915.124732837,
					"packets":	34021,
					"omitted":	false,
					"sender":	true
				}],
			"sum":	{
				"start":	80.000091,
				"end":	90.000094,
				"seconds":	10.000002861022949,
				"bytes":	49262408,
				"bits_per_second":	39409915.124732837,
				"packets":	34021,
				"omitted":	false,
				"sender":	true
			}
		}, {
			"streams":	[{
					"socket":	6,
					"start":	90.000094,
					"end":	100.000092,
					"seconds":	9.9999980926513672,
					"bytes":	31546128,
					"bits_per_second":	25236907.213558048,
					"packets":	21786,
					"omitted":	false,
					"sender":	true
				}],
			"sum":	{
				"start":	90.000094,
				"end":	100.000092,
				"seconds":	9.9999980926513672,
				"bytes":	31546128,
				"bits_per_second":	25236907.213558048,
				"packets":	21786,
				"omitted":	false,
				"sender":	true
			}
		}, {
			"streams":	[{
					"socket":	6,
					"start":	100.000092,
					"end":	110.00009,
					"seconds":	9.9999980926513672,
					"bytes":	1265552,
					"bits_per_second":	1012441.793107947,
					"packets":	874,
					"omitted":	false,
					"sender":	true
				}],
			"sum":	{
				"start":	100.000092,
				"end":	110.00009,
				"seconds":	9.9999980926513672,
				"bytes":	1265552,
				"bits_per_second":	1012441.793107947,
				"packets":	874,
				"omitted":	false,
				"sender":	true
			}
		}, {
			"streams":	[{
					"socket":	6,
					"start":	110.00009,
					"end":	120.000079,
					"seconds":	9.9999885559082031,
					"bytes":	46777640,
					"bits_per_second":	37422154.826257505,
					"packets":	32305,
					"omitted":	false,
					"sender":	true
				}],
			"sum":	{
				"start":	110.00009,
				"end":	120.000079,
				"seconds":	9.9999885559082031,
				"bytes":	46777640,
				"bits_per_second":	37422154.826257505,
				"packets":	32305,
				"omitted":	false,
				"sender":	true
			}
		}, {
			"streams":	[{
					"socket":	6,
					"start":	120.000079,
					"end":	130.000204,
					"seconds":	10.000124931335449,
					"bytes":	54050944,
					"bits_per_second":	43240214.994219564,
					"packets":	37328,
					"omitted":	false,
					"sender":	true
				}],
			"sum":	{
				"start":	120.000079,
				"end":	130.000204,
				"seconds":	10.000124931335449,
				"bytes":	54050944,
				"bits_per_second":	43240214.994219564,
				"packets":	37328,
				"omitted":	false,
				"sender":	true
			}
		}, {
			"streams":	[{
					"socket":	6,
					"start":	130.000204,
					"end":	140.000101,
					"seconds":	9.9998970031738281,
					"bytes":	50380264,
					"bits_per_second":	40304626.32485915,
					"packets":	34793,
					"omitted":	false,
					"sender":	true
				}],
			"sum":	{
				"start":	130.000204,
				"end":	140.000101,
				"seconds":	9.9998970031738281,
				"bytes":	50380264,
				"bits_per_second":	40304626.32485915,
				"packets":	34793,
				"omitted":	false,
				"sender":	true
			}
		}, {
			"streams":	[{
					"socket":	6,
					"start":	140.000101,
					"end":	150.000095,
					"seconds":	9.9999942779541016,
					"bytes":	38535624,
					"bits_per_second":	30828516.840218835,
					"packets":	26613,
					"omitted":	false,
					"sender":	true
				}],
			"sum":	{
				"start":	140.000101,