{
	"start":	{
		"connected":	[{
				"socket":	6,
				"local_host":	"10.20.15.3",
				"local_port":	56897,
				"remote_host":	"10.20.15.2",
				"remote_port":	5201
			}],
		"version":	"iperf 3.7",
		"system_info":	"Linux node2 5.8.0-1006-raspi #9-Ubuntu SMP PREEMPT Fri Oct 16 12:55:30 UTC 2020 aarch64",
		"timestamp":	{
			"time":	"Sun, 08 Aug 2021 14:54:17 GMT",
			"timesecs":	1628434457
		},
		"connecting_to":	{
			"host":	"10.20.15.2",
			"port":	5201
		},
		"cookie":	"il6nibuo44pblxwxrx3xqbb7slax7vo6w7k5",
		"sock_bufsize":	0,
		"sndbuf_actual":	212992,
		"rcvbuf_actual":	212992,
		"test_start":	{
			"protocol":	"UDP",
			"num_streams":	1,
			"blksize":	1448,
			"omit":	0,
			"duration":	300,
			"bytes":	0,
			"blocks":	0,
			"reverse":	0,
			"tos":	0
		}
	},
	"intervals":	[{
			"streams":	[{
					"socket":	6,
					"start":	0,
					"end":	10.000102,
					"seconds":	10.000102043151855,
					"bytes":	47972240,
					"bits_per_second":	38377400.384910472,
					"packets":	33130,
					"omitted":	false,
					"sender":	true
				}],
			"sum":	{
				"start":	0,
				"end":	10.000102,
				"seconds":	10.000102043151855,
				"bytes":	47972240,
				"bits_per_second":	38377400.384910472,
				"packets":	33130,
				"omitted":	false,
				"sender":	true
			}
		}, {
			"streams":	[{
					"socket":	6,
					"start":	10.000102,
					"end":	20.000093,
					"seconds":	9.9999914169311523,
					"bytes":	53108296,
					"bits_per_second":	42486673.266604178,
					"packets":	36677,
					"omitted":	false,
					"sender":	true
				}],
			"sum":	{
				"start":	10.000102,
				"end":	20.000093,
				"seconds":	9.9999914169311523,
				"bytes":	53108296,
				"bits_per_second":	42486673.266604178,
				"packets":	36677,
				"omitted":	false,
				"sender":	true
			}
		}, {
			"streams":	[{
					"socket":	6,
					"start":	20.000093,
					"end":	30.000092,
					"seconds":	9.9999990463256836,
					"bytes":	28379352,
					"bits_per_second":	22703483.765172936,
					"packets":	19599,
					"omitted":	false,
					"sender":	true
				}],
			"sum":	{
				"start":	20.000093,
				"end":	30.000092,
				"seconds":	9.9999990463256836,
				"bytes":	28379352,
				"bits_per_second":	22703483.765172936,
				"packets":	19599,
				"omitted":	false,
				"sender":	true
			}
		}, {
			"streams":	[{
					"socket":	6,
					"start":	30.000092,
					"end":	40.000096,
					"seconds":	10.000003814697266,
					"bytes":	19598680,
					"bits_per_second":	15678938.018959802,
					"packets":	13535,
					"omitted":	false,
					"sender":	true
				}],
			"sum":	{
				"start":	30.000092,
				"end":	40.000096,
				"seconds":	10.000003814697266,
				"bytes":	19598680,
				"bits_per_second":	15678938.018959802,
				"packets":	13535,
				"omitted":	false,
				"sender":	true
			}
		}, {
			"streams":	[{
					"socket":	6,
					"start":	40.000096,
					"end":	50.000094,
					"seconds":	9.9999980926513672,
					"bytes":	52614528,
					"bits_per_second":	42091630.428341374,
					"packets":	36336,
					"omitted":	false,
					"sender":	true
				}],
			"sum":	{
				"start":	40.000096,
				"end":	50.000094,
				"seconds":	9.9999980926513672,
				"bytes":	52614528,
				"bits_per_second":	42091630.428341374,
				"packets":	36336,
				"omitted":	false,
				"sender":	true
			}
		}, {
			"streams":	[{
					"socket":	6,
					"start":	50.000094,
					"end":	60.000106,
					"seconds":	10.000012397766113,
					"bytes":	3932768,
					"bits_per_second":	3146210.4994018087,
					"packets":	2716,
					"omitted":	false,
					"sender":	true
				}],
			"sum":	{
				"start":	50.000094,
				"end":	60.000106,
				"seconds":	10.000012397766113,
				"bytes":	3932768,
				"bits_per_second":	3146210.4994018087,
				"packets":	2716,
				"omitted":	false,
				"sender":	true
			}
		}, {
			"streams":	[{
					"socket":	6,
					"start":	60.000106,
					"end":	70.000054,
					"seconds":	9.9999475479125977,
					"bytes":	45969656,
					"bits_per_second":	36775917.697364934,
					"packets":	31747,
					"omitted":	false,
					"sender":	true
				}],
			"sum":	{
				"start":	60.000106,
				"end":	70.000054,
				"seconds":	9.9999475479125977,
				"bytes":	45969656,
				"bits_per_second":	36775917.697364934,
				"packets":	31747,
				"omitted":	false,
				"sender":	true
			}
		}, {
			"streams":	[{
					"socket":	6,
					"start":	70.000054,
					"end":	80.000095,
					"seconds":	10.000041007995605,
					"bytes":	25771504,
					"bits_per_second":	20617118.653328888,
					"packets":	17798,
					"omitted":	false,
					"sender":	true
				}],
			"sum":	{
				"start":	70.000054,
				"end":	80.000095,
				"seconds":	10.000041007995605,
				"bytes":	25771504,
				"bits_per_second":	20617118.653328888,
				"packets":	17798,
				"omitted":	false,
				"sender":	true
			}
		}, {
			"streams":	[{
					"socket":	6,
					"start":	80.000095,
					"end":	90.000134,
					"seconds":	10.000039100646973,
					"bytes":	27193440,
					"bits_per_second":	21754666.937844805,
					"packets":	18780,
					"omitted":	false,
					"sender":	true
				}],
			"sum":	{
				"start":	80.000095,
				"end":	90.000134,
				"seconds":	10.000039100646973,
				"bytes":	27193440,
				"bits_per_second":	21754666.937844805,
				"packets":	18780,
				"omitted":	false,
				"sender":	true
			}
		}, {
			"streams":	[{
					"socket":	6,
					"start":	90.000134,
					"end":	100.000104,
					"seconds":	9.9999704360961914,
					"bytes":	43468960,
					"bits_per_second":	34775270.809276111,
					"packets":	30020,
					"omitted":	false,
					"sender":	true
				}],
			"sum":	{
				"start":	90.000134,
				"end":	100.000104,
				"seconds":	9.9999704360961914,
				"bytes":	43468960,
				"bits_per_second":	34775270.809276111,
				"packets":	30020,
				"omitted":	false,
				"sender":	true
			}
		}, {
			"streams":	[{
					"socket":	6,
					"start":	100.000104,
					"end":	110.000182,
					"seconds":	10.000078201293945,
					"bytes":	7594760,
					"bits_per_second":	6075760.4867668236,
					"packets":	5245,
					"omitted":	false,
					"sender":	true
				}],
			"sum":	{
				"start":	100.000104,
				"end":	110.000182,
				"seconds":	10.000078201293945,
				"bytes":	7594760,
				"bits_per_second":	6075760.4867668236,
				"packets":	5245,
				"omitted":	false,
				"sender":	true
			}
		}, {
			"streams":	[{
					"socket":	6,
					"start":	110.000182,
					"end":	120.000095,
					"seconds":	9.999913215637207,
					"bytes":	50750952,
					"bits_per_second":	40601113.954180323,
					"packets":	35049,
					"omitted":	false,
					"sender":	true
				}],
			"sum":	{
				"start":	110.000182,
				"end":	120.000095,
				"seconds":	9.999913215637207,
				"bytes":	50750952,
				"bits_per_second":	40601113.954180323,
				"packets":	35049,
				"omitted":	false,
				"sender":	true
			}
		}, {
			"streams":	[{
					"socket":	6,
					"start":	120.000095,
					"end":	130.000121,
					"seconds":	10.000025749206543,
					"bytes":	22371600,
					"bits_per_second":	17897233.916042734,
					"packets":	15450,
					"omitted":	false,
					"sender":	true
				}],
			"sum":	{
				"start":	120.000095,
				"end":	130.000121,
				"seconds":	10.000025749206543,
				"bytes":	22371600,
				"bits_per_second":	17897233.916042734,
				"packets":	15450,
				"omitted":	false,
				"sender":	true
			}
		}, {
			"streams":	[{
					"socket":	6,
					"start":	130.000121,
					"end":	140.000046,
					"seconds":	9.9999246597290039,
					"bytes":	27957984,
					"bits_per_second":	22366555.710236847,
					"packets":	19308,
					"omitted":	false,
					"sender":	true
				}],
			"sum":	{
				"start":	130.000121,
				"end":	140.000046,
				"seconds":	9.9999246597290039,
				"bytes":	27957984,
				"bits_per_second":	22366555.710236847,
				"packets":	19308,
				"omitted":	false,
				"sender":	true
			}
		}, {
			"streams":	[{
					"socket":	6,
					"start":	140.000046,
					"end":	150.000091,
					"seconds":	10.000044822692871,
					"bytes":	37836240,
					"bits_per_second":	30268856.326834932,
					"packets":	26130,
					"omitted":	false,
					"sender":	true
				}],