{
	"start":	{
		"connected":	[{
				"socket":	6,
				"local_host":	"10.20.15.3",
				"local_port":	51751,
				"remote_host":	"10.20.15.2",
				"remote_port":	5201
			}],
		"version":	"iperf 3.7",
		"system_info":	"Linux node2 5.8.0-1006-raspi #9-Ubuntu SMP PREEMPT Fri Oct 16 12:55:30 UTC 2020 aarch64",
		"timestamp":	{
			"time":	"Sun, 08 Aug 2021 15:09:23 GMT",
			"timesecs":	1628435363
		},
		"connecting_to":	{
			"host":	"10.20.15.2",
			"port":	5201
		},
		"cookie":	"5udgqnjnj6ou3rtyvzaj7v2o4idiz2qi7uti",
		"sock_bufsize":	0,
		"sndbuf_actual":	212992,
		"rcvbuf_actual":	212992,
		"test_start":	{
			"protocol":	"UDP",
			"num_streams":	1,
			"blksize":	1448,
			"omit":	0,
			"duration":	300,
			"bytes":	0,
			"blocks":	0,
			"reverse":	0,
			"tos":	0
		}
	},
	"intervals":	[{
			"streams":	[{
					"socket":	6,
					"start":	0,
					"end":	10.000045,
					"seconds":	10.000044822692871,
					"bytes":	26194320,
					"bits_per_second":	20955362.072424181,
					"packets":	18090,
					"omitted":	false,
					"sender":	true
				}],
			"sum":	{
				"start":	0,
				"end":	10.000045,
				"seconds":	10.000044822692871,
				"bytes":	26194320,
				"bits_per_second":	20955362.072424181,
				"packets":	18090,
				"omitted":	false,
				"sender":	true
			}
		}, {
			"streams":	[{
					"socket":	6,
					"start":	10.000045,
					"end":	20.000089,
					"seconds":	10.000043869018555,
					"bytes":	53025760,
					"bits_per_second":	42420421.905772433,
					"packets":	36620,
					"omitted":	false,
					"sender":	true
				}],
			"sum":	{
				"start":	10.000045,
				"end":	20.000089,
				"seconds":	10.000043869018555,
				"bytes":	53025760,
				"bits_per_second":	42420421.905772433,
				"packets":	36620,
				"omitted":	false,
				"sender":	true
			}
		}, {
			"streams":	[{
					"socket":	6,
					"start":	20.000089,
					"end":	30.000085,
					"seconds":	9.9999961853027344,
					"bytes":	54811144,
					"bits_per_second":	43848931.92704007,
					"packets":	37853,
					"omitted":	false,
					"sender":	true
				}],
			"sum":	{
				"start":	20.000089,
				"end":	30.000085,
				"seconds":	9.9999961853027344,
				"bytes":	54811144,
				"bits_per_second":	43848931.92704007,
				"packets":	37853,
				"omitted":	false,
				"sender":	true
			}
		}, {
			"streams":	[{
					"socket":	6,
					"start":	30.000085,
					"end":	40.000053,
					"seconds":	9.9999675750732422,
					"bytes":	52485656,
					"bits_per_second":	41988660.94792559,
					"packets":	36247,
					"omitted":	false,
					"sender":	true
				}],
			"sum":	{
				"start":	30.000085,
				"end":	40.000053,
				"seconds":	9.9999675750732422,
				"bytes":	52485656,
				"bits_per_second":	41988660.94792559,
				"packets":	36247,
				"omitted":	false,
				"sender":	true
			}
		}, {
			"streams":	[{
					"socket":	6,
					"start":	40.000053,
					"end":	50.00008,
					"seconds":	10.000026702880859,
					"bytes":	13906592,
					"bits_per_second":	11125243.892393781,
					"packets":	9604,
					"omitted":	false,
					"sender":	true
				}],
			"sum":	{
				"start":	40.000053,
				"end":	50.00008,
				"seconds":	10.000026702880859,
				"bytes":	13906592,
				"bits_per_second":	11125243.892393781,
				"packets":	9604,
				"omitted":	false,
				"sender":	true
			}
		}, {
			"streams":	[{
					"socket":	6,
					"start":	50.00008,
					"end":	60.000087,
					"seconds":	10.000006675720215,
					"bytes":	14786976,
					"bits_per_second":	11829572.902908104,
					"packets":	10212,
					"omitted":	false,
					"sender":	true
				}],
			"sum":	{
				"start":	50.00008,
				"end":	60.000087,
				"seconds":	10.000006675720215,
				"bytes":	14786976,
				"bits_per_second":	11829572.902908104,
				"packets":	10212,
				"omitted":	false,
				"sender":	true
			}
		}, {
			"streams":	[{
					"socket":	6,
					"start":	60.000087,
					"end":	70.000078,
					"seconds":	9.9999914169311523,
					"bytes":	28351840,
					"bits_per_second":	22681491.467680283,
					"packets":	19580,
					"omitted":	false,
					"sender":	true
				}],
			"sum":	{
				"start":	60.000087,
				"end":	70.000078,
				"seconds":	9.9999914169311523,
				"bytes":	28351840,
				"bits_per_second":	22681491.467680283,
				"packets":	19580,
				"omitted":	false,
				"sender":	true
			}
		}, {
			"streams":	[{
					"socket":	6,
					"start":	70.000078,
					"end":	80.000086,
					"seconds":	10.000007629394531,
					"bytes":	54767704,
					"bits_per_second":	43814129.772471793,
					"packets":	37823,
					"omitted":	false,
					"sender":	true
				}],
			"sum":	{
				"start":	70.000078,
				"end":	80.000086,
				"seconds":	10.000007629394531,
				"bytes":	54767704,
				"bits_per_second":	43814129.772471793,
				"packets":	37823,
				"omitted":	false,
				"sender":	true
			}
		}, {
			"streams":	[{
					"socket":	6,
					"start":	80.000086,
					"end":	90.000064,
					"seconds":	9.9999780654907227,
					"bytes":	52336512,
					"bits_per_second":	41869301.438258082,
					"packets":	36144,
					"omitted":	false,
					"sender":	true
				}],
			"sum":	{
				"start":	80.000086,
				"end":	90.000064,
				"seconds":	9.9999780654907227,
				"bytes":	52336512,
				"bits_per_second":	41869301.438258082,
				"packets":	36144,
				"omitted":	false,
				"sender":	true
			}
		}, {
			"streams":	[{
					"socket":	6,
					"start":	90.000064,
					"end":	100.000078,
					"seconds":	10.000014305114746,
					"bytes":	10803528,
					"bits_per_second":	8642810.03636107,
					"packets":	7461,
					"omitted":	false,
					"sender":	true
				}],
			"sum":	{
				"start":	90.000064,
				"end":	100.000078,
				"seconds":	10.000014305114746,
				"bytes":	10803528,
				"bits_per_second":	8642810.03636107,
				"packets":	7461,
				"omitted":	false,
				"sender":	true
			}
		}, {
			"streams":	[{
					"socket":	6,
					"start":	100.000078,
					"end":	110.000391,
					"seconds":	10.000312805175781,
					"bytes":	9795720,
					"bits_per_second":	7836330.8755143005,
					"packets":	6765,
					"omitted":	false,
					"sender":	true
				}],
			"sum":	{
				"start":	100.000078,
				"end":	110.000391,
				"seconds":	10.000312805175781,
				"bytes":	9795720,
				"bits_per_second":	7836330.8755143005,
				"packets":	6765,
				"omitted":	false,
				"sender":	true
			}
		}, {
			"streams":	[{
					"socket":	6,
					"start":	110.000391,
					"end":	120.000093,
					"seconds":	9.9997024536132812,
					"bytes":	32423616,
					"bits_per_second":	25939664.625348195,
					"packets":	22392,
					"omitted":	false,
					"sender":	true
				}],
			"sum":	{
				"start":	110.000391,
				"end":	120.000093,
				"seconds":	9.9997024536132812,
				"bytes":	32423616,
				"bits_per_second":	25939664.625348195,
				"packets":	22392,
				"omitted":	false,
				"sender":	true
			}
		}, {
			"streams":	[{
					"socket":	6,
					"start":	120.000093,
					"end":	130.000098,
					"seconds":	10.000004768371582,
					"bytes":	54087144,
					"bits_per_second":	43269694.567401804,
					"packets":	37353,
					"omitted":	false,
					"sender":	true
				}],
			"sum":	{
				"start":	120.000093,
				"end":	130.000098,
				"seconds":	10.000004768371582,
				"bytes":	54087144,
				"bits_per_second":	43269694.567401804,
				"packets":	37353,
				"omitted":	false,
				"sender":	true
			}
		}, {
			"streams":	[{
					"socket":	6,
					"start":	130.000098,
					"end":	140.000121,
					"seconds":	10.000022888183594,
					"bytes":	53602064,
					"bits_per_second":	42881553.051914096,
					"packets":	37018,
					"omitted":	false,
					"sender":	true
				}],
			"sum":	{
				"start":	130.000098,
				"end":	140.000121,
				"seconds":	10.000022888183594,
				"bytes":	53602064,
				"bits_per_second":	42881553.051914096,
				"packets":	37018,
				"omitted":	false,
				"sender":	true
			}
		}, {
			"streams":	[{
					"socket":	6,
					"start":	140.000121,
					"end":	150.000076,
					"seconds":	9.9999551773071289,
					"bytes":	5560320,
					"bits_per_second":	4448275.938370619,
					"packets":	3840,
					"omitted":	false,
					"sender":	true
				}],
			"sum":	{
				"start":	140.000121,