{
	"start":	{
		"connected":	[{
				"socket":	6,
				"local_host":	"10.20.15.3",
				"local_port":	51006,
				"remote_host":	"10.20.15.2",
				"remote_port":	5201
			}],
		"version":	"iperf 3.7",
		"system_info":	"Linux node2 5.8.0-1006-raspi #9-Ubuntu SMP PREEMPT Fri Oct 16 12:55:30 UTC 2020 aarch64",
		"timestamp":	{
			"time":	"Sun, 08 Aug 2021 10:56:47 GMT",
			"timesecs":	1628420207
		},
		"connecting_to":	{
			"host":	"10.20.15.2",
			"port":	5201
		},
		"cookie":	"6qp6riugxcs75l7evcpflqgxkz3qjncavod6",
		"sock_bufsize":	0,
		"sndbuf_actual":	212992,
		"rcvbuf_actual":	212992,
		"test_start":	{
			"protocol":	"UDP",
			"num_streams":	1,
			"blksize":	1448,
			"omit":	0,
			"duration":	300,
			"bytes":	0,
			"blocks":	0,
			"reverse":	0,
			"tos":	0
		}
	},
	"intervals":	[{
			"streams":	[{
					"socket":	6,
					"start":	0,
					"end":	10.00012,
					"seconds":	10.000120162963867,
					"bytes":	53968408,
					"bits_per_second":	43174207.605925143,
					"packets":	37271,
					"omitted":	false,
					"sender":	true
				}],
			"sum":	{
				"start":	0,
				"end":	10.00012,
				"seconds":	10.000120162963867,
				"bytes":	53968408,
				"bits_per_second":	43174207.605925143,
				"packets":	37271,
				"omitted":	false,
				"sender":	true
			}
		}, {
			"streams":	[{
					"socket":	6,
					"start":	10.00012,
					"end":	20.000105,
					"seconds":	9.9999847412109375,
					"bytes":	52922952,
					"bits_per_second":	42338426.203311466,
					"packets":	36549,
					"omitted":	false,
					"sender":	true
				}],
			"sum":	{
				"start":	10.00012,
				"end":	20.000105,
				"seconds":	9.9999847412109375,
				"bytes":	52922952,
				"bits_per_second":	42338426.203311466,
				"packets":	36549,
				"omitted":	false,
				"sender":	true
			}
		}, {
			"streams":	[{
					"socket":	6,
					"start":	20.000105,
					"end":	30.000088,
					"seconds":	9.9999828338623047,
					"bytes":	50817560,
					"bits_per_second":	40654117.78741838,
					"packets":	35095,
					"omitted":	false,
					"sender":	true
				}],
			"sum":	{
				"start":	20.000105,
				"end":	30.000088,
				"seconds":	9.9999828338623047,
				"bytes":	50817560,
				"bits_per_second":	40654117.78741838,
				"packets":	35095,
				"omitted":	false,
				"sender":	true
			}
		}, {
			"streams":	[{
					"socket":	6,
					"start":	30.000088,
					"end":	40.000097,
					"seconds":	10.000008583068848,
					"bytes":	37007984,
					"bits_per_second":	29606361.788655844,
					"packets":	25558,
					"omitted":	false,
					"sender":	true
				}],
			"sum":	{
				"start":	30.000088,
				"end":	40.000097,
				"seconds":	10.000008583068848,
				"bytes":	37007984,
				"bits_per_second":	29606361.788655844,
				"packets":	25558,
				"omitted":	false,
				"sender":	true
			}
		}, {
			"streams":	[{
					"socket":	6,
					"start":	40.000097,
					"end":	50.000087,
					"seconds":	9.9999904632568359,
					"bytes":	1411800,
					"bits_per_second":	1129441.0771189472,
					"packets":	975,
					"omitted":	false,
					"sender":	true
				}],
			"sum":	{
				"start":	40.000097,
				"end":	50.000087,
				"seconds":	9.9999904632568359,
				"bytes":	1411800,
				"bits_per_second":	1129441.0771189472,
				"packets":	975,
				"omitted":	false,
				"sender":	true
			}
		}, {
			"streams":	[{
					"socket":	6,
					"start":	50.000087,
					"end":	60.000088,
					"seconds":	10.000000953674316,
					"bytes":	11208968,
					"bits_per_second":	8967173.54482369,
					"packets":	7741,
					"omitted":	false,
					"sender":	true
				}],
			"sum":	{
				"start":	50.000087,
				"end":	60.000088,
				"seconds":	10.000000953674316,
				"bytes":	11208968,
				"bits_per_second":	8967173.54482369,
				"packets":	7741,
				"omitted":	false,
				"sender":	true
			}
		}, {
			"streams":	[{
					"socket":	6,
					"start":	60.000088,
					"end":	70.000089,
					"seconds":	10.000000953674316,
					"bytes":	1516056,
					"bits_per_second":	1212844.6843341175,
					"packets":	1047,
					"omitted":	false,
					"sender":	true
				}],
			"sum":	{
				"start":	60.000088,
				"end":	70.000089,
				"seconds":	10.000000953674316,
				"bytes":	1516056,
				"bits_per_second":	1212844.6843341175,
				"packets":	1047,
				"omitted":	false,
				"sender":	true
			}
		}, {
			"streams":	[{
					"socket":	6,
					"start":	70.000089,
					"end":	80.000079,
					"seconds":	9.9999904632568359,
					"bytes":	3379632,
					"bits_per_second":	2703708.1784570487,
					"packets":	2334,
					"omitted":	false,
					"sender":	true
				}],
			"sum":	{
				"start":	70.000089,
				"end":	80.000079,
				"seconds":	9.9999904632568359,
				"bytes":	3379632,
				"bits_per_second":	2703708.1784570487,
				"packets":	2334,
				"omitted":	false,
				"sender":	true
			}
		}, {
			"streams":	[{
					"socket":	6,
					"start":	80.000079,
					"end":	90.000089,
					"seconds":	10.000009536743164,
					"bytes":	54126240,
					"bits_per_second":	43300950.704995438,
					"packets":	37380,
					"omitted":	false,
					"sender":	true
				}],
			"sum":	{
				"start":	80.000079,
				"end":	90.000089,
				"seconds":	10.000009536743164,
				"bytes":	54126240,
				"bits_per_second":	43300950.704995438,
				"packets":	37380,
				"omitted":	false,
				"sender":	true
			}
		}, {
			"streams":	[{
					"socket":	6,
					"start":	90.000089,
					"end":	100.000097,
					"seconds":	10.000007629394531,
					"bytes":	54589600,
					"bits_per_second":	43671646.681177765,
					"packets":	37700,
					"omitted":	false,
					"sender":	true
				}],
			"sum":	{
				"start":	90.000089,
				"end":	100.000097,
				"seconds":	10.000007629394531,
				"bytes":	54589600,
				"bits_per_second":	43671646.681177765,
				"packets":	37700,
				"omitted":	false,
				"sender":	true
			}
		}, {
			"streams":	[{
					"socket":	6,
					"start":	100.000097,
					"end":	110.000096,
					"seconds":	9.9999990463256836,
					"bytes":	54221808,
					"bits_per_second":	43377450.536796048,
					"packets":	37446,
					"omitted":	false,
					"sender":	true
				}],
			"sum":	{
				"start":	100.000097,
				"end":	110.000096,
				"seconds":	9.9999990463256836,
				"bytes":	54221808,
				"bits_per_second":	43377450.536796048,
				"packets":	37446,
				"omitted":	false,
				"sender":	true
			}
		}, {
			"streams":	[{
					"socket":	6,
					"start":	110.000096,
					"end":	120.00004,
					"seconds":	9.999943733215332,
					"bytes":	56599424,
					"bits_per_second":	45279793.974841736,
					"packets":	39088,
					"omitted":	false,
					"sender":	true
				}],
			"sum":	{
				"start":	110.000096,
				"end":	120.00004,
				"seconds":	9.999943733215332,
				"bytes":	56599424,
				"bits_per_second":	45279793.974841736,
				"packets":	39088,
				"omitted":	false,
				"sender":	true
			}
		}, {
			"streams":	[{
					"socket":	6,
					"start":	120.00004,
					"end":	130.00003,
					"seconds":	9.9999904632568359,
					"bytes":	52536336,
					"bits_per_second":	42029108.88208168,
					"packets":	36282,
					"omitted":	false,
					"sender":	true
				}],
			"sum":	{
				"start":	120.00004,
				"end":	130.00003,
				"seconds":	9.9999904632568359,
				"bytes":	52536336,
				"bits_per_second":	42029108.88208168,
				"packets":	36282,
				"omitted":	false,
				"sender":	true
			}
		}, {
			"streams":	[{
					"socket":	6,
					"start":	130.00003,
					"end":	140.000106,
					"seconds":	10.000076293945312,
					"bytes":	50687240,
					"bits_per_second":	40549482.631998964,
					"packets":	35005,
					"omitted":	false,
					"sender":	true
				}],
			"sum":	{
				"start":	130.00003,
				"end":	140.000106,
				"seconds":	10.000076293945312,
				"bytes":	50687240,
				"bits_per_second":	40549482.631998964,
				"packets":	35005,
				"omitted":	false,
				"sender":	true
			}
		}, {
			"streams":	[{
					"socket":	6,
					"start":	140.000106,
					"end":	150.000093,
					"seconds":	9.99998664855957,
					"bytes":	45309368,
					"bits_per_second":	36247542.795690835,
					"packets":	31291,
					"omitted":	false,
					"sender":	true
				}],
			"sum":	{
				"start":	140.000106,