{
	"start":	{
		"connected":	[{
				"socket":	6,
				"local_host":	"10.20.15.3",
				"local_port":	50288,
				"remote_host":	"10.20.15.2",
				"remote_port":	5201
			}],
		"version":	"iperf 3.7",
		"system_info":	"Linux node2 5.8.0-1006-raspi #9-Ubuntu SMP PREEMPT Fri Oct 16 12:55:30 UTC 2020 aarch64",
		"timestamp":	{
			"time":	"Sun, 08 Aug 2021 08:20:04 GMT",
			"timesecs":	1628410804
		},
		"connecting_to":	{
			"host":	"10.20.15.2",
			"port":	5201
		},
		"cookie":	"kkynrqcjm7lm4ws77rk7e7w35mdijbpsyxc2",
		"sock_bufsize":	0,
		"sndbuf_actual":	212992,
		"rcvbuf_actual":	212992,
		"test_start":	{
			"protocol":	"UDP",
			"num_streams":	1,
			"blksize":	1448,
			"omit":	0,
			"duration":	300,
			"bytes":	0,
			"blocks":	0,
			"reverse":	0,
			"tos":	0
		}
	},
	"intervals":	[{
			"streams":	[{
					"socket":	6,
					"start":	0,
					"end":	10.000089,
					"seconds":	10.000088691711426,
					"bytes":	43280720,
					"bits_per_second":	34624268.911433339,
					"packets":	29890,
					"omitted":	false,
					"sender":	true
				}],
			"sum":	{
				"start":	0,
				"end":	10.000089,
				"seconds":	10.000088691711426,
				"bytes":	43280720,
				"bits_per_second":	34624268.911433339,
				"packets":	29890,
				"omitted":	false,
				"sender":	true
			}
		}, {
			"streams":	[{
					"socket":	6,
					"start":	10.000089,
					"end":	20.00008,
					"seconds":	9.9999914169311523,
					"bytes":	3425968,
					"bits_per_second":	2740776.7524275561,
					"packets":	2366,
					"omitted":	false,
					"sender":	true
				}],
			"sum":	{
				"start":	10.000089,
				"end":	20.00008,
				"seconds":	9.9999914169311523,
				"bytes":	3425968,
				"bits_per_second":	2740776.7524275561,
				"packets":	2366,
				"omitted":	false,
				"sender":	true
			}
		}, {
			"streams":	[{
					"socket":	6,
					"start":	20.00008,
					"end":	30.000071,
					"seconds":	9.9999914169311523,
					"bytes":	52571088,
					"bits_per_second":	42056906.4977324,
					"packets":	36306,
					"omitted":	false,
					"sender":	true
				}],
			"sum":	{
				"start":	20.00008,
				"end":	30.000071,
				"seconds":	9.9999914169311523,
				"bytes":	52571088,
				"bits_per_second":	42056906.4977324,
				"packets":	36306,
				"omitted":	false,
				"sender":	true
			}
		}, {
			"streams":	[{
					"socket":	6,
					"start":	30.000071,
					"end":	40.000081,
					"seconds":	10.000009536743164,
					"bytes":	56382224,
					"bits_per_second":	45105736.183817878,
					"packets":	38938,
					"omitted":	false,
					"sender":	true
				}],
			"sum":	{
				"start":	30.000071,
				"end":	40.000081,
				"seconds":	10.000009536743164,
				"bytes":	56382224,
				"bits_per_second":	45105736.183817878,
				"packets":	38938,
				"omitted":	false,
				"sender":	true
			}
		}, {
			"streams":	[{
					"socket":	6,
					"start":	40.000081,
					"end":	50.000089,
					"seconds":	10.000007629394531,
					"bytes":	29556576,
					"bits_per_second":	23645242.760111421,
					"packets":	20412,
					"omitted":	false,
					"sender":	true
				}],
			"sum":	{
				"start":	40.000081,
				"end":	50.000089,
				"seconds":	10.000007629394531,
				"bytes":	29556576,
				"bits_per_second":	23645242.760111421,
				"packets":	20412,
				"omitted":	false,
				"sender":	true
			}
		}, {
			"streams":	[{
					"socket":	6,
					"start":	50.000089,
					"end":	60.000089,
					"seconds":	10,
					"bytes":	7574488,
					"bits_per_second":	6059590.4,
					"packets":	5231,
					"omitted":	false,
					"sender":	true
				}],
			"sum":	{
				"start":	50.000089,
				"end":	60.000089,
				"seconds":	10,
				"bytes":	7574488,
				"bits_per_second":	6059590.4,
				"packets":	5231,
				"omitted":	false,
				"sender":	true
			}
		}, {
			"streams":	[{
					"socket":	6,
					"start":	60.000089,
					"end":	70.000089,
					"seconds":	10,
					"bytes":	13783512,
					"bits_per_second":	11026809.6,
					"packets":	9519,
					"omitted":	false,
					"sender":	true
				}],
			"sum":	{
				"start":	60.000089,
				"end":	70.000089,
				"seconds":	10,
				"bytes":	13783512,
				"bits_per_second":	11026809.6,
				"packets":	9519,
				"omitted":	false,
				"sender":	true
			}
		}, {
			"streams":	[{
					"socket":	6,
					"start":	70.000089,
					"end":	80.000085,
					"seconds":	9.9999961853027344,
					"bytes":	1172880,
					"bits_per_second":	938304.35793470684,
					"packets":	810,
					"omitted":	false,
					"sender":	true
				}],
			"sum":	{
				"start":	70.000089,
				"end":	80.000085,
				"seconds":	9.9999961853027344,
				"bytes":	1172880,
				"bits_per_second":	938304.35793470684,
				"packets":	810,
				"omitted":	false,
				"sender":	true
			}
		}, {
			"streams":	[{
					"socket":	6,
					"start":	80.000085,
					"end":	90.00227,
					"seconds":	10.002184867858887,
					"bytes":	47524808,
					"bits_per_second":	38011541.3804971,
					"packets":	32821,
					"omitted":	false,
					"sender":	true
				}],
			"sum":	{
				"start":	80.000085,
				"end":	90.00227,
				"seconds":	10.002184867858887,
				"bytes":	47524808,
				"bits_per_second":	38011541.3804971,
				"packets":	32821,
				"omitted":	false,
				"sender":	true
			}
		}, {
			"streams":	[{
					"socket":	6,
					"start":	90.00227,
					"end":	100.00009,
					"seconds":	9.9978199005126953,
					"bytes":	53790304,
					"bits_per_second":	43041626.702830762,
					"packets":	37148,
					"omitted":	false,
					"sender":	true
				}],
			"sum":	{
				"start":	90.00227,
				"end":	100.00009,
				"seconds":	9.9978199005126953,
				"bytes":	53790304,
				"bits_per_second":	43041626.702830762,
				"packets":	37148,
				"omitted":	false,
				"sender":	true
			}
		}, {
			"streams":	[{
					"socket":	6,
					"start":	100.00009,
					"end":	110.00009,
					"seconds":	10,
					"bytes":	53684600,
					"bits_per_second":	42947680,
					"packets":	37075,
					"omitted":	false,
					"sender":	true
				}],
			"sum":	{
				"start":	100.00009,
				"end":	110.00009,
				"seconds":	10,
				"bytes":	53684600,
				"bits_per_second":	42947680,
				"packets":	37075,
				"omitted":	false,
				"sender":	true
			}
		}, {
			"streams":	[{
					"socket":	6,
					"start":	110.00009,
					"end":	120.000077,
					"seconds":	9.99998664855957,
					"bytes":	45045832,
					"bits_per_second":	36036713.714203641,
					"packets":	31109,
					"omitted":	false,
					"sender":	true
				}],
			"sum":	{
				"start":	110.00009,
				"end":	120.000077,
				"seconds":	9.99998664855957,
				"bytes":	45045832,
				"bits_per_second":	36036713.714203641,
				"packets":	31109,
				"omitted":	false,
				"sender":	true
			}
		}, {
			"streams":	[{
					"socket":	6,
					"start":	120.000077,
					"end":	130.000087,
					"seconds":	10.000009536743164,
					"bytes":	1768008,
					"bits_per_second":	1414405.0511182297,
					"packets":	1221,
					"omitted":	false,
					"sender":	true
				}],
			"sum":	{
				"start":	120.000077,
				"end":	130.000087,
				"seconds":	10.000009536743164,
				"bytes":	1768008,
				"bits_per_second":	1414405.0511182297,
				"packets":	1221,
				"omitted":	false,
				"sender":	true
			}
		}, {
			"streams":	[{
					"socket":	6,
					"start":	130.000087,
					"end":	140.000086,
					"seconds":	9.9999990463256836,
					"bytes":	56376432,
					"bits_per_second":	45101149.901180834,
					"packets":	38934,
					"omitted":	false,
					"sender":	true
				}],
			"sum":	{
				"start":	130.000087,
				"end":	140.000086,
				"seconds":	9.9999990463256836,
				"bytes":	56376432,
				"bits_per_second":	45101149.901180834,
				"packets":	38934,
				"omitted":	false,
				"sender":	true
			}
		}, {
			"streams":	[{
					"socket":	6,
					"start":	140.000086,
					"end":	150.000092,
					"seconds":	10.000005722045898,
					"bytes":	56870200,
					"bits_per_second":	45496133.966903321,
					"packets":	39275,
					"omitted":	false,
					"sender":	true
				}],
			"sum":	{
				"start":	140.000086,
				"end":	150.000092,
				"seconds":	10.000005722045898,
				"bytes":	56870200,
				"bits_per_second":	45496133.966903321,
				"packets":	39275,
				"omitted":	false,