{
	"start":	{
		"connected":	[{
				"socket":	6,
				"local_host":	"10.20.15.3",
				"local_port":	56502,
				"remote_host":	"10.20.15.2",
				"remote_port":	5201
			}],
		"version":	"iperf 3.7",
		"system_info":	"Linux node2 5.8.0-1006-raspi #9-Ubuntu SMP PREEMPT Fri Oct 16 12:55:30 UTC 2020 aarch64",
		"timestamp":	{
			"time":	"Sun, 08 Aug 2021 12:25:45 GMT",
			"timesecs":	1628425545
		},
		"connecting_to":	{
			"host":	"10.20.15.2",
			"port":	5201
		},
		"cookie":	"n25fnrlhdtvejkhuigii2zrnrlhs4uesi4ai",
		"sock_bufsize":	0,
		"sndbuf_actual":	212992,
		"rcvbuf_actual":	212992,
		"test_start":	{
			"protocol":	"UDP",
			"num_streams":	1,
			"blksize":	1448,
			"omit":	0,
			"duration":	300,
			"bytes":	0,
			"blocks":	0,
			"reverse":	0,
			"tos":	0
		}
	},
	"intervals":	[{
			"streams":	[{
					"socket":	6,
					"start":	0,
					"end":	10.000089,
					"seconds":	10.000088691711426,
					"bytes":	8169616,
					"bits_per_second":	6535634.834336129,
					"packets":	5642,
					"omitted":	false,
					"sender":	true
				}],
			"sum":	{
				"start":	0,
				"end":	10.000089,
				"seconds":	10.000088691711426,
				"bytes":	8169616,
				"bits_per_second":	6535634.834336129,
				"packets":	5642,
				"omitted":	false,
				"sender":	true
			}
		}, {
			"streams":	[{
					"socket":	6,
					"start":	10.000089,
					"end":	20.000198,
					"seconds":	10.00010871887207,
					"bytes":	11682464,
					"bits_per_second":	9345869.5927599352,
					"packets":	8068,
					"omitted":	false,
					"sender":	true
				}],
			"sum":	{
				"start":	10.000089,
				"end":	20.000198,
				"seconds":	10.00010871887207,
				"bytes":	11682464,
				"bits_per_second":	9345869.5927599352,
				"packets":	8068,
				"omitted":	false,
				"sender":	true
			}
		}, {
			"streams":	[{
					"socket":	6,
					"start":	20.000198,
					"end":	30.000088,
					"seconds":	9.9998903274536133,
					"bytes":	27057328,
					"bits_per_second":	21646099.798288424,
					"packets":	18686,
					"omitted":	false,
					"sender":	true
				}],
			"sum":	{
				"start":	20.000198,
				"end":	30.000088,
				"seconds":	9.9998903274536133,
				"bytes":	27057328,
				"bits_per_second":	21646099.798288424,
				"packets":	18686,
				"omitted":	false,
				"sender":	true
			}
		}, {
			"streams":	[{
					"socket":	6,
					"start":	30.000088,
					"end":	40.000099,
					"seconds":	10.000011444091797,
					"bytes":	21430400,
					"bits_per_second":	17144300.379905265,
					"packets":	14800,
					"omitted":	false,
					"sender":	true
				}],
			"sum":	{
				"start":	30.000088,
				"end":	40.000099,
				"seconds":	10.000011444091797,
				"bytes":	21430400,
				"bits_per_second":	17144300.379905265,
				"packets":	14800,
				"omitted":	false,
				"sender":	true
			}
		}, {
			"streams":	[{
					"socket":	6,
					"start":	40.000099,
					"end":	50.000119,
					"seconds":	10.000020027160645,
					"bytes":	50991320,
					"bits_per_second":	40792974.303255044,
					"packets":	35215,
					"omitted":	false,
					"sender":	true
				}],
			"sum":	{
				"start":	40.000099,
				"end":	50.000119,
				"seconds":	10.000020027160645,
				"bytes":	50991320,
				"bits_per_second":	40792974.303255044,
				"packets":	35215,
				"omitted":	false,
				"sender":	true
			}
		}, {
			"streams":	[{
					"socket":	6,
					"start":	50.000119,
					"end":	60.000087,
					"seconds":	9.9999675750732422,
					"bytes":	50832040,
					"bits_per_second":	40665763.858441465,
					"packets":	35105,
					"omitted":	false,
					"sender":	true
				}],
			"sum":	{
				"start":	50.000119,
				"end":	60.000087,
				"seconds":	9.9999675750732422,
				"bytes":	50832040,
				"bits_per_second":	40665763.858441465,
				"packets":	35105,
				"omitted":	false,
				"sender":	true
			}
		}, {
			"streams":	[{
					"socket":	6,
					"start":	60.000087,
					"end":	70.000081,
					"seconds":	9.9999942779541016,
					"bytes":	24888224,
					"bits_per_second":	19910590.592931323,
					"packets":	17188,
					"omitted":	false,
					"sender":	true
				}],
			"sum":	{
				"start":	60.000087,
				"end":	70.000081,
				"seconds":	9.9999942779541016,
				"bytes":	24888224,
				"bits_per_second":	19910590.592931323,
				"packets":	17188,
				"omitted":	false,
				"sender":	true
			}
		}, {
			"streams":	[{
					"socket":	6,
					"start":	70.000081,
					"end":	80.000064,
					"seconds":	9.9999828338623047,
					"bytes":	51133224,
					"bits_per_second":	40906649.42091766,
					"packets":	35313,
					"omitted":	false,
					"sender":	true
				}],
			"sum":	{
				"start":	70.000081,
				"end":	80.000064,
				"seconds":	9.9999828338623047,
				"bytes":	51133224,
				"bits_per_second":	40906649.42091766,
				"packets":	35313,
				"omitted":	false,
				"sender":	true
			}
		}, {
			"streams":	[{
					"socket":	6,
					"start":	80.000064,
					"end":	90.00009,
					"seconds":	10.000025749206543,
					"bytes":	34430544,
					"bits_per_second":	27544364.275447518,
					"packets":	23778,
					"omitted":	false,
					"sender":	true
				}],
			"sum":	{
				"start":	80.000064,
				"end":	90.00009,
				"seconds":	10.000025749206543,
				"bytes":	34430544,
				"bits_per_second":	27544364.275447518,
				"packets":	23778,
				"omitted":	false,
				"sender":	true
			}
		}, {
			"streams":	[{
					"socket":	6,
					"start":	90.00009,
					"end":	100.000114,
					"seconds":	10.00002384185791,
					"bytes":	17407856,
					"bits_per_second":	13926251.59722882,
					"packets":	12022,
					"omitted":	false,
					"sender":	true
				}],
			"sum":	{
				"start":	90.00009,
				"end":	100.000114,
				"seconds":	10.00002384185791,
				"bytes":	17407856,
				"bits_per_second":	13926251.59722882,
				"packets":	12022,
				"omitted":	false,
				"sender":	true
			}
		}, {
			"streams":	[{
					"socket":	6,
					"start":	100.000114,
					"end":	110.000088,
					"seconds":	9.999974250793457,
					"bytes":	52600048,
					"bits_per_second":	42080146.75303901,
					"packets":	36326,
					"omitted":	false,
					"sender":	true
				}],
			"sum":	{
				"start":	100.000114,
				"end":	110.000088,
				"seconds":	9.999974250793457,
				"bytes":	52600048,
				"bits_per_second":	42080146.75303901,
				"packets":	36326,
				"omitted":	false,
				"sender":	true
			}
		}, {
			"streams":	[{
					"socket":	6,
					"start":	110.000088,
					"end":	120.000035,
					"seconds":	9.9999465942382812,
					"bytes":	52455248,
					"bits_per_second":	41964422.514194943,
					"packets":	36226,
					"omitted":	false,
					"sender":	true
				}],
			"sum":	{
				"start":	110.000088,
				"end":	120.000035,
				"seconds":	9.9999465942382812,
				"bytes":	52455248,
				"bits_per_second":	41964422.514194943,
				"packets":	36226,
				"omitted":	false,
				"sender":	true
			}
		}, {
			"streams":	[{
					"socket":	6,
					"start":	120.000035,
					"end":	130.000099,
					"seconds":	10.0000638961792,
					"bytes":	42863696,
					"bits_per_second":	34290737.695287935,
					"packets":	29602,
					"omitted":	false,
					"sender":	true
				}],
			"sum":	{
				"start":	120.000035,
				"end":	130.000099,
				"seconds":	10.0000638961792,
				"bytes":	42863696,
				"bits_per_second":	34290737.695287935,
				"packets":	29602,
				"omitted":	false,
				"sender":	true
			}
		}, {
			"streams":	[{
					"socket":	6,
					"start":	130.000099,
					"end":	140.000091,
					"seconds":	9.9999923706054688,
					"bytes":	4729168,
					"bits_per_second":	3783337.28645728,
					"packets":	3266,
					"omitted":	false,
					"sender":	true
				}],
			"sum":	{
				"start":	130.000099,
				"end":	140.000091,
				"seconds":	9.9999923706054688,
				"bytes":	4729168,
				"bits_per_second":	3783337.28645728,
				"packets":	3266,
				"omitted":	false,
				"sender":	true
			}
		}, {
			"streams":	[{
					"socket":	6,
					"start":	140.000091,
					"end":	150.000088,
					"seconds":	9.99999713897705,
					"bytes":	39308856,
					"bits_per_second":	31447093.797085702,
					"packets":	27147,
					"omitted":	false,
					"sender":	true
				}],
			"sum":	{
				"start":	140.000091,