{
	"start":	{
		"connected":	[{
				"socket":	6,
				"local_host":	"10.20.15.3",
				"local_port":	51713,
				"remote_host":	"10.20.15.2",
				"remote_port":	5201
			}],
		"version":	"iperf 3.7",
		"system_info":	"Linux node2 5.8.0-1006-raspi #9-Ubuntu SMP PREEMPT Fri Oct 16 12:55:30 UTC 2020 aarch64",
		"timestamp":	{
			"time":	"Sun, 08 Aug 2021 10:35:40 GMT",
			"timesecs":	1628418940
		},
		"connecting_to":	{
			"host":	"10.20.15.2",
			"port":	5201
		},
		"cookie":	"sml6c3l2zpinsdfw63ttgnatnegewosd2vdn",
		"sock_bufsize":	0,
		"sndbuf_actual":	212992,
		"rcvbuf_actual":	212992,
		"test_start":	{
			"protocol":	"UDP",
			"num_streams":	1,
			"blksize":	1448,
			"omit":	0,
			"duration":	300,
			"bytes":	0,
			"blocks":	0,
			"reverse":	0,
			"tos":	0
		}
	},
	"intervals":	[{
			"streams":	[{
					"socket":	6,
					"start":	0,
					"end":	10.000101,
					"seconds":	10.000101089477539,
					"bytes":	54010400,
					"bits_per_second":	43207883.213766038,
					"packets":	37300,
					"omitted":	false,
					"sender":	true
				}],
			"sum":	{
				"start":	0,
				"end":	10.000101,
				"seconds":	10.000101089477539,
				"bytes":	54010400,
				"bits_per_second":	43207883.213766038,
				"packets":	37300,
				"omitted":	false,
				"sender":	true
			}
		}, {
			"streams":	[{
					"socket":	6,
					"start":	10.000101,
					"end":	20.000092,
					"seconds":	9.9999914169311523,
					"bytes":	54029224,
					"bits_per_second":	43223416.298955791,
					"packets":	37313,
					"omitted":	false,
					"sender":	true
				}],
			"sum":	{
				"start":	10.000101,
				"end":	20.000092,
				"seconds":	9.9999914169311523,
				"bytes":	54029224,
				"bits_per_second":	43223416.298955791,
				"packets":	37313,
				"omitted":	false,
				"sender":	true
			}
		}, {
			"streams":	[{
					"socket":	6,
					"start":	20.000092,
					"end":	30.000072,
					"seconds":	9.9999799728393555,
					"bytes":	54000264,
					"bits_per_second":	43200297.717930228,
					"packets":	37293,
					"omitted":	false,
					"sender":	true
				}],
			"sum":	{
				"start":	20.000092,
				"end":	30.000072,
				"seconds":	9.9999799728393555,
				"bytes":	54000264,
				"bits_per_second":	43200297.717930228,
				"packets":	37293,
				"omitted":	false,
				"sender":	true
			}
		}, {
			"streams":	[{
					"socket":	6,
					"start":	30.000072,
					"end":	40.000288,
					"seconds":	10.000215530395508,
					"bytes":	50449768,
					"bits_per_second":	40358944.542072058,
					"packets":	34841,
					"omitted":	false,
					"sender":	true
				}],
			"sum":	{
				"start":	30.000072,
				"end":	40.000288,
				"seconds":	10.000215530395508,
				"bytes":	50449768,
				"bits_per_second":	40358944.542072058,
				"packets":	34841,
				"omitted":	false,
				"sender":	true
			}
		}, {
			"streams":	[{
					"socket":	6,
					"start":	40.000288,
					"end":	50.000871,
					"seconds":	10.000582695007324,
					"bytes":	52099040,
					"bits_per_second":	41676803.513467148,
					"packets":	35980,
					"omitted":	false,
					"sender":	true
				}],
			"sum":	{
				"start":	40.000288,
				"end":	50.000871,
				"seconds":	10.000582695007324,
				"bytes":	52099040,
				"bits_per_second":	41676803.513467148,
				"packets":	35980,
				"omitted":	false,
				"sender":	true
			}
		}, {
			"streams":	[{
					"socket":	6,
					"start":	50.000871,
					"end":	60.000126,
					"seconds":	9.9992551803588867,
					"bytes":	6155448,
					"bits_per_second":	4924725.2032058435,
					"packets":	4251,
					"omitted":	false,
					"sender":	true
				}],
			"sum":	{
				"start":	50.000871,
				"end":	60.000126,
				"seconds":	9.9992551803588867,
				"bytes":	6155448,
				"bits_per_second":	4924725.2032058435,
				"packets":	4251,
				"omitted":	false,
				"sender":	true
			}
		}, {
			"streams":	[{
					"socket":	6,
					"start":	60.000126,
					"end":	70.000209,
					"seconds":	10.000082969665527,
					"bytes":	1264104,
					"bits_per_second":	1011274.80948673,
					"packets":	873,
					"omitted":	false,
					"sender":	true
				}],
			"sum":	{
				"start":	60.000126,
				"end":	70.000209,
				"seconds":	10.000082969665527,
				"bytes":	1264104,
				"bits_per_second":	1011274.80948673,
				"packets":	873,
				"omitted":	false,
				"sender":	true
			}
		}, {
			"streams":	[{
					"socket":	6,
					"start":	70.000209,
					"end":	80.000096,
					"seconds":	9.9998874664306641,
					"bytes":	10838280,
					"bits_per_second":	8670721.5747247525,
					"packets":	7485,
					"omitted":	false,
					"sender":	true
				}],
			"sum":	{
				"start":	70.000209,
				"end":	80.000096,
				"seconds":	9.9998874664306641,
				"bytes":	10838280,
				"bits_per_second":	8670721.5747247525,
				"packets":	7485,
				"omitted":	false,
				"sender":	true
			}
		}, {
			"streams":	[{
					"socket":	6,
					"start":	80.000096,
					"end":	90.000096,
					"seconds":	10,
					"bytes":	1390080,
					"bits_per_second":	1112064,
					"packets":	960,
					"omitted":	false,
					"sender":	true
				}],
			"sum":	{
				"start":	80.000096,
				"end":	90.000096,
				"seconds":	10,
				"bytes":	1390080,
				"bits_per_second":	1112064,
				"packets":	960,
				"omitted":	false,
				"sender":	true
			}
		}, {
			"streams":	[{
					"socket":	6,
					"start":	90.000096,
					"end":	100.000094,
					"seconds":	9.9999980926513672,
					"bytes":	37369984,
					"bits_per_second":	29895992.90220812,
					"packets":	25808,
					"omitted":	false,
					"sender":	true
				}],
			"sum":	{
				"start":	90.000096,
				"end":	100.000094,
				"seconds":	9.9999980926513672,
				"bytes":	37369984,
				"bits_per_second":	29895992.90220812,
				"packets":	25808,
				"omitted":	false,
				"sender":	true
			}
		}, {
			"streams":	[{
					"socket":	6,
					"start":	100.000094,
					"end":	110.000088,
					"seconds":	9.9999942779541016,
					"bytes":	53859808,
					"bits_per_second":	43087871.055077583,
					"packets":	37196,
					"omitted":	false,
					"sender":	true
				}],
			"sum":	{
				"start":	100.000094,
				"end":	110.000088,
				"seconds":	9.9999942779541016,
				"bytes":	53859808,
				"bits_per_second":	43087871.055077583,
				"packets":	37196,
				"omitted":	false,
				"sender":	true
			}
		}, {
			"streams":	[{
					"socket":	6,
					"start":	110.000088,
					"end":	120.000067,
					"seconds":	9.9999790191650391,
					"bytes":	53242960,
					"bits_per_second":	42594457.366728023,
					"packets":	36770,
					"omitted":	false,
					"sender":	true
				}],
			"sum":	{
				"start":	110.000088,
				"end":	120.000067,
				"seconds":	9.9999790191650391,
				"bytes":	53242960,
				"bits_per_second":	42594457.366728023,
				"packets":	36770,
				"omitted":	false,
				"sender":	true
			}
		}, {
			"streams":	[{
					"socket":	6,
					"start":	120.000067,
					"end":	130.000089,
					"seconds":	10.000021934509277,
					"bytes":	52807112,
					"bits_per_second":	42245596.936356209,
					"packets":	36469,
					"omitted":	false,
					"sender":	true
				}],
			"sum":	{
				"start":	120.000067,
				"end":	130.000089,
				"seconds":	10.000021934509277,
				"bytes":	52807112,
				"bits_per_second":	42245596.936356209,
				"packets":	36469,
				"omitted":	false,
				"sender":	true
			}
		}, {
			"streams":	[{
					"socket":	6,
					"start":	130.000089,
					"end":	140.000096,
					"seconds":	10.000006675720215,
					"bytes":	52783944,
					"bits_per_second":	42227127.010351457,
					"packets":	36453,
					"omitted":	false,
					"sender":	true
				}],
			"sum":	{
				"start":	130.000089,
				"end":	140.000096,
				"seconds":	10.000006675720215,
				"bytes":	52783944,
				"bits_per_second":	42227127.010351457,
				"packets":	36453,
				"omitted":	false,
				"sender":	true
			}
		}, {
			"streams":	[{
					"socket":	6,
					"start":	140.000096,
					"end":	150.000083,
					"seconds":	9.99998664855957,
					"bytes":	2085120,
					"bits_per_second":	1668098.2271514111,
					"packets":	1440,
					"omitted":	false,
					"sender":	true
				}],
			"sum":	{
				"start":	140.000096,
				"end":	150.000083,
				"seconds":	9.99998664855957,