{
	"start":	{
		"connected":	[{
				"socket":	6,
				"local_host":	"10.20.15.3",
				"local_port":	37397,
				"remote_host":	"10.20.15.2",
				"remote_port":	5201
			}],
		"version":	"iperf 3.7",
		"system_info":	"Linux node2 5.8.0-1006-raspi #9-Ubuntu SMP PREEMPT Fri Oct 16 12:55:30 UTC 2020 aarch64",
		"timestamp":	{
			"time":	"Sun, 08 Aug 2021 08:39:47 GMT",
			"timesecs":	1628411987
		},
		"connecting_to":	{
			"host":	"10.20.15.2",
			"port":	5201
		},
		"cookie":	"4rencoiesx3wkjrhaz6x4ypvdv6t7w62jkik",
		"sock_bufsize":	0,
		"sndbuf_actual":	212992,
		"rcvbuf_actual":	212992,
		"test_start":	{
			"protocol":	"UDP",
			"num_streams":	1,
			"blksize":	1448,
			"omit":	0,
			"duration":	300,
			"bytes":	0,
			"blocks":	0,
			"reverse":	0,
			"tos":	0
		}
	},
	"intervals":	[{
			"streams":	[{
					"socket":	6,
					"start":	0,
					"end":	10.000077,
					"seconds":	10.000077247619629,
					"bytes":	14637832,
					"bits_per_second":	11710175.141684487,
					"packets":	10109,
					"omitted":	false,
					"sender":	true
				}],
			"sum":	{
				"start":	0,
				"end":	10.000077,
				"seconds":	10.000077247619629,
				"bytes":	14637832,
				"bits_per_second":	11710175.141684487,
				"packets":	10109,
				"omitted":	false,
				"sender":	true
			}
		}, {
			"streams":	[{
					"socket":	6,
					"start":	10.000077,
					"end":	20.000089,
					"seconds":	10.000012397766113,
					"bytes":	11659296,
					"bits_per_second":	9327425.2360763475,
					"packets":	8052,
					"omitted":	false,
					"sender":	true
				}],
			"sum":	{
				"start":	10.000077,
				"end":	20.000089,
				"seconds":	10.000012397766113,
				"bytes":	11659296,
				"bits_per_second":	9327425.2360763475,
				"packets":	8052,
				"omitted":	false,
				"sender":	true
			}
		}, {
			"streams":	[{
					"socket":	6,
					"start":	20.000089,
					"end":	30.000093,
					"seconds":	10.000003814697266,
					"bytes":	17529488,
					"bits_per_second":	14023585.050426845,
					"packets":	12106,
					"omitted":	false,
					"sender":	true
				}],
			"sum":	{
				"start":	20.000089,
				"end":	30.000093,
				"seconds":	10.000003814697266,
				"bytes":	17529488,
				"bits_per_second":	14023585.050426845,
				"packets":	12106,
				"omitted":	false,
				"sender":	true
			}
		}, {
			"streams":	[{
					"socket":	6,
					"start":	30.000093,
					"end":	40.000084,
					"seconds":	9.9999914169311523,
					"bytes":	47400280,
					"bits_per_second":	37920256.547217265,
					"packets":	32735,
					"omitted":	false,
					"sender":	true
				}],
			"sum":	{
				"start":	30.000093,
				"end":	40.000084,
				"seconds":	9.9999914169311523,
				"bytes":	47400280,
				"bits_per_second":	37920256.547217265,
				"packets":	32735,
				"omitted":	false,
				"sender":	true
			}
		}, {
			"streams":	[{
					"socket":	6,
					"start":	40.000084,
					"end":	50.000079,
					"seconds":	9.999995231628418,
					"bytes":	3583800,
					"bits_per_second":	2867041.367111858,
					"packets":	2475,
					"omitted":	false,
					"sender":	true
				}],
			"sum":	{
				"start":	40.000084,
				"end":	50.000079,
				"seconds":	9.999995231628418,
				"bytes":	3583800,
				"bits_per_second":	2867041.367111858,
				"packets":	2475,
				"omitted":	false,
				"sender":	true
			}
		}, {
			"streams":	[{
					"socket":	6,
					"start":	50.000079,
					"end":	60.000047,
					"seconds":	9.9999675750732422,
					"bytes":	51337392,
					"bits_per_second":	41070046.769325845,
					"packets":	35454,
					"omitted":	false,
					"sender":	true
				}],
			"sum":	{
				"start":	50.000079,
				"end":	60.000047,
				"seconds":	9.9999675750732422,
				"bytes":	51337392,
				"bits_per_second":	41070046.769325845,
				"packets":	35454,
				"omitted":	false,
				"sender":	true
			}
		}, {
			"streams":	[{
					"socket":	6,
					"start":	60.000047,
					"end":	70.000088,
					"seconds":	10.000041007995605,
					"bytes":	21528864,
					"bits_per_second":	17223020.571844809,
					"packets":	14868,
					"omitted":	false,
					"sender":	true
				}],
			"sum":	{
				"start":	60.000047,
				"end":	70.000088,
				"seconds":	10.000041007995605,
				"bytes":	21528864,
				"bits_per_second":	17223020.571844809,
				"packets":	14868,
				"omitted":	false,
				"sender":	true
			}
		}, {
			"streams":	[{
					"socket":	6,
					"start":	70.000088,
					"end":	80.000082,
					"seconds":	9.9999942779541016,
					"bytes":	28777552,
					"bits_per_second":	23022054.77332541,
					"packets":	19874,
					"omitted":	false,
					"sender":	true
				}],
			"sum":	{
				"start":	70.000088,
				"end":	80.000082,
				"seconds":	9.9999942779541016,
				"bytes":	28777552,
				"bits_per_second":	23022054.77332541,
				"packets":	19874,
				"omitted":	false,
				"sender":	true
			}
		}, {
			"streams":	[{
					"socket":	6,
					"start":	80.000082,
					"end":	90.00009,
					"seconds":	10.000007629394531,
					"bytes":	56586392,
					"bits_per_second":	45269079.062433578,
					"packets":	39079,
					"omitted":	false,
					"sender":	true
				}],
			"sum":	{
				"start":	80.000082,
				"end":	90.00009,
				"seconds":	10.000007629394531,
				"bytes":	56586392,
				"bits_per_second":	45269079.062433578,
				"packets":	39079,
				"omitted":	false,
				"sender":	true
			}
		}, {
			"streams":	[{
					"socket":	6,
					"start":	90.00009,
					"end":	100.000052,
					"seconds":	9.9999618530273438,
					"bytes":	56162128,
					"bits_per_second":	44929873.793866709,
					"packets":	38786,
					"omitted":	false,
					"sender":	true
				}],
			"sum":	{
				"start":	90.00009,
				"end":	100.000052,
				"seconds":	9.9999618530273438,
				"bytes":	56162128,
				"bits_per_second":	44929873.793866709,
				"packets":	38786,
				"omitted":	false,
				"sender":	true
			}
		}, {
			"streams":	[{
					"socket":	6,
					"start":	100.000052,
					"end":	110.000085,
					"seconds":	10.000033378601074,
					"bytes":	56486480,
					"bits_per_second":	45189033.165328905,
					"packets":	39010,
					"omitted":	false,
					"sender":	true
				}],
			"sum":	{
				"start":	100.000052,
				"end":	110.000085,
				"seconds":	10.000033378601074,
				"bytes":	56486480,
				"bits_per_second":	45189033.165328905,
				"packets":	39010,
				"omitted":	false,
				"sender":	true
			}
		}, {
			"streams":	[{
					"socket":	6,
					"start":	110.000085,
					"end":	120.000087,
					"seconds":	10.000001907348633,
					"bytes":	18089864,
					"bits_per_second":	14471888.439706337,
					"packets":	12493,
					"omitted":	false,
					"sender":	true
				}],
			"sum":	{
				"start":	110.000085,
				"end":	120.000087,
				"seconds":	10.000001907348633,
				"bytes":	18089864,
				"bits_per_second":	14471888.439706337,
				"packets":	12493,
				"omitted":	false,
				"sender":	true
			}
		}, {
			"streams":	[{
					"socket":	6,
					"start":	120.000087,
					"end":	130.000107,
					"seconds":	10.000020027160645,
					"bytes":	34111984,
					"bits_per_second":	27289532.546814777,
					"packets":	23558,
					"omitted":	false,
					"sender":	true
				}],
			"sum":	{
				"start":	120.000087,
				"end":	130.000107,
				"seconds":	10.000020027160645,
				"bytes":	34111984,
				"bits_per_second":	27289532.546814777,
				"packets":	23558,
				"omitted":	false,
				"sender":	true
			}
		}, {
			"streams":	[{
					"socket":	6,
					"start":	130.000107,
					"end":	140.000092,
					"seconds":	9.9999847412109375,
					"bytes":	37025360,
					"bits_per_second":	29620333.197041623,
					"packets":	25570,
					"omitted":	false,
					"sender":	true
				}],
			"sum":	{
				"start":	130.000107,
				"end":	140.000092,
				"seconds":	9.9999847412109375,
				"bytes":	37025360,
				"bits_per_second":	29620333.197041623,
				"packets":	25570,
				"omitted":	false,
				"sender":	true
			}
		}, {
			"streams":	[{
					"socket":	6,
					"start":	140.000092,
					"end":	150.000133,
					"seconds":	10.000041007995605,
					"bytes":	6190200,
					"bits_per_second":	4952139.6922677262,
					"packets":	4275,
					"omitted":	false,
					"sender":	true
				}],