{
	"start":	{
		"connected":	[{
				"socket":	6,
				"local_host":	"10.20.15.3",
				"local_port":	34353,
				"remote_host":	"10.20.15.2",
				"remote_port":	5201
			}],
		"version":	"iperf 3.7",
		"system_info":	"Linux node2 5.8.0-1006-raspi #9-Ubuntu SMP PREEMPT Fri Oct 16 12:55:30 UTC 2020 aarch64",
		"timestamp":	{
			"time":	"Sun, 08 Aug 2021 15:20:00 GMT",
			"timesecs":	1628436000
		},
		"connecting_to":	{
			"host":	"10.20.15.2",
			"port":	5201
		},
		"cookie":	"fjz2b4ega6nfx2etootdm2uhiepfpcq5xkay",
		"sock_bufsize":	0,
		"sndbuf_actual":	212992,
		"rcvbuf_actual":	212992,
		"test_start":	{
			"protocol":	"UDP",
			"num_streams":	1,
			"blksize":	1448,
			"omit":	0,
			"duration":	300,
			"bytes":	0,
			"blocks":	0,
			"reverse":	0,
			"tos":	0
		}
	},
	"intervals":	[{
			"streams":	[{
					"socket":	6,
					"start":	0,
					"end":	10.000089,
					"seconds":	10.000088691711426,
					"bytes":	45446928,
					"bits_per_second":	36357219.941594072,
					"packets":	31386,
					"omitted":	false,
					"sender":	true
				}],
			"sum":	{
				"start":	0,
				"end":	10.000089,
				"seconds":	10.000088691711426,
				"bytes":	45446928,
				"bits_per_second":	36357219.941594072,
				"packets":	31386,
				"omitted":	false,
				"sender":	true
			}
		}, {
			"streams":	[{
					"socket":	6,
					"start":	10.000089,
					"end":	20.001308,
					"seconds":	10.001218795776367,
					"bytes":	3618552,
					"bits_per_second":	2894488.8209250313,
					"packets":	2499,
					"omitted":	false,
					"sender":	true
				}],
			"sum":	{
				"start":	10.000089,
				"end":	20.001308,
				"seconds":	10.001218795776367,
				"bytes":	3618552,
				"bits_per_second":	2894488.8209250313,
				"packets":	2499,
				"omitted":	false,
				"sender":	true
			}
		}, {
			"streams":	[{
					"socket":	6,
					"start":	20.001308,
					"end":	30.000101,
					"seconds":	9.99879264831543,
					"bytes":	11817128,
					"bits_per_second":	9454843.9321748856,
					"packets":	8161,
					"omitted":	false,
					"sender":	true
				}],
			"sum":	{
				"start":	20.001308,
				"end":	30.000101,
				"seconds":	9.99879264831543,
				"bytes":	11817128,
				"bits_per_second":	9454843.9321748856,
				"packets":	8161,
				"omitted":	false,
				"sender":	true
			}
		}, {
			"streams":	[{
					"socket":	6,
					"start":	30.000101,
					"end":	40.000081,
					"seconds":	9.9999799728393555,
					"bytes":	43374840,
					"bits_per_second":	34699941.494130269,
					"packets":	29955,
					"omitted":	false,
					"sender":	true
				}],
			"sum":	{
				"start":	30.000101,
				"end":	40.000081,
				"seconds":	9.9999799728393555,
				"bytes":	43374840,
				"bits_per_second":	34699941.494130269,
				"packets":	29955,
				"omitted":	false,
				"sender":	true
			}
		}, {
			"streams":	[{
					"socket":	6,
					"start":	40.000081,
					"end":	50.000078,
					"seconds":	9.99999713897705,
					"bytes":	53914832,
					"bits_per_second":	43131877.940129265,
					"packets":	37234,
					"omitted":	false,
					"sender":	true
				}],
			"sum":	{
				"start":	40.000081,
				"end":	50.000078,
				"seconds":	9.99999713897705,
				"bytes":	53914832,
				"bits_per_second":	43131877.940129265,
				"packets":	37234,
				"omitted":	false,
				"sender":	true
			}
		}, {
			"streams":	[{
					"socket":	6,
					"start":	50.000078,
					"end":	60.000098,
					"seconds":	10.000020027160645,
					"bytes":	43694848,
					"bits_per_second":	34955808.393440984,
					"packets":	30176,
					"omitted":	false,
					"sender":	true
				}],
			"sum":	{
				"start":	50.000078,
				"end":	60.000098,
				"seconds":	10.000020027160645,
				"bytes":	43694848,
				"bits_per_second":	34955808.393440984,
				"packets":	30176,
				"omitted":	false,
				"sender":	true
			}
		}, {
			"streams":	[{
					"socket":	6,
					"start":	60.000098,
					"end":	70.000081,
					"seconds":	9.9999828338623047,
					"bytes":	5897704,
					"bits_per_second":	4718171.29927782,
					"packets":	4073,
					"omitted":	false,
					"sender":	true
				}],
			"sum":	{
				"start":	60.000098,
				"end":	70.000081,
				"seconds":	9.9999828338623047,
				"bytes":	5897704,
				"bits_per_second":	4718171.29927782,
				"packets":	4073,
				"omitted":	false,
				"sender":	true
			}
		}, {
			"streams":	[{
					"socket":	6,
					"start":	70.000081,
					"end":	80.000098,
					"seconds":	10.000017166137695,
					"bytes":	7696120,
					"bits_per_second":	6156885.4310056921,
					"packets":	5315,
					"omitted":	false,
					"sender":	true
				}],
			"sum":	{
				"start":	70.000081,
				"end":	80.000098,
				"seconds":	10.000017166137695,
				"bytes":	7696120,
				"bits_per_second":	6156885.4310056921,
				"packets":	5315,
				"omitted":	false,
				"sender":	true
			}
		}, {
			"streams":	[{
					"socket":	6,
					"start":	80.000098,
					"end":	90.000082,
					"seconds":	9.9999837875366211,
					"bytes":	47962104,
					"bits_per_second":	38369745.406809226,
					"packets":	33123,
					"omitted":	false,
					"sender":	true
				}],
			"sum":	{
				"start":	80.000098,
				"end":	90.000082,
				"seconds":	9.9999837875366211,
				"bytes":	47962104,
				"bits_per_second":	38369745.406809226,
				"packets":	33123,
				"omitted":	false,
				"sender":	true
			}
		}, {
			"streams":	[{
					"socket":	6,
					"start":	90.000082,
					"end":	100.0001,
					"seconds":	10.000018119812012,
					"bytes":	53545592,
					"bits_per_second":	42836395.981255755,
					"packets":	36979,
					"omitted":	false,
					"sender":	true
				}],
			"sum":	{
				"start":	90.000082,
				"end":	100.0001,
				"seconds":	10.000018119812012,
				"bytes":	53545592,
				"bits_per_second":	42836395.981255755,
				"packets":	36979,
				"omitted":	false,
				"sender":	true
			}
		}, {
			"streams":	[{
					"socket":	6,
					"start":	100.0001,
					"end":	110.000091,
					"seconds":	9.9999914169311523,
					"bytes":	40397752,
					"bits_per_second":	32318229.338958744,
					"packets":	27899,
					"omitted":	false,
					"sender":	true
				}],
			"sum":	{
				"start":	100.0001,
				"end":	110.000091,
				"seconds":	9.9999914169311523,
				"bytes":	40397752,
				"bits_per_second":	32318229.338958744,
				"packets":	27899,
				"omitted":	false,
				"sender":	true
			}
		}, {
			"streams":	[{
					"socket":	6,
					"start":	110.000091,
					"end":	120.000119,
					"seconds":	10.000027656555176,
					"bytes":	13606856,
					"bits_per_second":	10885454.694582162,
					"packets":	9397,
					"omitted":	false,
					"sender":	true
				}],
			"sum":	{
				"start":	110.000091,
				"end":	120.000119,
				"seconds":	10.000027656555176,
				"bytes":	13606856,
				"bits_per_second":	10885454.694582162,
				"packets":	9397,
				"omitted":	false,
				"sender":	true
			}
		}, {
			"streams":	[{
					"socket":	6,
					"start":	120.000119,
					"end":	130.000022,
					"seconds":	9.9999027252197266,
					"bytes":	55401928,
					"bits_per_second":	44321973.541023746,
					"packets":	38261,
					"omitted":	false,
					"sender":	true
				}],
			"sum":	{
				"start":	120.000119,
				"end":	130.000022,
				"seconds":	9.9999027252197266,
				"bytes":	55401928,
				"bits_per_second":	44321973.541023746,
				"packets":	38261,
				"omitted":	false,
				"sender":	true
			}
		}, {
			"streams":	[{
					"socket":	6,
					"start":	130.000022,
					"end":	140.00009,
					"seconds":	10.000067710876465,
					"bytes":	52702856,
					"bits_per_second":	42161999.317407273,
					"packets":	36397,
					"omitted":	false,
					"sender":	true
				}],
			"sum":	{
				"start":	130.000022,
				"end":	140.00009,
				"seconds":	10.000067710876465,
				"bytes":	52702856,
				"bits_per_second":	42161999.317407273,
				"packets":	36397,
				"omitted":	false,
				"sender":	true
			}
		}, {
			"streams":	[{
					"socket":	6,
					"start":	140.00009,
					"end":	150.000133,
					"seconds":	10.000042915344238,
					"bytes":	24200424,
					"bits_per_second":	19360256.114794429,
					"packets":	16713,
					"omitted":	false,
					"sender":	true
				}],
			"sum":	{
				"start":	140.00009,