{
	"start":	{
		"connected":	[{
				"socket":	6,
				"local_host":	"10.20.15.3",
				"local_port":	34541,
				"remote_host":	"10.20.15.2",
				"remote_port":	5201
			}],
		"version":	"iperf 3.7",
		"system_info":	"Linux node2 5.8.0-1006-raspi #9-Ubuntu SMP PREEMPT Fri Oct 16 12:55:30 UTC 2020 aarch64",
		"timestamp":	{
			"time":	"Sun, 08 Aug 2021 12:55:28 GMT",
			"timesecs":	1628427328
		},
		"connecting_to":	{
			"host":	"10.20.15.2",
			"port":	5201
		},
		"cookie":	"77qudl6gsd2p5apsjt2uvjp46jdc2znd5cza",
		"sock_bufsize":	0,
		"sndbuf_actual":	212992,
		"rcvbuf_actual":	212992,
		"test_start":	{
			"protocol":	"UDP",
			"num_streams":	1,
			"blksize":	1448,
			"omit":	0,
			"duration":	300,
			"bytes":	0,
			"blocks":	0,
			"reverse":	0,
			"tos":	0
		}
	},
	"intervals":	[{
			"streams":	[{
					"socket":	6,
					"start":	0,
					"end":	10.000083,
					"seconds":	10.000082969665527,
					"bytes":	46454736,
					"bits_per_second":	37163480.455845676,
					"packets":	32082,
					"omitted":	false,
					"sender":	true
				}],
			"sum":	{
				"start":	0,
				"end":	10.000083,
				"seconds":	10.000082969665527,
				"bytes":	46454736,
				"bits_per_second":	37163480.455845676,
				"packets":	32082,
				"omitted":	false,
				"sender":	true
			}
		}, {
			"streams":	[{
					"socket":	6,
					"start":	10.000083,
					"end":	20.000096,
					"seconds":	10.00001335144043,
					"bytes":	45552632,
					"bits_per_second":	36442056.944604754,
					"packets":	31459,
					"omitted":	false,
					"sender":	true
				}],
			"sum":	{
				"start":	10.000083,
				"end":	20.000096,
				"seconds":	10.00001335144043,
				"bytes":	45552632,
				"bits_per_second":	36442056.944604754,
				"packets":	31459,
				"omitted":	false,
				"sender":	true
			}
		}, {
			"streams":	[{
					"socket":	6,
					"start":	20.000096,
					"end":	30.000081,
					"seconds":	9.9999847412109375,
					"bytes":	27927576,
					"bits_per_second":	22342094.891331315,
					"packets":	19287,
					"omitted":	false,
					"sender":	true
				}],
			"sum":	{
				"start":	20.000096,
				"end":	30.000081,
				"seconds":	9.9999847412109375,
				"bytes":	27927576,
				"bits_per_second":	22342094.891331315,
				"packets":	19287,
				"omitted":	false,
				"sender":	true
			}
		}, {
			"streams":	[{
					"socket":	6,
					"start":	30.000081,
					"end":	40.000092,
					"seconds":	10.000011444091797,
					"bytes":	26573696,
					"bits_per_second":	21258932.471082531,
					"packets":	18352,
					"omitted":	false,
					"sender":	true
				}],
			"sum":	{
				"start":	30.000081,
				"end":	40.000092,
				"seconds":	10.000011444091797,
				"bytes":	26573696,
				"bits_per_second":	21258932.471082531,
				"packets":	18352,
				"omitted":	false,
				"sender":	true
			}
		}, {
			"streams":	[{
					"socket":	6,
					"start":	40.000092,
					"end":	50.00002,
					"seconds":	9.99992847442627,
					"bytes":	52433528,
					"bits_per_second":	41947122.429199807,
					"packets":	36211,
					"omitted":	false,
					"sender":	true
				}],
			"sum":	{
				"start":	40.000092,
				"end":	50.00002,
				"seconds":	9.99992847442627,
				"bytes":	52433528,
				"bits_per_second":	41947122.429199807,
				"packets":	36211,
				"omitted":	false,
				"sender":	true
			}
		}, {
			"streams":	[{
					"socket":	6,
					"start":	50.00002,
					"end":	60.000119,
					"seconds":	10.000099182128906,
					"bytes":	53736728,
					"bits_per_second":	42988956.026382186,
					"packets":	37111,
					"omitted":	false,
					"sender":	true
				}],
			"sum":	{
				"start":	50.00002,
				"end":	60.000119,
				"seconds":	10.000099182128906,
				"bytes":	53736728,
				"bits_per_second":	42988956.026382186,
				"packets":	37111,
				"omitted":	false,
				"sender":	true
			}
		}, {
			"streams":	[{
					"socket":	6,
					"start":	60.000119,
					"end":	70.00009,
					"seconds":	9.9999713897705078,
					"bytes":	22565632,
					"bits_per_second":	18052557.248780582,
					"packets":	15584,
					"omitted":	false,
					"sender":	true
				}],
			"sum":	{
				"start":	60.000119,
				"end":	70.00009,
				"seconds":	9.9999713897705078,
				"bytes":	22565632,
				"bits_per_second":	18052557.248780582,
				"packets":	15584,
				"omitted":	false,
				"sender":	true
			}
		}, {
			"streams":	[{
					"socket":	6,
					"start":	70.00009,
					"end":	80.000028,
					"seconds":	9.9999380111694336,
					"bytes":	25267600,
					"bits_per_second":	20214205.30549477,
					"packets":	17450,
					"omitted":	false,
					"sender":	true
				}],
			"sum":	{
				"start":	70.00009,
				"end":	80.000028,
				"seconds":	9.9999380111694336,
				"bytes":	25267600,
				"bits_per_second":	20214205.30549477,
				"packets":	17450,
				"omitted":	false,
				"sender":	true
			}
		}, {
			"streams":	[{
					"socket":	6,
					"start":	80.000028,
					"end":	90.000119,
					"seconds":	10.000090599060059,
					"bytes":	32536560,
					"bits_per_second":	26029012.179596227,
					"packets":	22470,
					"omitted":	false,
					"sender":	true
				}],
			"sum":	{
				"start":	80.000028,
				"end":	90.000119,
				"seconds":	10.000090599060059,
				"bytes":	32536560,
				"bits_per_second":	26029012.179596227,
				"packets":	22470,
				"omitted":	false,
				"sender":	true
			}
		}, {
			"streams":	[{
					"socket":	6,
					"start":	90.000119,
					"end":	100.000145,
					"seconds":	10.000025749206543,
					"bytes":	37943392,
					"bits_per_second":	30354635.439222254,
					"packets":	26204,
					"omitted":	false,
					"sender":	true
				}],
			"sum":	{
				"start":	90.000119,
				"end":	100.000145,
				"seconds":	10.000025749206543,
				"bytes":	37943392,
				"bits_per_second":	30354635.439222254,
				"packets":	26204,
				"omitted":	false,
				"sender":	true
			}
		}, {
			"streams":	[{
					"socket":	6,
					"start":	100.000145,
					"end":	110.000096,
					"seconds":	9.9999513626098633,
					"bytes":	34487016,
					"bits_per_second":	27589746.989328809,
					"packets":	23817,
					"omitted":	false,
					"sender":	true
				}],
			"sum":	{
				"start":	100.000145,
				"end":	110.000096,
				"seconds":	9.9999513626098633,
				"bytes":	34487016,
				"bits_per_second":	27589746.989328809,
				"packets":	23817,
				"omitted":	false,
				"sender":	true
			}
		}, {
			"streams":	[{
					"socket":	6,
					"start":	110.000096,
					"end":	120.000091,
					"seconds":	9.999995231628418,
					"bytes":	22918944,
					"bits_per_second":	18335163.94288747,
					"packets":	15828,
					"omitted":	false,
					"sender":	true
				}],
			"sum":	{
				"start":	110.000096,
				"end":	120.000091,
				"seconds":	9.999995231628418,
				"bytes":	22918944,
				"bits_per_second":	18335163.94288747,
				"packets":	15828,
				"omitted":	false,
				"sender":	true
			}
		}, {
			"streams":	[{
					"socket":	6,
					"start":	120.000091,
					"end":	130.000119,
					"seconds":	10.000027656555176,
					"bytes":	52542128,
					"bits_per_second":	42033586.149580538,
					"packets":	36286,
					"omitted":	false,
					"sender":	true
				}],
			"sum":	{
				"start":	120.000091,
				"end":	130.000119,
				"seconds":	10.000027656555176,
				"bytes":	52542128,
				"bits_per_second":	42033586.149580538,
				"packets":	36286,
				"omitted":	false,
				"sender":	true
			}
		}, {
			"streams":	[{
					"socket":	6,
					"start":	130.000119,
					"end":	140.000067,
					"seconds":	9.9999475479125977,
					"bytes":	54450592,
					"bits_per_second":	43560702.08497531,
					"packets":	37604,
					"omitted":	false,
					"sender":	true
				}],
			"sum":	{
				"start":	130.000119,
				"end":	140.000067,
				"seconds":	9.9999475479125977,
				"bytes":	54450592,
				"bits_per_second":	43560702.08497531,
				"packets":	37604,
				"omitted":	false,
				"sender":	true
			}
		}, {
			"streams":	[{
					"socket":	6,
					"start":	140.000067,
					"end":	150.00008,
					"seconds":	10.00001335144043,
					"bytes":	27255704,
					"bits_per_second":	21804534.087806202,
					"packets":	18823,
					"omitted":	false,
					"sender":	true
				}],
			"sum":	{
				"start":	140.000067,