{
	"start":	{
		"connected":	[{
				"socket":	6,
				"local_host":	"10.20.15.3",
				"local_port":	56994,
				"remote_host":	"10.20.15.2",
				"remote_port":	5201
			}],
		"version":	"iperf 3.7",
		"system_info":	"Linux node2 5.8.0-1006-raspi #9-Ubuntu SMP PREEMPT Fri Oct 16 12:55:30 UTC 2020 aarch64",
		"timestamp":	{
			"time":	"Sun, 08 Aug 2021 10:25:39 GMT",
			"timesecs":	1628418339
		},
		"connecting_to":	{
			"host":	"10.20.15.2",
			"port":	5201
		},
		"cookie":	"qs5sbrj3rtytsujoruc4xzphqoj5nxugh3jg",
		"sock_bufsize":	0,
		"sndbuf_actual":	212992,
		"rcvbuf_actual":	212992,
		"test_start":	{
			"protocol":	"UDP",
			"num_streams":	1,
			"blksize":	1448,
			"omit":	0,
			"duration":	300,
			"bytes":	0,
			"blocks":	0,
			"reverse":	0,
			"tos":	0
		}
	},
	"intervals":	[{
			"streams":	[{
					"socket":	6,
					"start":	0,
					"end":	10.00008,
					"seconds":	10.000080108642578,
					"bytes":	54446248,
					"bits_per_second":	43556649.47359354,
					"packets":	37601,
					"omitted":	false,
					"sender":	true
				}],
			"sum":	{
				"start":	0,
				"end":	10.00008,
				"seconds":	10.000080108642578,
				"bytes":	54446248,
				"bits_per_second":	43556649.47359354,
				"packets":	37601,
				"omitted":	false,
				"sender":	true
			}
		}, {
			"streams":	[{
					"socket":	6,
					"start":	10.00008,
					"end":	20.001152,
					"seconds":	10.001071929931641,
					"bytes":	53938000,
					"bits_per_second":	43145775.075227305,
					"packets":	37250,
					"omitted":	false,
					"sender":	true
				}],
			"sum":	{
				"start":	10.00008,
				"end":	20.001152,
				"seconds":	10.001071929931641,
				"bytes":	53938000,
				"bits_per_second":	43145775.075227305,
				"packets":	37250,
				"omitted":	false,
				"sender":	true
			}
		}, {
			"streams":	[{
					"socket":	6,
					"start":	20.001152,
					"end":	30.000055,
					"seconds":	9.9989032745361328,
					"bytes":	53043136,
					"bits_per_second":	42439163.211095884,
					"packets":	36632,
					"omitted":	false,
					"sender":	true
				}],
			"sum":	{
				"start":	20.001152,
				"end":	30.000055,
				"seconds":	9.9989032745361328,
				"bytes":	53043136,
				"bits_per_second":	42439163.211095884,
				"packets":	36632,
				"omitted":	false,
				"sender":	true
			}
		}, {
			"streams":	[{
					"socket":	6,
					"start":	30.000055,
					"end":	40.000222,
					"seconds":	10.000166893005371,
					"bytes":	50367232,
					"bits_per_second":	40293113.1361253,
					"packets":	34784,
					"omitted":	false,
					"sender":	true
				}],
			"sum":	{
				"start":	30.000055,
				"end":	40.000222,
				"seconds":	10.000166893005371,
				"bytes":	50367232,
				"bits_per_second":	40293113.1361253,
				"packets":	34784,
				"omitted":	false,
				"sender":	true
			}
		}, {
			"streams":	[{
					"socket":	6,
					"start":	40.000222,
					"end":	50.000104,
					"seconds":	9.9998817443847656,
					"bytes":	47404624,
					"bits_per_second":	37924147.674341545,
					"packets":	32738,
					"omitted":	false,
					"sender":	true
				}],
			"sum":	{
				"start":	40.000222,
				"end":	50.000104,
				"seconds":	9.9998817443847656,
				"bytes":	47404624,
				"bits_per_second":	37924147.674341545,
				"packets":	32738,
				"omitted":	false,
				"sender":	true
			}
		}, {
			"streams":	[{
					"socket":	6,
					"start":	50.000104,
					"end":	60.00009,
					"seconds":	9.9999856948852539,
					"bytes":	1581216,
					"bits_per_second":	1264974.6095606941,
					"packets":	1092,
					"omitted":	false,
					"sender":	true
				}],
			"sum":	{
				"start":	50.000104,
				"end":	60.00009,
				"seconds":	9.9999856948852539,
				"bytes":	1581216,
				"bits_per_second":	1264974.6095606941,
				"packets":	1092,
				"omitted":	false,
				"sender":	true
			}
		}, {
			"streams":	[{
					"socket":	6,
					"start":	60.00009,
					"end":	70.000111,
					"seconds":	10.000020980834961,
					"bytes":	4106528,
					"bits_per_second":	3285215.5073435628,
					"packets":	2836,
					"omitted":	false,
					"sender":	true
				}],
			"sum":	{
				"start":	60.00009,
				"end":	70.000111,
				"seconds":	10.000020980834961,
				"bytes":	4106528,
				"bits_per_second":	3285215.5073435628,
				"packets":	2836,
				"omitted":	false,
				"sender":	true
			}
		}, {
			"streams":	[{
					"socket":	6,
					"start":	70.000111,
					"end":	80.000083,
					"seconds":	9.9999723434448242,
					"bytes":	7804720,
					"bits_per_second":	6243793.2681813026,
					"packets":	5390,
					"omitted":	false,
					"sender":	true
				}],
			"sum":	{
				"start":	70.000111,
				"end":	80.000083,
				"seconds":	9.9999723434448242,
				"bytes":	7804720,
				"bits_per_second":	6243793.2681813026,
				"packets":	5390,
				"omitted":	false,
				"sender":	true
			}
		}, {
			"streams":	[{
					"socket":	6,
					"start":	80.000083,
					"end":	90.00009,
					"seconds":	10.000006675720215,
					"bytes":	1553704,
					"bits_per_second":	1242962.3702330978,
					"packets":	1073,
					"omitted":	false,
					"sender":	true
				}],
			"sum":	{
				"start":	80.000083,
				"end":	90.00009,
				"seconds":	10.000006675720215,
				"bytes":	1553704,
				"bits_per_second":	1242962.3702330978,
				"packets":	1073,
				"omitted":	false,
				"sender":	true
			}
		}, {
			"streams":	[{
					"socket":	6,
					"start":	90.00009,
					"end":	100.000092,
					"seconds":	10.000001907348633,
					"bytes":	44563648,
					"bits_per_second":	35650911.600128248,
					"packets":	30776,
					"omitted":	false,
					"sender":	true
				}],
			"sum":	{
				"start":	90.00009,
				"end":	100.000092,
				"seconds":	10.000001907348633,
				"bytes":	44563648,
				"bits_per_second":	35650911.600128248,
				"packets":	30776,
				"omitted":	false,
				"sender":	true
			}
		}, {
			"streams":	[{
					"socket":	6,
					"start":	100.000092,
					"end":	110.00007,
					"seconds":	9.9999780654907227,
					"bytes":	52468280,
					"bits_per_second":	41974716.069479905,
					"packets":	36235,
					"omitted":	false,
					"sender":	true
				}],
			"sum":	{
				"start":	100.000092,
				"end":	110.00007,
				"seconds":	9.9999780654907227,
				"bytes":	52468280,
				"bits_per_second":	41974716.069479905,
				"packets":	36235,
				"omitted":	false,
				"sender":	true
			}
		}, {
			"streams":	[{
					"socket":	6,
					"start":	110.00007,
					"end":	120.00007,
					"seconds":	10,
					"bytes":	51212864,
					"bits_per_second":	40970291.2,
					"packets":	35368,
					"omitted":	false,
					"sender":	true
				}],
			"sum":	{
				"start":	110.00007,
				"end":	120.00007,
				"seconds":	10,
				"bytes":	51212864,
				"bits_per_second":	40970291.2,
				"packets":	35368,
				"omitted":	false,
				"sender":	true
			}
		}, {
			"streams":	[{
					"socket":	6,
					"start":	120.00007,
					"end":	130.000092,
					"seconds":	10.000021934509277,
					"bytes":	53205312,
					"bits_per_second":	42564156.237612009,
					"packets":	36744,
					"omitted":	false,
					"sender":	true
				}],
			"sum":	{
				"start":	120.00007,
				"end":	130.000092,
				"seconds":	10.000021934509277,
				"bytes":	53205312,
				"bits_per_second":	42564156.237612009,
				"packets":	36744,
				"omitted":	false,
				"sender":	true
			}
		}, {
			"streams":	[{
					"socket":	6,
					"start":	130.000092,
					"end":	140.000432,
					"seconds":	10.000340461730957,
					"bytes":	43731048,
					"bits_per_second":	34983647.340687118,
					"packets":	30201,
					"omitted":	false,
					"sender":	true
				}],
			"sum":	{
				"start":	130.000092,
				"end":	140.000432,
				"seconds":	10.000340461730957,
				"bytes":	43731048,
				"bits_per_second":	34983647.340687118,
				"packets":	30201,
				"omitted":	false,
				"sender":	true
			}
		}, {
			"streams":	[{
					"socket":	6,
					"start":	140.000432,
					"end":	150.000099,
					"seconds":	9.9996671676635742,
					"bytes":	1461032,
					"bits_per_second":	1168864.5035903696,
					"packets":	1009,
					"omitted":	false,
					"sender":	true
				}],
			"sum":	{
				"start":	140.000432,
				"end":	150.000099,
				"seconds":	9.9996671676635742,