{"sweeping": {"5": 0.5122475194038102, "10": 0.49432596984476107, "15": 0.5006923456925051, "20": 0.50007961553816}, "hopping": {"5": 0.504008630961868, "10": 0.5030703212399684, "15": 0.5166870069566828, "20": 0.5502731518797312}}