{
	"start":	{
		"connected":	[{
				"socket":	6,
				"local_host":	"10.20.15.3",
				"local_port":	50760,
				"remote_host":	"10.20.15.2",
				"remote_port":	5201
			}],
		"version":	"iperf 3.7",
		"system_info":	"Linux node2 5.8.0-1006-raspi #9-Ubuntu SMP PREEMPT Fri Oct 16 12:55:30 UTC 2020 aarch64",
		"timestamp":	{
			"time":	"Sun, 08 Aug 2021 09:26:18 GMT",
			"timesecs":	1628414778
		},
		"connecting_to":	{
			"host":	"10.20.15.2",
			"port":	5201
		},
		"cookie":	"4cfayzmkguhiseytalshlq3qrpki5ockcjpu",
		"sock_bufsize":	0,
		"sndbuf_actual":	212992,
		"rcvbuf_actual":	212992,
		"test_start":	{
			"protocol":	"UDP",
			"num_streams":	1,
			"blksize":	1448,
			"omit":	0,
			"duration":	30,
			"bytes":	0,
			"blocks":	0,
			"reverse":	0,
			"tos":	0
		}
	},
	"intervals":	[{
			"streams":	[{
					"socket":	6,
					"start":	0,
					"end":	10.000099,
					"seconds":	10.000099182128906,
					"bytes":	40370240,
					"bits_per_second":	32295871.682669163,
					"packets":	27880,
					"omitted":	false,
					"sender":	true
				}],
			"sum":	{
				"start":	0,
				"end":	10.000099,
				"seconds":	10.000099182128906,
				"bytes":	40370240,
				"bits_per_second":	32295871.682669163,
				"packets":	27880,
				"omitted":	false,
				"sender":	true
			}
		}, {
			"streams":	[{
					"socket":	6,
					"start":	10.000099,
					"end":	20.000094,
					"seconds":	9.999995231628418,
					"bytes":	37682752,
					"bits_per_second":	30146215.974835955,
					"packets":	26024,
					"omitted":	false,
					"sender":	true
				}],
			"sum":	{
				"start":	10.000099,
				"end":	20.000094,
				"seconds":	9.999995231628418,
				"bytes":	37682752,
				"bits_per_second":	30146215.974835955,
				"packets":	26024,
				"omitted":	false,
				"sender":	true
			}
		}, {
			"streams":	[{
					"socket":	6,
					"start":	20.000094,
					"end":	30.000157,
					"seconds":	10.000062942504883,
					"bytes":	40460016,
					"bits_per_second":	32367809.068901964,
					"packets":	27942,
					"omitted":	false,
					"sender":	true
				}],
			"sum":	{
				"start":	20.000094,
				"end":	30.000157,
				"seconds":	10.000062942504883,
				"bytes":	40460016,
				"bits_per_second":	32367809.068901964,
				"packets":	27942,
				"omitted":	false,
				"sender":	true
			}
		}],
	"end":	{
		"streams":	[{
				"udp":	{
					"socket":	6,
					"start":	0,
					"end":	30.000157,
					"seconds":	30.000157,
					"bytes":	118513008,
					"bits_per_second":	31603303.409378823,
					"jitter_ms":	0.68629766890526733,
					"lost_packets":	8530,
					"packets":	81846,
					"lost_percent":	10.422012071451261,
					"out_of_order":	0,
					"sender":	true
				}
			}],
		"sum":	{
			"start":	0,
			"end":	30.00749,
			"seconds":	30.00749,
			"bytes":	118513008,
			"bits_per_second":	31603303.409378823,
			"jitter_ms":	0.68629766890526733,
			"lost_packets":	8530,
			"packets":	81846,
			"lost_percent":	10.422012071451261,
			"sender":	true
		},
		"cpu_utilization_percent":	{
			"host_total":	19.376289178531277,
			"host_user":	1.5011519716142463,
			"host_system":	17.875247172387869,
			"remote_total":	11.359717578730288,
			"remote_user":	0.91644292473161537,
			"remote_system":	10.443267992616924
		}
	}
}
