{
	"start":	{
		"connected":	[{
				"socket":	6,
				"local_host":	"10.20.15.3",
				"local_port":	42142,
				"remote_host":	"10.20.15.2",
				"remote_port":	5201
			}],
		"version":	"iperf 3.7",
		"system_info":	"Linux node2 5.8.0-1006-raspi #9-Ubuntu SMP PREEMPT Fri Oct 16 12:55:30 UTC 2020 aarch64",
		"timestamp":	{
			"time":	"Sun, 08 Aug 2021 09:03:20 GMT",
			"timesecs":	1628413400
		},
		"connecting_to":	{
			"host":	"10.20.15.2",
			"port":	5201
		},
		"cookie":	"rpqgevt5snjd6lw6elixnrxilrexdier3p2c",
		"sock_bufsize":	0,
		"sndbuf_actual":	212992,
		"rcvbuf_actual":	212992,
		"test_start":	{
			"protocol":	"UDP",
			"num_streams":	1,
			"blksize":	1448,
			"omit":	0,
			"duration":	30,
			"bytes":	0,
			"blocks":	0,
			"reverse":	0,
			"tos":	0
		}
	},
	"intervals":	[{
			"streams":	[{
					"socket":	6,
					"start":	0,
					"end":	10.00009,
					"seconds":	10.000089645385742,
					"bytes":	49258064,
					"bits_per_second":	39406097.942514934,
					"packets":	34018,
					"omitted":	false,
					"sender":	true
				}],
			"sum":	{
				"start":	0,
				"end":	10.00009,
				"seconds":	10.000089645385742,
				"bytes":	49258064,
				"bits_per_second":	39406097.942514934,
				"packets":	34018,
				"omitted":	false,
				"sender":	true
			}
		}, {
			"streams":	[{
					"socket":	6,
					"start":	10.00009,
					"end":	20.00008,
					"seconds":	9.9999904632568359,
					"bytes":	47426344,
					"bits_per_second":	37941111.383463465,
					"packets":	32753,
					"omitted":	false,
					"sender":	true
				}],
			"sum":	{
				"start":	10.00009,
				"end":	20.00008,
				"seconds":	9.9999904632568359,
				"bytes":	47426344,
				"bits_per_second":	37941111.383463465,
				"packets":	32753,
				"omitted":	false,
				"sender":	true
			}
		}, {
			"streams":	[{
					"socket":	6,
					"start":	20.00008,
					"end":	30.0001,
					"seconds":	10.000020027160645,
					"bytes":	46644424,
					"bits_per_second":	37315464.46771986,
					"packets":	32213,
					"omitted":	false,
					"sender":	true
				}],
			"sum":	{
				"start":	20.00008,
				"end":	30.0001,
				"seconds":	10.000020027160645,
				"bytes":	46644424,
				"bits_per_second":	37315464.46771986,
				"packets":	32213,
				"omitted":	false,
				"sender":	true
			}
		}],
	"end":	{
		"streams":	[{
				"udp":	{
					"socket":	6,
					"start":	0,
					"end":	30.0001,
					"seconds":	30.0001,
					"bytes":	143328832,
					"bits_per_second":	38220894.463685118,
					"jitter_ms":	0.22207546556772234,
					"lost_packets":	4013,
					"packets":	98984,
					"lost_percent":	4.0541905762547481,
					"out_of_order":	0,
					"sender":	true
				}
			}],
		"sum":	{
			"start":	0,
			"end":	30.002701,
			"seconds":	30.002701,
			"bytes":	143328832,
			"bits_per_second":	38220894.463685118,
			"jitter_ms":	0.22207546556772234,
			"lost_packets":	4013,
			"packets":	98984,
			"lost_percent":	4.0541905762547481,
			"sender":	true
		},
		"cpu_utilization_percent":	{
			"host_total":	22.306903114955983,
			"host_user":	1.6828875006190163,
			"host_system":	20.624002284244625,
			"remote_total":	14.913334218428787,
			"remote_user":	1.1897248746859757,
			"remote_system":	13.723606012141353
		}
	}
}
