{
	"start":	{
		"connected":	[{
				"socket":	6,
				"local_host":	"10.20.15.3",
				"local_port":	40524,
				"remote_host":	"10.20.15.2",
				"remote_port":	5201
			}],
		"version":	"iperf 3.7",
		"system_info":	"Linux node2 5.8.0-1006-raspi #9-Ubuntu SMP PREEMPT Fri Oct 16 12:55:30 UTC 2020 aarch64",
		"timestamp":	{
			"time":	"Sun, 08 Aug 2021 09:02:20 GMT",
			"timesecs":	1628413340
		},
		"connecting_to":	{
			"host":	"10.20.15.2",
			"port":	5201
		},
		"cookie":	"pkfee6kxlko6lwag64kfckpsxyyj5dha3huh",
		"sock_bufsize":	0,
		"sndbuf_actual":	212992,
		"rcvbuf_actual":	212992,
		"test_start":	{
			"protocol":	"UDP",
			"num_streams":	1,
			"blksize":	1448,
			"omit":	0,
			"duration":	30,
			"bytes":	0,
			"blocks":	0,
			"reverse":	0,
			"tos":	0
		}
	},
	"intervals":	[{
			"streams":	[{
					"socket":	6,
					"start":	0,
					"end":	10.000099,
					"seconds":	10.000099182128906,
					"bytes":	50163064,
					"bits_per_second":	40130053.181589231,
					"packets":	34643,
					"omitted":	false,
					"sender":	true
				}],
			"sum":	{
				"start":	0,
				"end":	10.000099,
				"seconds":	10.000099182128906,
				"bytes":	50163064,
				"bits_per_second":	40130053.181589231,
				"packets":	34643,
				"omitted":	false,
				"sender":	true
			}
		}, {
			"streams":	[{
					"socket":	6,
					"start":	10.000099,
					"end":	20.000082,
					"seconds":	9.9999828338623047,
					"bytes":	49026384,
					"bits_per_second":	39221174.527608253,
					"packets":	33858,
					"omitted":	false,
					"sender":	true
				}],
			"sum":	{
				"start":	10.000099,
				"end":	20.000082,
				"seconds":	9.9999828338623047,
				"bytes":	49026384,
				"bits_per_second":	39221174.527608253,
				"packets":	33858,
				"omitted":	false,
				"sender":	true
			}
		}, {
			"streams":	[{
					"socket":	6,
					"start":	20.000082,
					"end":	30.000131,
					"seconds":	10.000048637390137,
					"bytes":	47174392,
					"bits_per_second":	37739330.045748107,
					"packets":	32579,
					"omitted":	false,
					"sender":	true
				}],
			"sum":	{
				"start":	20.000082,
				"end":	30.000131,
				"seconds":	10.000048637390137,
				"bytes":	47174392,
				"bits_per_second":	37739330.045748107,
				"packets":	32579,
				"omitted":	false,
				"sender":	true
			}
		}],
	"end":	{
		"streams":	[{
				"udp":	{
					"socket":	6,
					"start":	0,
					"end":	30.000131,
					"seconds":	30.000131,
					"bytes":	146363840,
					"bits_per_second":	39030186.9015172,
					"jitter_ms":	0.48886664123250817,
					"lost_packets":	4292,
					"packets":	101080,
					"lost_percent":	4.246141669964385,
					"out_of_order":	0,
					"sender":	true
				}
			}],
		"sum":	{
			"start":	0,
			"end":	30.00766,
			"seconds":	30.00766,
			"bytes":	146363840,
			"bits_per_second":	39030186.9015172,
			"jitter_ms":	0.48886664123250817,
			"lost_packets":	4292,
			"packets":	101080,
			"lost_percent":	4.246141669964385,
			"sender":	true
		},
		"cpu_utilization_percent":	{
			"host_total":	22.915032539484624,
			"host_user":	1.9015375867800672,
			"host_system":	21.013494952704555,
			"remote_total":	14.731906419957758,
			"remote_user":	1.0895981884562045,
			"remote_system":	13.642314892960513
		}
	}
}
