{
	"start":	{
		"connected":	[{
				"socket":	6,
				"local_host":	"10.20.15.3",
				"local_port":	60504,
				"remote_host":	"10.20.15.2",
				"remote_port":	5201
			}],
		"version":	"iperf 3.7",
		"system_info":	"Linux node2 5.8.0-1006-raspi #9-Ubuntu SMP PREEMPT Fri Oct 16 12:55:30 UTC 2020 aarch64",
		"timestamp":	{
			"time":	"Sun, 08 Aug 2021 09:01:20 GMT",
			"timesecs":	1628413280
		},
		"connecting_to":	{
			"host":	"10.20.15.2",
			"port":	5201
		},
		"cookie":	"63esurtsugxclop5axq7yn5weinmyhdy7nkl",
		"sock_bufsize":	0,
		"sndbuf_actual":	212992,
		"rcvbuf_actual":	212992,
		"test_start":	{
			"protocol":	"UDP",
			"num_streams":	1,
			"blksize":	1448,
			"omit":	0,
			"duration":	30,
			"bytes":	0,
			"blocks":	0,
			"reverse":	0,
			"tos":	0
		}
	},
	"intervals":	[{
			"streams":	[{
					"socket":	6,
					"start":	0,
					"end":	10.000078,
					"seconds":	10.000078201293945,
					"bytes":	50235464,
					"bits_per_second":	40188056.924194738,
					"packets":	34693,
					"omitted":	false,
					"sender":	true
				}],
			"sum":	{
				"start":	0,
				"end":	10.000078,
				"seconds":	10.000078201293945,
				"bytes":	50235464,
				"bits_per_second":	40188056.924194738,
				"packets":	34693,
				"omitted":	false,
				"sender":	true
			}
		}, {
			"streams":	[{
					"socket":	6,
					"start":	10.000078,
					"end":	20.000096,
					"seconds":	10.000018119812012,
					"bytes":	51130328,
					"bits_per_second":	40904188.282379784,
					"packets":	35311,
					"omitted":	false,
					"sender":	true
				}],
			"sum":	{
				"start":	10.000078,
				"end":	20.000096,
				"seconds":	10.000018119812012,
				"bytes":	51130328,
				"bits_per_second":	40904188.282379784,
				"packets":	35311,
				"omitted":	false,
				"sender":	true
			}
		}, {
			"streams":	[{
					"socket":	6,
					"start":	20.000096,
					"end":	30.000114,
					"seconds":	10.000018119812012,
					"bytes":	50081976,
					"bits_per_second":	40065508.202052325,
					"packets":	34587,
					"omitted":	false,
					"sender":	true
				}],
			"sum":	{
				"start":	20.000096,
				"end":	30.000114,
				"seconds":	10.000018119812012,
				"bytes":	50081976,
				"bits_per_second":	40065508.202052325,
				"packets":	34587,
				"omitted":	false,
				"sender":	true
			}
		}],
	"end":	{
		"streams":	[{
				"udp":	{
					"socket":	6,
					"start":	0,
					"end":	30.000114,
					"seconds":	30.000114,
					"bytes":	151447768,
					"bits_per_second":	40385918.000178263,
					"jitter_ms":	0.3646553571294508,
					"lost_packets":	2490,
					"packets":	104591,
					"lost_percent":	2.3807019724450478,
					"out_of_order":	0,
					"sender":	true
				}
			}],
		"sum":	{
			"start":	0,
			"end":	30.004051,
			"seconds":	30.004051,
			"bytes":	151447768,
			"bits_per_second":	40385918.000178263,
			"jitter_ms":	0.3646553571294508,
			"lost_packets":	2490,
			"packets":	104591,
			"lost_percent":	2.3807019724450478,
			"sender":	true
		},
		"cpu_utilization_percent":	{
			"host_total":	23.476408093897327,
			"host_user":	1.9592510149726565,
			"host_system":	21.517150414680902,
			"remote_total":	2.1264917464643704,
			"remote_user":	0.20026783569303463,
			"remote_system":	1.9262234525816571
		}
	}
}
