{
	"start":	{
		"connected":	[{
				"socket":	6,
				"local_host":	"10.20.15.3",
				"local_port":	37491,
				"remote_host":	"10.20.15.2",
				"remote_port":	5201
			}],
		"version":	"iperf 3.7",
		"system_info":	"Linux node2 5.8.0-1006-raspi #9-Ubuntu SMP PREEMPT Fri Oct 16 12:55:30 UTC 2020 aarch64",
		"timestamp":	{
			"time":	"Sun, 08 Aug 2021 09:03:50 GMT",
			"timesecs":	1628413430
		},
		"connecting_to":	{
			"host":	"10.20.15.2",
			"port":	5201
		},
		"cookie":	"q7lig67yn2id4yodjqctlqtpdslhqskul3dm",
		"sock_bufsize":	0,
		"sndbuf_actual":	212992,
		"rcvbuf_actual":	212992,
		"test_start":	{
			"protocol":	"UDP",
			"num_streams":	1,
			"blksize":	1448,
			"omit":	0,
			"duration":	30,
			"bytes":	0,
			"blocks":	0,
			"reverse":	0,
			"tos":	0
		}
	},
	"intervals":	[{
			"streams":	[{
					"socket":	6,
					"start":	0,
					"end":	10.00006,
					"seconds":	10.000060081481934,
					"bytes":	48150344,
					"bits_per_second":	38520043.765868641,
					"packets":	33253,
					"omitted":	false,
					"sender":	true
				}],
			"sum":	{
				"start":	0,
				"end":	10.00006,
				"seconds":	10.000060081481934,
				"bytes":	48150344,
				"bits_per_second":	38520043.765868641,
				"packets":	33253,
				"omitted":	false,
				"sender":	true
			}
		}, {
			"streams":	[{
					"socket":	6,
					"start":	10.00006,
					"end":	20.000087,
					"seconds":	10.000026702880859,
					"bytes":	46702344,
					"bits_per_second":	37361775.433296189,
					"packets":	32253,
					"omitted":	false,
					"sender":	true
				}],
			"sum":	{
				"start":	10.00006,
				"end":	20.000087,
				"seconds":	10.000026702880859,
				"bytes":	46702344,
				"bits_per_second":	37361775.433296189,
				"packets":	32253,
				"omitted":	false,
				"sender":	true
			}
		}, {
			"streams":	[{
					"socket":	6,
					"start":	20.000087,
					"end":	30.000118,
					"seconds":	10.000031471252441,
					"bytes":	45247104,
					"bits_per_second":	36197569.281715937,
					"packets":	31248,
					"omitted":	false,
					"sender":	true
				}],
			"sum":	{
				"start":	20.000087,
				"end":	30.000118,
				"seconds":	10.000031471252441,
				"bytes":	45247104,
				"bits_per_second":	36197569.281715937,
				"packets":	31248,
				"omitted":	false,
				"sender":	true
			}
		}],
	"end":	{
		"streams":	[{
				"udp":	{
					"socket":	6,
					"start":	0,
					"end":	30.000118,
					"seconds":	30.000118,
					"bytes":	140099792,
					"bits_per_second":	37359797.584796168,
					"jitter_ms":	0.42044896708358787,
					"lost_packets":	3220,
					"packets":	96754,
					"lost_percent":	3.3280277817971351,
					"out_of_order":	0,
					"sender":	true
				}
			}],
		"sum":	{
			"start":	0,
			"end":	30.003619,
			"seconds":	30.003619,
			"bytes":	140099792,
			"bits_per_second":	37359797.584796168,
			"jitter_ms":	0.42044896708358787,
			"lost_packets":	3220,
			"packets":	96754,
			"lost_percent":	3.3280277817971351,
			"sender":	true
		},
		"cpu_utilization_percent":	{
			"host_total":	22.2121335091982,
			"host_user":	1.7570990042333603,
			"host_system":	20.455034504964836,
			"remote_total":	14.344212788233907,
			"remote_user":	1.0902286122696809,
			"remote_system":	13.253977513156215
		}
	}
}
