{
	"start":	{
		"connected":	[{
				"socket":	6,
				"local_host":	"10.20.15.3",
				"local_port":	45481,
				"remote_host":	"10.20.15.2",
				"remote_port":	5201
			}],
		"version":	"iperf 3.7",
		"system_info":	"Linux node2 5.8.0-1006-raspi #9-Ubuntu SMP PREEMPT Fri Oct 16 12:55:30 UTC 2020 aarch64",
		"timestamp":	{
			"time":	"Sun, 08 Aug 2021 09:58:46 GMT",
			"timesecs":	1628416726
		},
		"connecting_to":	{
			"host":	"10.20.15.2",
			"port":	5201
		},
		"cookie":	"jxxwtb7wbwkbtukbeiv33y3m7badehtayjha",
		"sock_bufsize":	0,
		"sndbuf_actual":	212992,
		"rcvbuf_actual":	212992,
		"test_start":	{
			"protocol":	"UDP",
			"num_streams":	1,
			"blksize":	1448,
			"omit":	0,
			"duration":	30,
			"bytes":	0,
			"blocks":	0,
			"reverse":	0,
			"tos":	0
		}
	},
	"intervals":	[{
			"streams":	[{
					"socket":	6,
					"start":	0,
					"end":	10.000081,
					"seconds":	10.000081062316895,
					"bytes":	50155824,
					"bits_per_second":	40124333.942852676,
					"packets":	34638,
					"omitted":	false,
					"sender":	true
				}],
			"sum":	{
				"start":	0,
				"end":	10.000081,
				"seconds":	10.000081062316895,
				"bytes":	50155824,
				"bits_per_second":	40124333.942852676,
				"packets":	34638,
				"omitted":	false,
				"sender":	true
			}
		}, {
			"streams":	[{
					"socket":	6,
					"start":	10.000081,
					"end":	20.00009,
					"seconds":	10.000008583068848,
					"bytes":	52423392,
					"bits_per_second":	41938677.603744276,
					"packets":	36204,
					"omitted":	false,
					"sender":	true
				}],
			"sum":	{
				"start":	10.000081,
				"end":	20.00009,
				"seconds":	10.000008583068848,
				"bytes":	52423392,
				"bits_per_second":	41938677.603744276,
				"packets":	36204,
				"omitted":	false,
				"sender":	true
			}
		}, {
			"streams":	[{
					"socket":	6,
					"start":	20.00009,
					"end":	30.000108,
					"seconds":	10.000018119812012,
					"bytes":	52430632,
					"bits_per_second":	41944429.597482078,
					"packets":	36209,
					"omitted":	false,
					"sender":	true
				}],
			"sum":	{
				"start":	20.00009,
				"end":	30.000108,
				"seconds":	10.000018119812012,
				"bytes":	52430632,
				"bits_per_second":	41944429.597482078,
				"packets":	36209,
				"omitted":	false,
				"sender":	true
			}
		}],
	"end":	{
		"streams":	[{
				"udp":	{
					"socket":	6,
					"start":	0,
					"end":	30.000108,
					"seconds":	30.000108,
					"bytes":	155009848,
					"bits_per_second":	41335810.6577483,
					"jitter_ms":	0.38972013940312056,
					"lost_packets":	2607,
					"packets":	107051,
					"lost_percent":	2.4352878534530271,
					"out_of_order":	0,
					"sender":	true
				}
			}],
		"sum":	{
			"start":	0,
			"end":	30.002484,
			"seconds":	30.002484,
			"bytes":	155009848,
			"bits_per_second":	41335810.6577483,
			"jitter_ms":	0.38972013940312056,
			"lost_packets":	2607,
			"packets":	107051,
			"lost_percent":	2.4352878534530271,
			"sender":	true
		},
		"cpu_utilization_percent":	{
			"host_total":	23.896531752937804,
			"host_user":	1.5939545845348166,
			"host_system":	22.302567170736779,
			"remote_total":	15.632048473827547,
			"remote_user":	1.2352026920487211,
			"remote_system":	14.396849113258412
		}
	}
}
