{
	"start":	{
		"connected":	[{
				"socket":	6,
				"local_host":	"10.20.15.3",
				"local_port":	40431,
				"remote_host":	"10.20.15.2",
				"remote_port":	5201
			}],
		"version":	"iperf 3.7",
		"system_info":	"Linux node2 5.8.0-1006-raspi #9-Ubuntu SMP PREEMPT Fri Oct 16 12:55:30 UTC 2020 aarch64",
		"timestamp":	{
			"time":	"Sun, 08 Aug 2021 09:35:13 GMT",
			"timesecs":	1628415313
		},
		"connecting_to":	{
			"host":	"10.20.15.2",
			"port":	5201
		},
		"cookie":	"ia4ltrgizjbktgspk2pvf2iv5syzprjrqbax",
		"sock_bufsize":	0,
		"sndbuf_actual":	212992,
		"rcvbuf_actual":	212992,
		"test_start":	{
			"protocol":	"UDP",
			"num_streams":	1,
			"blksize":	1448,
			"omit":	0,
			"duration":	30,
			"bytes":	0,
			"blocks":	0,
			"reverse":	0,
			"tos":	0
		}
	},
	"intervals":	[{
			"streams":	[{
					"socket":	6,
					"start":	0,
					"end":	10.00002,
					"seconds":	10.000020027160645,
					"bytes":	37456864,
					"bits_per_second":	29965431.187749583,
					"packets":	25868,
					"omitted":	false,
					"sender":	true
				}],
			"sum":	{
				"start":	0,
				"end":	10.00002,
				"seconds":	10.000020027160645,
				"bytes":	37456864,
				"bits_per_second":	29965431.187749583,
				"packets":	25868,
				"omitted":	false,
				"sender":	true
			}
		}, {
			"streams":	[{
					"socket":	6,
					"start":	10.00002,
					"end":	20.000079,
					"seconds":	10.000059127807617,
					"bytes":	35053184,
					"bits_per_second":	28042381.391546797,
					"packets":	24208,
					"omitted":	false,
					"sender":	true
				}],
			"sum":	{
				"start":	10.00002,
				"end":	20.000079,
				"seconds":	10.000059127807617,
				"bytes":	35053184,
				"bits_per_second":	28042381.391546797,
				"packets":	24208,
				"omitted":	false,
				"sender":	true
			}
		}, {
			"streams":	[{
					"socket":	6,
					"start":	20.000079,
					"end":	30.000089,
					"seconds":	10.000009536743164,
					"bytes":	35864064,
					"bits_per_second":	28691223.837916721,
					"packets":	24768,
					"omitted":	false,
					"sender":	true
				}],
			"sum":	{
				"start":	20.000079,
				"end":	30.000089,
				"seconds":	10.000009536743164,
				"bytes":	35864064,
				"bits_per_second":	28691223.837916721,
				"packets":	24768,
				"omitted":	false,
				"sender":	true
			}
		}],
	"end":	{
		"streams":	[{
				"udp":	{
					"socket":	6,
					"start":	0,
					"end":	30.000089,
					"seconds":	30.000089,
					"bytes":	108374112,
					"bits_per_second":	28899677.46429019,
					"jitter_ms":	0.91744487256903517,
					"lost_packets":	8323,
					"packets":	74844,
					"lost_percent":	11.120463898241676,
					"out_of_order":	0,
					"sender":	true
				}
			}],
		"sum":	{
			"start":	0,
			"end":	30.005176,
			"seconds":	30.005176,
			"bytes":	108374112,
			"bits_per_second":	28899677.46429019,
			"jitter_ms":	0.91744487256903517,
			"lost_packets":	8323,
			"packets":	74844,
			"lost_percent":	11.120463898241676,
			"sender":	true
		},
		"cpu_utilization_percent":	{
			"host_total":	17.851179741058136,
			"host_user":	1.2894341161839331,
			"host_system":	16.56174895728779,
			"remote_total":	10.452058712948348,
			"remote_user":	0.97365626023374441,
			"remote_system":	9.4784024527146062
		}
	}
}
