{
	"start":	{
		"connected":	[{
				"socket":	6,
				"local_host":	"10.20.15.3",
				"local_port":	37442,
				"remote_host":	"10.20.15.2",
				"remote_port":	5201
			}],
		"version":	"iperf 3.7",
		"system_info":	"Linux node2 5.8.0-1006-raspi #9-Ubuntu SMP PREEMPT Fri Oct 16 12:55:30 UTC 2020 aarch64",
		"timestamp":	{
			"time":	"Sun, 08 Aug 2021 09:57:16 GMT",
			"timesecs":	1628416636
		},
		"connecting_to":	{
			"host":	"10.20.15.2",
			"port":	5201
		},
		"cookie":	"5hjs7supw5r6mmi57ydzyr25f53opf2m7udn",
		"sock_bufsize":	0,
		"sndbuf_actual":	212992,
		"rcvbuf_actual":	212992,
		"test_start":	{
			"protocol":	"UDP",
			"num_streams":	1,
			"blksize":	1448,
			"omit":	0,
			"duration":	30,
			"bytes":	0,
			"blocks":	0,
			"reverse":	0,
			"tos":	0
		}
	},
	"intervals":	[{
			"streams":	[{
					"socket":	6,
					"start":	0,
					"end":	10.000269,
					"seconds":	10.000268936157227,
					"bytes":	44142280,
					"bits_per_second":	35312874.30912827,
					"packets":	30485,
					"omitted":	false,
					"sender":	true
				}],
			"sum":	{
				"start":	0,
				"end":	10.000269,
				"seconds":	10.000268936157227,
				"bytes":	44142280,
				"bits_per_second":	35312874.30912827,
				"packets":	30485,
				"omitted":	false,
				"sender":	true
			}
		}, {
			"streams":	[{
					"socket":	6,
					"start":	10.000269,
					"end":	20.00009,
					"seconds":	9.9998207092285156,
					"bytes":	41573528,
					"bits_per_second":	33259418.710683975,
					"packets":	28711,
					"omitted":	false,
					"sender":	true
				}],
			"sum":	{
				"start":	10.000269,
				"end":	20.00009,
				"seconds":	9.9998207092285156,
				"bytes":	41573528,
				"bits_per_second":	33259418.710683975,
				"packets":	28711,
				"omitted":	false,
				"sender":	true
			}
		}, {
			"streams":	[{
					"socket":	6,
					"start":	20.00009,
					"end":	30.000086,
					"seconds":	9.9999961853027344,
					"bytes":	44442016,
					"bits_per_second":	35553626.362632126,
					"packets":	30692,
					"omitted":	false,
					"sender":	true
				}],
			"sum":	{
				"start":	20.00009,
				"end":	30.000086,
				"seconds":	9.9999961853027344,
				"bytes":	44442016,
				"bits_per_second":	35553626.362632126,
				"packets":	30692,
				"omitted":	false,
				"sender":	true
			}
		}],
	"end":	{
		"streams":	[{
				"udp":	{
					"socket":	6,
					"start":	0,
					"end":	30.000086,
					"seconds":	30.000086,
					"bytes":	130157824,
					"bits_per_second":	34708653.568526439,
					"jitter_ms":	0.30591932661099913,
					"lost_packets":	3911,
					"packets":	89888,
					"lost_percent":	4.3509700961196156,
					"out_of_order":	0,
					"sender":	true
				}
			}],
		"sum":	{
			"start":	0,
			"end":	30.004955,
			"seconds":	30.004955,
			"bytes":	130157824,
			"bits_per_second":	34708653.568526439,
			"jitter_ms":	0.30591932661099913,
			"lost_packets":	3911,
			"packets":	89888,
			"lost_percent":	4.3509700961196156,
			"sender":	true
		},
		"cpu_utilization_percent":	{
			"host_total":	20.942731815449982,
			"host_user":	1.7506912017602623,
			"host_system":	19.192047278926914,
			"remote_total":	13.357052066768604,
			"remote_user":	0.9905207463072514,
			"remote_system":	12.366531320461352
		}
	}
}
