{
	"start":	{
		"connected":	[{
				"socket":	6,
				"local_host":	"10.20.15.3",
				"local_port":	38643,
				"remote_host":	"10.20.15.2",
				"remote_port":	5201
			}],
		"version":	"iperf 3.7",
		"system_info":	"Linux node2 5.8.0-1006-raspi #9-Ubuntu SMP PREEMPT Fri Oct 16 12:55:30 UTC 2020 aarch64",
		"timestamp":	{
			"time":	"Sun, 08 Aug 2021 09:54:16 GMT",
			"timesecs":	1628416456
		},
		"connecting_to":	{
			"host":	"10.20.15.2",
			"port":	5201
		},
		"cookie":	"7ntafbdv56ttyeusefhiukngly2er5y4wwik",
		"sock_bufsize":	0,
		"sndbuf_actual":	212992,
		"rcvbuf_actual":	212992,
		"test_start":	{
			"protocol":	"UDP",
			"num_streams":	1,
			"blksize":	1448,
			"omit":	0,
			"duration":	30,
			"bytes":	0,
			"blocks":	0,
			"reverse":	0,
			"tos":	0
		}
	},
	"intervals":	[{
			"streams":	[{
					"socket":	6,
					"start":	0,
					"end":	10.000079,
					"seconds":	10.000079154968262,
					"bytes":	50183336,
					"bits_per_second":	40146351.021685906,
					"packets":	34657,
					"omitted":	false,
					"sender":	true
				}],
			"sum":	{
				"start":	0,
				"end":	10.000079,
				"seconds":	10.000079154968262,
				"bytes":	50183336,
				"bits_per_second":	40146351.021685906,
				"packets":	34657,
				"omitted":	false,
				"sender":	true
			}
		}, {
			"streams":	[{
					"socket":	6,
					"start":	10.000079,
					"end":	20.000092,
					"seconds":	10.00001335144043,
					"bytes":	48883032,
					"bits_per_second":	39106373.387358531,
					"packets":	33759,
					"omitted":	false,
					"sender":	true
				}],
			"sum":	{
				"start":	10.000079,
				"end":	20.000092,
				"seconds":	10.00001335144043,
				"bytes":	48883032,
				"bits_per_second":	39106373.387358531,
				"packets":	33759,
				"omitted":	false,
				"sender":	true
			}
		}, {
			"streams":	[{
					"socket":	6,
					"start":	20.000092,
					"end":	30.000051,
					"seconds":	9.9999589920043945,
					"bytes":	47345256,
					"bits_per_second":	37876360.123360947,
					"packets":	32697,
					"omitted":	false,
					"sender":	true
				}],
			"sum":	{
				"start":	20.000092,
				"end":	30.000051,
				"seconds":	9.9999589920043945,
				"bytes":	47345256,
				"bits_per_second":	37876360.123360947,
				"packets":	32697,
				"omitted":	false,
				"sender":	true
			}
		}],
	"end":	{
		"streams":	[{
				"udp":	{
					"socket":	6,
					"start":	0,
					"end":	30.000051,
					"seconds":	30.000051,
					"bytes":	146411624,
					"bits_per_second":	39043033.360176623,
					"jitter_ms":	0.45218972508471977,
					"lost_packets":	4125,
					"packets":	101113,
					"lost_percent":	4.0795941174725305,
					"out_of_order":	0,
					"sender":	true
				}
			}],
		"sum":	{
			"start":	0,
			"end":	30.005325,
			"seconds":	30.005325,
			"bytes":	146411624,
			"bits_per_second":	39043033.360176623,
			"jitter_ms":	0.45218972508471977,
			"lost_packets":	4125,
			"packets":	101113,
			"lost_percent":	4.0795941174725305,
			"sender":	true
		},
		"cpu_utilization_percent":	{
			"host_total":	22.8845478797564,
			"host_user":	1.823118524732751,
			"host_system":	21.061429355023648,
			"remote_total":	14.939374223379073,
			"remote_user":	1.2144976324231851,
			"remote_system":	13.724869928434863
		}
	}
}
