{
	"start":	{
		"connected":	[{
				"socket":	6,
				"local_host":	"10.20.15.3",
				"local_port":	37133,
				"remote_host":	"10.20.15.2",
				"remote_port":	5201
			}],
		"version":	"iperf 3.7",
		"system_info":	"Linux node2 5.8.0-1006-raspi #9-Ubuntu SMP PREEMPT Fri Oct 16 12:55:30 UTC 2020 aarch64",
		"timestamp":	{
			"time":	"Sun, 08 Aug 2021 10:00:16 GMT",
			"timesecs":	1628416816
		},
		"connecting_to":	{
			"host":	"10.20.15.2",
			"port":	5201
		},
		"cookie":	"erpgy74uhulf5dxw7to77zeheadmsgiqgvs6",
		"sock_bufsize":	0,
		"sndbuf_actual":	212992,
		"rcvbuf_actual":	212992,
		"test_start":	{
			"protocol":	"UDP",
			"num_streams":	1,
			"blksize":	1448,
			"omit":	0,
			"duration":	30,
			"bytes":	0,
			"blocks":	0,
			"reverse":	0,
			"tos":	0
		}
	},
	"intervals":	[{
			"streams":	[{
					"socket":	6,
					"start":	0,
					"end":	10.00004,
					"seconds":	10.000040054321289,
					"bytes":	50834936,
					"bits_per_second":	40667785.907943711,
					"packets":	35107,
					"omitted":	false,
					"sender":	true
				}],
			"sum":	{
				"start":	0,
				"end":	10.00004,
				"seconds":	10.000040054321289,
				"bytes":	50834936,
				"bits_per_second":	40667785.907943711,
				"packets":	35107,
				"omitted":	false,
				"sender":	true
			}
		}, {
			"streams":	[{
					"socket":	6,
					"start":	10.00004,
					"end":	20.000077,
					"seconds":	10.00003719329834,
					"bytes":	49680880,
					"bits_per_second":	39744556.176886469,
					"packets":	34310,
					"omitted":	false,
					"sender":	true
				}],
			"sum":	{
				"start":	10.00004,
				"end":	20.000077,
				"seconds":	10.00003719329834,
				"bytes":	49680880,
				"bits_per_second":	39744556.176886469,
				"packets":	34310,
				"omitted":	false,
				"sender":	true
			}
		}, {
			"streams":	[{
					"socket":	6,
					"start":	20.000077,
					"end":	30.000128,
					"seconds":	10.00005054473877,
					"bytes":	52841864,
					"bits_per_second":	42273277.53082303,
					"packets":	36493,
					"omitted":	false,
					"sender":	true
				}],
			"sum":	{
				"start":	20.000077,
				"end":	30.000128,
				"seconds":	10.00005054473877,
				"bytes":	52841864,
				"bits_per_second":	42273277.53082303,
				"packets":	36493,
				"omitted":	false,
				"sender":	true
			}
		}],
	"end":	{
		"streams":	[{
				"udp":	{
					"socket":	6,
					"start":	0,
					"end":	30.000128,
					"seconds":	30.000128,
					"bytes":	153357680,
					"bits_per_second":	40895206.847117454,
					"jitter_ms":	0.46045073177626555,
					"lost_packets":	2845,
					"packets":	105910,
					"lost_percent":	2.6862430365404588,
					"out_of_order":	0,
					"sender":	true
				}
			}],
		"sum":	{
			"start":	0,
			"end":	30.005724,
			"seconds":	30.005724,
			"bytes":	153357680,
			"bits_per_second":	40895206.847117454,
			"jitter_ms":	0.46045073177626555,
			"lost_packets":	2845,
			"packets":	105910,
			"lost_percent":	2.6862430365404588,
			"sender":	true
		},
		"cpu_utilization_percent":	{
			"host_total":	23.868046254948851,
			"host_user":	2.3365001243116996,
			"host_system":	21.531476152197506,
			"remote_total":	15.600436137221074,
			"remote_user":	1.3741373585758376,
			"remote_system":	14.226295447726155
		}
	}
}
