{
	"start":	{
		"connected":	[{
				"socket":	6,
				"local_host":	"10.20.15.3",
				"local_port":	58324,
				"remote_host":	"10.20.15.2",
				"remote_port":	5201
			}],
		"version":	"iperf 3.7",
		"system_info":	"Linux node2 5.8.0-1006-raspi #9-Ubuntu SMP PREEMPT Fri Oct 16 12:55:30 UTC 2020 aarch64",
		"timestamp":	{
			"time":	"Sun, 08 Aug 2021 09:56:16 GMT",
			"timesecs":	1628416576
		},
		"connecting_to":	{
			"host":	"10.20.15.2",
			"port":	5201
		},
		"cookie":	"tt5mgctilzodlh7lbpx27dbvnh7vy3dvchnj",
		"sock_bufsize":	0,
		"sndbuf_actual":	212992,
		"rcvbuf_actual":	212992,
		"test_start":	{
			"protocol":	"UDP",
			"num_streams":	1,
			"blksize":	1448,
			"omit":	0,
			"duration":	30,
			"bytes":	0,
			"blocks":	0,
			"reverse":	0,
			"tos":	0
		}
	},
	"intervals":	[{
			"streams":	[{
					"socket":	6,
					"start":	0,
					"end":	10.000091,
					"seconds":	10.000090599060059,
					"bytes":	46735648,
					"bits_per_second":	37388179.666606493,
					"packets":	32276,
					"omitted":	false,
					"sender":	true
				}],
			"sum":	{
				"start":	0,
				"end":	10.000091,
				"seconds":	10.000090599060059,
				"bytes":	46735648,
				"bits_per_second":	37388179.666606493,
				"packets":	32276,
				"omitted":	false,
				"sender":	true
			}
		}, {
			"streams":	[{
					"socket":	6,
					"start":	10.000091,
					"end":	20.000088,
					"seconds":	9.99999713897705,
					"bytes":	46495280,
					"bits_per_second":	37196234.641928092,
					"packets":	32110,
					"omitted":	false,
					"sender":	true
				}],
			"sum":	{
				"start":	10.000091,
				"end":	20.000088,
				"seconds":	9.99999713897705,
				"bytes":	46495280,
				"bits_per_second":	37196234.641928092,
				"packets":	32110,
				"omitted":	false,
				"sender":	true
			}
		}, {
			"streams":	[{
					"socket":	6,
					"start":	20.000088,
					"end":	30.001888,
					"seconds":	10.001799583435059,
					"bytes":	46366408,
					"bits_per_second":	37086452.383462563,
					"packets":	32021,
					"omitted":	false,
					"sender":	true
				}],
			"sum":	{
				"start":	20.000088,
				"end":	30.001888,
				"seconds":	10.001799583435059,
				"bytes":	46366408,
				"bits_per_second":	37086452.383462563,
				"packets":	32021,
				"omitted":	false,
				"sender":	true
			}
		}],
	"end":	{
		"streams":	[{
				"udp":	{
					"socket":	6,
					"start":	0,
					"end":	30.001888,
					"seconds":	30.001888,
					"bytes":	139597336,
					"bits_per_second":	37223613.660580292,
					"jitter_ms":	0.39457208493256929,
					"lost_packets":	4046,
					"packets":	96407,
					"lost_percent":	4.1967906894727562,
					"out_of_order":	0,
					"sender":	true
				}
			}],
		"sum":	{
			"start":	0,
			"end":	30.004235,
			"seconds":	30.004235,
			"bytes":	139597336,
			"bits_per_second":	37223613.660580292,
			"jitter_ms":	0.39457208493256929,
			"lost_packets":	4046,
			"packets":	96407,
			"lost_percent":	4.1967906894727562,
			"sender":	true
		},
		"cpu_utilization_percent":	{
			"host_total":	21.999947680417996,
			"host_user":	1.4089996679206149,
			"host_system":	20.590944680039929,
			"remote_total":	14.304081827152027,
			"remote_user":	1.1393234100513963,
			"remote_system":	13.164765079421024
		}
	}
}
