{
	"start":	{
		"connected":	[{
				"socket":	6,
				"local_host":	"10.20.15.3",
				"local_port":	52743,
				"remote_host":	"10.20.15.2",
				"remote_port":	5201
			}],
		"version":	"iperf 3.7",
		"system_info":	"Linux node2 5.8.0-1006-raspi #9-Ubuntu SMP PREEMPT Fri Oct 16 12:55:30 UTC 2020 aarch64",
		"timestamp":	{
			"time":	"Sun, 08 Aug 2021 09:37:14 GMT",
			"timesecs":	1628415434
		},
		"connecting_to":	{
			"host":	"10.20.15.2",
			"port":	5201
		},
		"cookie":	"g2aedtauazupihk3gx4vynswcsnvfugpzyvz",
		"sock_bufsize":	0,
		"sndbuf_actual":	212992,
		"rcvbuf_actual":	212992,
		"test_start":	{
			"protocol":	"UDP",
			"num_streams":	1,
			"blksize":	1448,
			"omit":	0,
			"duration":	30,
			"bytes":	0,
			"blocks":	0,
			"reverse":	0,
			"tos":	0
		}
	},
	"intervals":	[{
			"streams":	[{
					"socket":	6,
					"start":	0,
					"end":	10.001328,
					"seconds":	10.001328468322754,
					"bytes":	33169336,
					"bits_per_second":	26531944.115270179,
					"packets":	22907,
					"omitted":	false,
					"sender":	true
				}],
			"sum":	{
				"start":	0,
				"end":	10.001328,
				"seconds":	10.001328468322754,
				"bytes":	33169336,
				"bits_per_second":	26531944.115270179,
				"packets":	22907,
				"omitted":	false,
				"sender":	true
			}
		}, {
			"streams":	[{
					"socket":	6,
					"start":	10.001328,
					"end":	20.000063,
					"seconds":	9.9987354278564453,
					"bytes":	30038760,
					"bits_per_second":	24034047.278668549,
					"packets":	20745,
					"omitted":	false,
					"sender":	true
				}],
			"sum":	{
				"start":	10.001328,
				"end":	20.000063,
				"seconds":	9.9987354278564453,
				"bytes":	30038760,
				"bits_per_second":	24034047.278668549,
				"packets":	20745,
				"omitted":	false,
				"sender":	true
			}
		}, {
			"streams":	[{
					"socket":	6,
					"start":	20.000063,
					"end":	30.000096,
					"seconds":	10.000033378601074,
					"bytes":	34146736,
					"bits_per_second":	27317297.618682034,
					"packets":	23582,
					"omitted":	false,
					"sender":	true
				}],
			"sum":	{
				"start":	20.000063,
				"end":	30.000096,
				"seconds":	10.000033378601074,
				"bytes":	34146736,
				"bits_per_second":	27317297.618682034,
				"packets":	23582,
				"omitted":	false,
				"sender":	true
			}
		}],
	"end":	{
		"streams":	[{
				"udp":	{
					"socket":	6,
					"start":	0,
					"end":	30.000096,
					"seconds":	30.000096,
					"bytes":	97354832,
					"bits_per_second":	25961205.457475871,
					"jitter_ms":	1.1676787313022918,
					"lost_packets":	10478,
					"packets":	67234,
					"lost_percent":	15.584376952137312,
					"out_of_order":	0,
					"sender":	true
				}
			}],
		"sum":	{
			"start":	0,
			"end":	30.012659,
			"seconds":	30.012659,
			"bytes":	97354832,
			"bits_per_second":	25961205.457475871,
			"jitter_ms":	1.1676787313022918,
			"lost_packets":	10478,
			"packets":	67234,
			"lost_percent":	15.584376952137312,
			"sender":	true
		},
		"cpu_utilization_percent":	{
			"host_total":	16.412398159491886,
			"host_user":	1.169721000188519,
			"host_system":	15.242673826812375,
			"remote_total":	8.9164856259420819,
			"remote_user":	0.7032420940924633,
			"remote_system":	8.2132435318496171
		}
	}
}
