{
	"start":	{
		"connected":	[{
				"socket":	6,
				"local_host":	"10.20.15.3",
				"local_port":	50701,
				"remote_host":	"10.20.15.2",
				"remote_port":	5201
			}],
		"version":	"iperf 3.7",
		"system_info":	"Linux node2 5.8.0-1006-raspi #9-Ubuntu SMP PREEMPT Fri Oct 16 12:55:30 UTC 2020 aarch64",
		"timestamp":	{
			"time":	"Sun, 08 Aug 2021 09:53:46 GMT",
			"timesecs":	1628416426
		},
		"connecting_to":	{
			"host":	"10.20.15.2",
			"port":	5201
		},
		"cookie":	"oxhg2fjpjwuswjha6xo3exxhvw447grsxwu5",
		"sock_bufsize":	0,
		"sndbuf_actual":	212992,
		"rcvbuf_actual":	212992,
		"test_start":	{
			"protocol":	"UDP",
			"num_streams":	1,
			"blksize":	1448,
			"omit":	0,
			"duration":	30,
			"bytes":	0,
			"blocks":	0,
			"reverse":	0,
			"tos":	0
		}
	},
	"intervals":	[{
			"streams":	[{
					"socket":	6,
					"start":	0,
					"end":	10.00009,
					"seconds":	10.000089645385742,
					"bytes":	50352752,
					"bits_per_second":	40281840.49188707,
					"packets":	34774,
					"omitted":	false,
					"sender":	true
				}],
			"sum":	{
				"start":	0,
				"end":	10.00009,
				"seconds":	10.000089645385742,
				"bytes":	50352752,
				"bits_per_second":	40281840.49188707,
				"packets":	34774,
				"omitted":	false,
				"sender":	true
			}
		}, {
			"streams":	[{
					"socket":	6,
					"start":	10.00009,
					"end":	20.00008,
					"seconds":	9.9999904632568359,
					"bytes":	49417344,
					"bits_per_second":	39533912.902477361,
					"packets":	34128,
					"omitted":	false,
					"sender":	true
				}],
			"sum":	{
				"start":	10.00009,
				"end":	20.00008,
				"seconds":	9.9999904632568359,
				"bytes":	49417344,
				"bits_per_second":	39533912.902477361,
				"packets":	34128,
				"omitted":	false,
				"sender":	true
			}
		}, {
			"streams":	[{
					"socket":	6,
					"start":	20.00008,
					"end":	30.000114,
					"seconds":	10.000034332275391,
					"bytes":	48077944,
					"bits_per_second":	38462223.150436267,
					"packets":	33203,
					"omitted":	false,
					"sender":	true
				}],
			"sum":	{
				"start":	20.00008,
				"end":	30.000114,
				"seconds":	10.000034332275391,
				"bytes":	48077944,
				"bits_per_second":	38462223.150436267,
				"packets":	33203,
				"omitted":	false,
				"sender":	true
			}
		}],
	"end":	{
		"streams":	[{
				"udp":	{
					"socket":	6,
					"start":	0,
					"end":	30.000114,
					"seconds":	30.000114,
					"bytes":	147848040,
					"bits_per_second":	39425994.181222111,
					"jitter_ms":	0.19890766195343618,
					"lost_packets":	2990,
					"packets":	102105,
					"lost_percent":	2.9283580627785124,
					"out_of_order":	0,
					"sender":	true
				}
			}],
		"sum":	{
			"start":	0,
			"end":	30.002746,
			"seconds":	30.002746,
			"bytes":	147848040,
			"bits_per_second":	39425994.181222111,
			"jitter_ms":	0.19890766195343618,
			"lost_packets":	2990,
			"packets":	102105,
			"lost_percent":	2.9283580627785124,
			"sender":	true
		},
		"cpu_utilization_percent":	{
			"host_total":	22.983121558696165,
			"host_user":	1.5740405972917566,
			"host_system":	21.409084293962703,
			"remote_total":	15.135182910988279,
			"remote_user":	1.3591751200198132,
			"remote_system":	13.776011122492339
		}
	}
}
