{
	"start":	{
		"connected":	[{
				"socket":	6,
				"local_host":	"10.20.15.3",
				"local_port":	43148,
				"remote_host":	"10.20.15.2",
				"remote_port":	5201
			}],
		"version":	"iperf 3.7",
		"system_info":	"Linux node2 5.8.0-1006-raspi #9-Ubuntu SMP PREEMPT Fri Oct 16 12:55:30 UTC 2020 aarch64",
		"timestamp":	{
			"time":	"Sun, 08 Aug 2021 09:18:48 GMT",
			"timesecs":	1628414328
		},
		"connecting_to":	{
			"host":	"10.20.15.2",
			"port":	5201
		},
		"cookie":	"orsak4tre6ghqseddsibabf47mbdkxmxgeuy",
		"sock_bufsize":	0,
		"sndbuf_actual":	212992,
		"rcvbuf_actual":	212992,
		"test_start":	{
			"protocol":	"UDP",
			"num_streams":	1,
			"blksize":	1448,
			"omit":	0,
			"duration":	30,
			"bytes":	0,
			"blocks":	0,
			"reverse":	0,
			"tos":	0
		}
	},
	"intervals":	[{
			"streams":	[{
					"socket":	6,
					"start":	0,
					"end":	10.000079,
					"seconds":	10.000079154968262,
					"bytes":	41632896,
					"bits_per_second":	33306053.166041873,
					"packets":	28752,
					"omitted":	false,
					"sender":	true
				}],
			"sum":	{
				"start":	0,
				"end":	10.000079,
				"seconds":	10.000079154968262,
				"bytes":	41632896,
				"bits_per_second":	33306053.166041873,
				"packets":	28752,
				"omitted":	false,
				"sender":	true
			}
		}, {
			"streams":	[{
					"socket":	6,
					"start":	10.000079,
					"end":	20.000081,
					"seconds":	10.000001907348633,
					"bytes":	40487528,
					"bits_per_second":	32390016.222094685,
					"packets":	27961,
					"omitted":	false,
					"sender":	true
				}],
			"sum":	{
				"start":	10.000079,
				"end":	20.000081,
				"seconds":	10.000001907348633,
				"bytes":	40487528,
				"bits_per_second":	32390016.222094685,
				"packets":	27961,
				"omitted":	false,
				"sender":	true
			}
		}, {
			"streams":	[{
					"socket":	6,
					"start":	20.000081,
					"end":	30.000111,
					"seconds":	10.000029563903809,
					"bytes":	42894104,
					"bits_per_second":	34315181.750926755,
					"packets":	29623,
					"omitted":	false,
					"sender":	true
				}],
			"sum":	{
				"start":	20.000081,
				"end":	30.000111,
				"seconds":	10.000029563903809,
				"bytes":	42894104,
				"bits_per_second":	34315181.750926755,
				"packets":	29623,
				"omitted":	false,
				"sender":	true
			}
		}],
	"end":	{
		"streams":	[{
				"udp":	{
					"socket":	6,
					"start":	0,
					"end":	30.000111,
					"seconds":	30.000111,
					"bytes":	125014528,
					"bits_per_second":	33337084.119455423,
					"jitter_ms":	0.44112084280992242,
					"lost_packets":	5336,
					"packets":	86336,
					"lost_percent":	6.1805040770941435,
					"out_of_order":	0,
					"sender":	true
				}
			}],
		"sum":	{
			"start":	0,
			"end":	30.00209,
			"seconds":	30.00209,
			"bytes":	125014528,
			"bits_per_second":	33337084.119455423,
			"jitter_ms":	0.44112084280992242,
			"lost_packets":	5336,
			"packets":	86336,
			"lost_percent":	6.1805040770941435,
			"sender":	true
		},
		"cpu_utilization_percent":	{
			"host_total":	20.238903327428758,
			"host_user":	1.6813741147136956,
			"host_system":	18.557522547406339,
			"remote_total":	12.5617116857494,
			"remote_user":	1.012277204764559,
			"remote_system":	11.549434480984843
		}
	}
}
