{
	"start":	{
		"connected":	[{
				"socket":	6,
				"local_host":	"10.20.15.3",
				"local_port":	57790,
				"remote_host":	"10.20.15.2",
				"remote_port":	5201
			}],
		"version":	"iperf 3.7",
		"system_info":	"Linux node2 5.8.0-1006-raspi #9-Ubuntu SMP PREEMPT Fri Oct 16 12:55:30 UTC 2020 aarch64",
		"timestamp":	{
			"time":	"Sun, 08 Aug 2021 08:54:46 GMT",
			"timesecs":	1628412886
		},
		"connecting_to":	{
			"host":	"10.20.15.2",
			"port":	5201
		},
		"cookie":	"haaeq55j3pnbcoijkqx4k6wmdgjrbzpqrtmu",
		"sock_bufsize":	0,
		"sndbuf_actual":	212992,
		"rcvbuf_actual":	212992,
		"test_start":	{
			"protocol":	"UDP",
			"num_streams":	1,
			"blksize":	1448,
			"omit":	0,
			"duration":	180,
			"bytes":	0,
			"blocks":	0,
			"reverse":	0,
			"tos":	0
		}
	},
	"intervals":	[{
			"streams":	[{
					"socket":	6,
					"start":	0,
					"end":	10.000082,
					"seconds":	10.000082015991211,
					"bytes":	59010344,
					"bits_per_second":	47207888.019827105,
					"packets":	40753,
					"omitted":	false,
					"sender":	true
				}],
			"sum":	{
				"start":	0,
				"end":	10.000082,
				"seconds":	10.000082015991211,
				"bytes":	59010344,
				"bits_per_second":	47207888.019827105,
				"packets":	40753,
				"omitted":	false,
				"sender":	true
			}
		}, {
			"streams":	[{
					"socket":	6,
					"start":	10.000082,
					"end":	20.000013,
					"seconds":	9.9999313354492188,
					"bytes":	61170760,
					"bits_per_second":	48936944.0233278,
					"packets":	42245,
					"omitted":	false,
					"sender":	true
				}],
			"sum":	{
				"start":	10.000082,
				"end":	20.000013,
				"seconds":	9.9999313354492188,
				"bytes":	61170760,
				"bits_per_second":	48936944.0233278,
				"packets":	42245,
				"omitted":	false,
				"sender":	true
			}
		}, {
			"streams":	[{
					"socket":	6,
					"start":	20.000013,
					"end":	30.000018,
					"seconds":	10.000004768371582,
					"bytes":	57434920,
					"bits_per_second":	45947914.090327218,
					"packets":	39665,
					"omitted":	false,
					"sender":	true
				}],
			"sum":	{
				"start":	20.000013,
				"end":	30.000018,
				"seconds":	10.000004768371582,
				"bytes":	57434920,
				"bits_per_second":	45947914.090327218,
				"packets":	39665,
				"omitted":	false,
				"sender":	true
			}
		}, {
			"streams":	[{
					"socket":	6,
					"start":	30.000018,
					"end":	40.000091,
					"seconds":	10.000073432922363,
					"bytes":	10877376,
					"bits_per_second":	8701836.8998686522,
					"packets":	7512,
					"omitted":	false,
					"sender":	true
				}],
			"sum":	{
				"start":	30.000018,
				"end":	40.000091,
				"seconds":	10.000073432922363,
				"bytes":	10877376,
				"bits_per_second":	8701836.8998686522,
				"packets":	7512,
				"omitted":	false,
				"sender":	true
			}
		}, {
			"streams":	[{
					"socket":	6,
					"start":	40.000091,
					"end":	50.000115,
					"seconds":	10.00002384185791,
					"bytes":	50399088,
					"bits_per_second":	40319174.271597594,
					"packets":	34806,
					"omitted":	false,
					"sender":	true
				}],
			"sum":	{
				"start":	40.000091,
				"end":	50.000115,
				"seconds":	10.00002384185791,
				"bytes":	50399088,
				"bits_per_second":	40319174.271597594,
				"packets":	34806,
				"omitted":	false,
				"sender":	true
			}
		}, {
			"streams":	[{
					"socket":	6,
					"start":	50.000115,
					"end":	60.000091,
					"seconds":	9.99997615814209,
					"bytes":	59072608,
					"bits_per_second":	47258199.072326735,
					"packets":	40796,
					"omitted":	false,
					"sender":	true
				}],
			"sum":	{
				"start":	50.000115,
				"end":	60.000091,
				"seconds":	9.99997615814209,
				"bytes":	59072608,
				"bits_per_second":	47258199.072326735,
				"packets":	40796,
				"omitted":	false,
				"sender":	true
			}
		}, {
			"streams":	[{
					"socket":	6,
					"start":	60.000091,
					"end":	70.000094,
					"seconds":	10.000002861022949,
					"bytes":	44388440,
					"bits_per_second":	35510741.840295263,
					"packets":	30655,
					"omitted":	false,
					"sender":	true
				}],
			"sum":	{
				"start":	60.000091,
				"end":	70.000094,
				"seconds":	10.000002861022949,
				"bytes":	44388440,
				"bits_per_second":	35510741.840295263,
				"packets":	30655,
				"omitted":	false,
				"sender":	true
			}
		}, {
			"streams":	[{
					"socket":	6,
					"start":	70.000094,
					"end":	80.000513,
					"seconds":	10.000418663024902,
					"bytes":	11802648,
					"bits_per_second":	9441723.10996425,
					"packets":	8151,
					"omitted":	false,
					"sender":	true
				}],
			"sum":	{
				"start":	70.000094,
				"end":	80.000513,
				"seconds":	10.000418663024902,
				"bytes":	11802648,
				"bits_per_second":	9441723.10996425,
				"packets":	8151,
				"omitted":	false,
				"sender":	true
			}
		}, {
			"streams":	[{
					"socket":	6,
					"start":	80.000513,
					"end":	90.000091,
					"seconds":	9.9995784759521484,
					"bytes":	30017040,
					"bits_per_second":	24014644.275006253,
					"packets":	20730,
					"omitted":	false,
					"sender":	true
				}],
			"sum":	{
				"start":	80.000513,
				"end":	90.000091,
				"seconds":	9.9995784759521484,
				"bytes":	30017040,
				"bits_per_second":	24014644.275006253,
				"packets":	20730,
				"omitted":	false,
				"sender":	true
			}
		}, {
			"streams":	[{
					"socket":	6,
					"start":	90.000091,
					"end":	100.000109,
					"seconds":	10.000018119812012,
					"bytes":	59938512,
					"bits_per_second":	47950722.714191861,
					"packets":	41394,
					"omitted":	false,
					"sender":	true
				}],
			"sum":	{
				"start":	90.000091,
				"end":	100.000109,
				"seconds":	10.000018119812012,
				"bytes":	59938512,
				"bits_per_second":	47950722.714191861,
				"packets":	41394,
				"omitted":	false,
				"sender":	true
			}
		}, {
			"streams":	[{
					"socket":	6,
					"start":	100.000109,
					"end":	110.000035,
					"seconds":	9.99992561340332,
					"bytes":	60873920,
					"bits_per_second":	48699498.258993551,
					"packets":	42040,
					"omitted":	false,
					"sender":	true
				}],
			"sum":	{
				"start":	100.000109,
				"end":	110.000035,
				"seconds":	9.99992561340332,
				"bytes":	60873920,
				"bits_per_second":	48699498.258993551,
				"packets":	42040,
				"omitted":	false,
				"sender":	true
			}
		}, {
			"streams":	[{
					"socket":	6,
					"start":	110.000035,
					"end":	120.000082,
					"seconds":	10.000046730041504,
					"bytes":	43056280,
					"bits_per_second":	34444863.03901206,
					"packets":	29735,
					"omitted":	false,
					"sender":	true
				}],
			"sum":	{
				"start":	110.000035,
				"end":	120.000082,
				"seconds":	10.000046730041504,
				"bytes":	43056280,
				"bits_per_second":	34444863.03901206,
				"packets":	29735,
				"omitted":	false,
				"sender":	true
			}
		}, {
			"streams":	[{
					"socket":	6,
					"start":	120.000082,
					"end":	130.000091,
					"seconds":	10.000008583068848,
					"bytes":	13512736,
					"bits_per_second":	10810179.521548491,
					"packets":	9332,
					"omitted":	false,
					"sender":	true
				}],
			"sum":	{
				"start":	120.000082,
				"end":	130.000091,
				"seconds":	10.000008583068848,
				"bytes":	13512736,
				"bits_per_second":	10810179.521548491,
				"packets":	9332,
				"omitted":	false,
				"sender":	true
			}
		}, {
			"streams":	[{
					"socket":	6,
					"start":	130.000091,
					"end":	140.000143,
					"seconds":	10.000052452087402,
					"bytes":	35717816,
					"bits_per_second":	28574102.922865603,
					"packets":	24667,
					"omitted":	false,
					"sender":	true
				}],
			"sum":	{
				"start":	130.000091,
				"end":	140.000143,
				"seconds":	10.000052452087402,
				"bytes":	35717816,
				"bits_per_second":	28574102.922865603,
				"packets":	24667,
				"omitted":	false,
				"sender":	true
			}
		}, {
			"streams":	[{
					"socket":	6,
					"start":	140.000143,
					"end":	150.000221,
					"seconds":	10.000078201293945,
					"bytes":	60839168,
					"bits_per_second":	48670953.786843635,
					"packets":	42016,
					"omitted":	false,
					"sender":	true
				}],
			"sum":	{
				"start":	140.000143,