{
	"start":	{
		"connected":	[{
				"socket":	6,
				"local_host":	"10.20.15.3",
				"local_port":	52399,
				"remote_host":	"10.20.15.2",
				"remote_port":	5201
			}],
		"version":	"iperf 3.7",
		"system_info":	"Linux node2 5.8.0-1006-raspi #9-Ubuntu SMP PREEMPT Fri Oct 16 12:55:30 UTC 2020 aarch64",
		"timestamp":	{
			"time":	"Sun, 08 Aug 2021 09:08:06 GMT",
			"timesecs":	1628413686
		},
		"connecting_to":	{
			"host":	"10.20.15.2",
			"port":	5201
		},
		"cookie":	"mc65cgzq44veo3h57263fwtryqxftao2wocz",
		"sock_bufsize":	0,
		"sndbuf_actual":	212992,
		"rcvbuf_actual":	212992,
		"test_start":	{
			"protocol":	"UDP",
			"num_streams":	1,
			"blksize":	1448,
			"omit":	0,
			"duration":	180,
			"bytes":	0,
			"blocks":	0,
			"reverse":	0,
			"tos":	0
		}
	},
	"intervals":	[{
			"streams":	[{
					"socket":	6,
					"start":	0,
					"end":	10.000084,
					"seconds":	10.000083923339844,
					"bytes":	52811456,
					"bits_per_second":	42248810.233874075,
					"packets":	36472,
					"omitted":	false,
					"sender":	true
				}],
			"sum":	{
				"start":	0,
				"end":	10.000084,
				"seconds":	10.000083923339844,
				"bytes":	52811456,
				"bits_per_second":	42248810.233874075,
				"packets":	36472,
				"omitted":	false,
				"sender":	true
			}
		}, {
			"streams":	[{
					"socket":	6,
					"start":	10.000084,
					"end":	20.001204,
					"seconds":	10.001119613647461,
					"bytes":	53131464,
					"bits_per_second":	42500412.795781113,
					"packets":	36693,
					"omitted":	false,
					"sender":	true
				}],
			"sum":	{
				"start":	10.000084,
				"end":	20.001204,
				"seconds":	10.001119613647461,
				"bytes":	53131464,
				"bits_per_second":	42500412.795781113,
				"packets":	36693,
				"omitted":	false,
				"sender":	true
			}
		}, {
			"streams":	[{
					"socket":	6,
					"start":	20.001204,
					"end":	30.000139,
					"seconds":	9.9989347457885742,
					"bytes":	30688912,
					"bits_per_second":	24553745.19804785,
					"packets":	21194,
					"omitted":	false,
					"sender":	true
				}],
			"sum":	{
				"start":	20.001204,
				"end":	30.000139,
				"seconds":	9.9989347457885742,
				"bytes":	30688912,
				"bits_per_second":	24553745.19804785,
				"packets":	21194,
				"omitted":	false,
				"sender":	true
			}
		}, {
			"streams":	[{
					"socket":	6,
					"start":	30.000139,
					"end":	40.000113,
					"seconds":	9.999974250793457,
					"bytes":	27016784,
					"bits_per_second":	21613482.853003409,
					"packets":	18658,
					"omitted":	false,
					"sender":	true
				}],
			"sum":	{
				"start":	30.000139,
				"end":	40.000113,
				"seconds":	9.999974250793457,
				"bytes":	27016784,
				"bits_per_second":	21613482.853003409,
				"packets":	18658,
				"omitted":	false,
				"sender":	true
			}
		}, {
			"streams":	[{
					"socket":	6,
					"start":	40.000113,
					"end":	50.000071,
					"seconds":	9.9999580383300781,
					"bytes":	52432080,
					"bits_per_second":	41945840.01174932,
					"packets":	36210,
					"omitted":	false,
					"sender":	true
				}],
			"sum":	{
				"start":	40.000113,
				"end":	50.000071,
				"seconds":	9.9999580383300781,
				"bytes":	52432080,
				"bits_per_second":	41945840.01174932,
				"packets":	36210,
				"omitted":	false,
				"sender":	true
			}
		}, {
			"streams":	[{
					"socket":	6,
					"start":	50.000071,
					"end":	60.000211,
					"seconds":	10.000140190124512,
					"bytes":	11657848,
					"bits_per_second":	9326147.65661988,
					"packets":	8051,
					"omitted":	false,
					"sender":	true
				}],
			"sum":	{
				"start":	50.000071,
				"end":	60.000211,
				"seconds":	10.000140190124512,
				"bytes":	11657848,
				"bits_per_second":	9326147.65661988,
				"packets":	8051,
				"omitted":	false,
				"sender":	true
			}
		}, {
			"streams":	[{
					"socket":	6,
					"start":	60.000211,
					"end":	70.000082,
					"seconds":	9.9998712539672852,
					"bytes":	48476144,
					"bits_per_second":	38781414.495325938,
					"packets":	33478,
					"omitted":	false,
					"sender":	true
				}],
			"sum":	{
				"start":	60.000211,
				"end":	70.000082,
				"seconds":	9.9998712539672852,
				"bytes":	48476144,
				"bits_per_second":	38781414.495325938,
				"packets":	33478,
				"omitted":	false,
				"sender":	true
			}
		}, {
			"streams":	[{
					"socket":	6,
					"start":	70.000082,
					"end":	80.00008,
					"seconds":	9.9999980926513672,
					"bytes":	30067720,
					"bits_per_second":	24054180.587970845,
					"packets":	20765,
					"omitted":	false,
					"sender":	true
				}],
			"sum":	{
				"start":	70.000082,
				"end":	80.00008,
				"seconds":	9.9999980926513672,
				"bytes":	30067720,
				"bits_per_second":	24054180.587970845,
				"packets":	20765,
				"omitted":	false,
				"sender":	true
			}
		}, {
			"streams":	[{
					"socket":	6,
					"start":	80.00008,
					"end":	90.000119,
					"seconds":	10.000039100646973,
					"bytes":	25858384,
					"bits_per_second":	20686626.313952744,
					"packets":	17858,
					"omitted":	false,
					"sender":	true
				}],
			"sum":	{
				"start":	80.00008,
				"end":	90.000119,
				"seconds":	10.000039100646973,
				"bytes":	25858384,
				"bits_per_second":	20686626.313952744,
				"packets":	17858,
				"omitted":	false,
				"sender":	true
			}
		}, {
			"streams":	[{
					"socket":	6,
					"start":	90.000119,
					"end":	100.000098,
					"seconds":	9.9999790191650391,
					"bytes":	49043760,
					"bits_per_second":	39235090.318495467,
					"packets":	33870,
					"omitted":	false,
					"sender":	true
				}],
			"sum":	{
				"start":	90.000119,
				"end":	100.000098,
				"seconds":	9.9999790191650391,
				"bytes":	49043760,
				"bits_per_second":	39235090.318495467,
				"packets":	33870,
				"omitted":	false,
				"sender":	true
			}
		}, {
			"streams":	[{
					"socket":	6,
					"start":	100.000098,
					"end":	110.000088,
					"seconds":	9.9999904632568359,
					"bytes":	9187560,
					"bits_per_second":	7350055.009558687,
					"packets":	6345,
					"omitted":	false,
					"sender":	true
				}],
			"sum":	{
				"start":	100.000098,
				"end":	110.000088,
				"seconds":	9.9999904632568359,
				"bytes":	9187560,
				"bits_per_second":	7350055.009558687,
				"packets":	6345,
				"omitted":	false,
				"sender":	true
			}
		}, {
			"streams":	[{
					"socket":	6,
					"start":	110.000088,
					"end":	120.000088,
					"seconds":	10,
					"bytes":	50354200,
					"bits_per_second":	40283360,
					"packets":	34775,
					"omitted":	false,
					"sender":	true
				}],
			"sum":	{
				"start":	110.000088,
				"end":	120.000088,
				"seconds":	10,
				"bytes":	50354200,
				"bits_per_second":	40283360,
				"packets":	34775,
				"omitted":	false,
				"sender":	true
			}
		}, {
			"streams":	[{
					"socket":	6,
					"start":	120.000088,
					"end":	130.000099,
					"seconds":	10.000011444091797,
					"bytes":	28437272,
					"bits_per_second":	22749791.564929698,
					"packets":	19639,
					"omitted":	false,
					"sender":	true
				}],
			"sum":	{
				"start":	120.000088,
				"end":	130.000099,
				"seconds":	10.000011444091797,
				"bytes":	28437272,
				"bits_per_second":	22749791.564929698,
				"packets":	19639,
				"omitted":	false,
				"sender":	true
			}
		}, {
			"streams":	[{
					"socket":	6,
					"start":	130.000099,
					"end":	140.000101,
					"seconds":	10.000001907348633,
					"bytes":	26918320,
					"bits_per_second":	21534651.892591115,
					"packets":	18590,
					"omitted":	false,
					"sender":	true
				}],
			"sum":	{
				"start":	130.000099,
				"end":	140.000101,
				"seconds":	10.000001907348633,
				"bytes":	26918320,
				"bits_per_second":	21534651.892591115,
				"packets":	18590,
				"omitted":	false,
				"sender":	true
			}
		}, {
			"streams":	[{
					"socket":	6,
					"start":	140.000101,
					"end":	150.000094,
					"seconds":	9.9999933242797852,
					"bytes":	46632840,
					"bits_per_second":	37306296.904640041,
					"packets":	32205,
					"omitted":	false,
					"sender":	true
				}],
			"sum":	{
				"start":	140.000101,
				"end":	150.000094,