{
	"start":	{
		"connected":	[{
				"socket":	6,
				"local_host":	"10.20.15.3",
				"local_port":	59383,
				"remote_host":	"10.20.15.2",
				"remote_port":	5201
			}],
		"version":	"iperf 3.7",
		"system_info":	"Linux node2 5.8.0-1006-raspi #9-Ubuntu SMP PREEMPT Fri Oct 16 12:55:30 UTC 2020 aarch64",
		"timestamp":	{
			"time":	"Sun, 08 Aug 2021 14:14:25 GMT",
			"timesecs":	1628432065
		},
		"connecting_to":	{
			"host":	"10.20.15.2",
			"port":	5201
		},
		"cookie":	"hy3dpyth7m3jwei2p4k47iozzbndvqlw7hh3",
		"sock_bufsize":	0,
		"sndbuf_actual":	212992,
		"rcvbuf_actual":	212992,
		"test_start":	{
			"protocol":	"UDP",
			"num_streams":	1,
			"blksize":	1448,
			"omit":	0,
			"duration":	180,
			"bytes":	0,
			"blocks":	0,
			"reverse":	0,
			"tos":	0
		}
	},
	"intervals":	[{
			"streams":	[{
					"socket":	6,
					"start":	0,
					"end":	10.000068,
					"seconds":	10.000067710876465,
					"bytes":	51797856,
					"bits_per_second":	41438004.219641536,
					"packets":	35772,
					"omitted":	false,
					"sender":	true
				}],
			"sum":	{
				"start":	0,
				"end":	10.000068,
				"seconds":	10.000067710876465,
				"bytes":	51797856,
				"bits_per_second":	41438004.219641536,
				"packets":	35772,
				"omitted":	false,
				"sender":	true
			}
		}, {
			"streams":	[{
					"socket":	6,
					"start":	10.000068,
					"end":	20.000104,
					"seconds":	10.000036239624023,
					"bytes":	52601496,
					"bits_per_second":	42081044.299877606,
					"packets":	36327,
					"omitted":	false,
					"sender":	true
				}],
			"sum":	{
				"start":	10.000068,
				"end":	20.000104,
				"seconds":	10.000036239624023,
				"bytes":	52601496,
				"bits_per_second":	42081044.299877606,
				"packets":	36327,
				"omitted":	false,
				"sender":	true
			}
		}, {
			"streams":	[{
					"socket":	6,
					"start":	20.000104,
					"end":	30.000084,
					"seconds":	9.9999799728393555,
					"bytes":	53206760,
					"bits_per_second":	42565493.246597119,
					"packets":	36745,
					"omitted":	false,
					"sender":	true
				}],
			"sum":	{
				"start":	20.000104,
				"end":	30.000084,
				"seconds":	9.9999799728393555,
				"bytes":	53206760,
				"bits_per_second":	42565493.246597119,
				"packets":	36745,
				"omitted":	false,
				"sender":	true
			}
		}, {
			"streams":	[{
					"socket":	6,
					"start":	30.000084,
					"end":	40.00009,
					"seconds":	10.000005722045898,
					"bytes":	53646952,
					"bits_per_second":	42917537.04238832,
					"packets":	37049,
					"omitted":	false,
					"sender":	true
				}],
			"sum":	{
				"start":	30.000084,
				"end":	40.00009,
				"seconds":	10.000005722045898,
				"bytes":	53646952,
				"bits_per_second":	42917537.04238832,
				"packets":	37049,
				"omitted":	false,
				"sender":	true
			}
		}, {
			"streams":	[{
					"socket":	6,
					"start":	40.00009,
					"end":	50.000013,
					"seconds":	9.9999227523803711,
					"bytes":	52710096,
					"bits_per_second":	42168402.540871985,
					"packets":	36402,
					"omitted":	false,
					"sender":	true
				}],
			"sum":	{
				"start":	40.00009,
				"end":	50.000013,
				"seconds":	9.9999227523803711,
				"bytes":	52710096,
				"bits_per_second":	42168402.540871985,
				"packets":	36402,
				"omitted":	false,
				"sender":	true
			}
		}, {
			"streams":	[{
					"socket":	6,
					"start":	50.000013,
					"end":	60.000098,
					"seconds":	10.00008487701416,
					"bytes":	34297328,
					"bits_per_second":	27437629.517593093,
					"packets":	23686,
					"omitted":	false,
					"sender":	true
				}],
			"sum":	{
				"start":	50.000013,
				"end":	60.000098,
				"seconds":	10.00008487701416,
				"bytes":	34297328,
				"bits_per_second":	27437629.517593093,
				"packets":	23686,
				"omitted":	false,
				"sender":	true
			}
		}, {
			"streams":	[{
					"socket":	6,
					"start":	60.000098,
					"end":	70.000063,
					"seconds":	9.999964714050293,
					"bytes":	20466032,
					"bits_per_second":	16372883.373273928,
					"packets":	14134,
					"omitted":	false,
					"sender":	true
				}],
			"sum":	{
				"start":	60.000098,
				"end":	70.000063,
				"seconds":	9.999964714050293,
				"bytes":	20466032,
				"bits_per_second":	16372883.373273928,
				"packets":	14134,
				"omitted":	false,
				"sender":	true
			}
		}, {
			"streams":	[{
					"socket":	6,
					"start":	70.000063,
					"end":	80.000044,
					"seconds":	9.9999809265136719,
					"bytes":	12924848,
					"bits_per_second":	10339898.121790547,
					"packets":	8926,
					"omitted":	false,
					"sender":	true
				}],
			"sum":	{
				"start":	70.000063,
				"end":	80.000044,
				"seconds":	9.9999809265136719,
				"bytes":	12924848,
				"bits_per_second":	10339898.121790547,
				"packets":	8926,
				"omitted":	false,
				"sender":	true
			}
		}, {
			"streams":	[{
					"socket":	6,
					"start":	80.000044,
					"end":	90.000022,
					"seconds":	9.9999780654907227,
					"bytes":	43910600,
					"bits_per_second":	35128557.052766055,
					"packets":	30325,
					"omitted":	false,
					"sender":	true
				}],
			"sum":	{
				"start":	80.000044,
				"end":	90.000022,
				"seconds":	9.9999780654907227,
				"bytes":	43910600,
				"bits_per_second":	35128557.052766055,
				"packets":	30325,
				"omitted":	false,
				"sender":	true
			}
		}, {
			"streams":	[{
					"socket":	6,
					"start":	90.000022,
					"end":	100.000084,
					"seconds":	10.000061988830566,
					"bytes":	52928744,
					"bits_per_second":	42342732.722351559,
					"packets":	36553,
					"omitted":	false,
					"sender":	true
				}],
			"sum":	{
				"start":	90.000022,
				"end":	100.000084,
				"seconds":	10.000061988830566,
				"bytes":	52928744,
				"bits_per_second":	42342732.722351559,
				"packets":	36553,
				"omitted":	false,
				"sender":	true
			}
		}, {
			"streams":	[{
					"socket":	6,
					"start":	100.000084,
					"end":	110.000048,
					"seconds":	9.9999637603759766,
					"bytes":	51418480,
					"bits_per_second":	41134933.071450874,
					"packets":	35510,
					"omitted":	false,
					"sender":	true
				}],
			"sum":	{
				"start":	100.000084,
				"end":	110.000048,
				"seconds":	9.9999637603759766,
				"bytes":	51418480,
				"bits_per_second":	41134933.071450874,
				"packets":	35510,
				"omitted":	false,
				"sender":	true
			}
		}, {
			"streams":	[{
					"socket":	6,
					"start":	110.000048,
					"end":	120.000096,
					"seconds":	10.00004768371582,
					"bytes":	53532560,
					"bits_per_second":	42825843.790463492,
					"packets":	36970,
					"omitted":	false,
					"sender":	true
				}],
			"sum":	{
				"start":	110.000048,
				"end":	120.000096,
				"seconds":	10.00004768371582,
				"bytes":	53532560,
				"bits_per_second":	42825843.790463492,
				"packets":	36970,
				"omitted":	false,
				"sender":	true
			}
		}, {
			"streams":	[{
					"socket":	6,
					"start":	120.000096,
					"end":	130.000082,
					"seconds":	9.9999856948852539,
					"bytes":	54834312,
					"bits_per_second":	43867512.352979787,
					"packets":	37869,
					"omitted":	false,
					"sender":	true
				}],
			"sum":	{
				"start":	120.000096,
				"end":	130.000082,
				"seconds":	9.9999856948852539,
				"bytes":	54834312,
				"bits_per_second":	43867512.352979787,
				"packets":	37869,
				"omitted":	false,
				"sender":	true
			}
		}, {
			"streams":	[{
					"socket":	6,
					"start":	130.000082,
					"end":	140.000104,
					"seconds":	10.000021934509277,
					"bytes":	52811456,
					"bits_per_second":	42249072.128733546,
					"packets":	36472,
					"omitted":	false,
					"sender":	true
				}],
			"sum":	{
				"start":	130.000082,
				"end":	140.000104,
				"seconds":	10.000021934509277,
				"bytes":	52811456,
				"bits_per_second":	42249072.128733546,
				"packets":	36472,
				"omitted":	false,
				"sender":	true
			}
		}, {
			"streams":	[{
					"socket":	6,
					"start":	140.000104,
					"end":	150.000104,
					"seconds":	10,
					"bytes":	39398632,
					"bits_per_second":	31518905.6,
					"packets":	27209,
					"omitted":	false,
					"sender":	true
				}],
			"sum":	{
				"start":	140.000104,