{
	"start":	{
		"connected":	[{
				"socket":	6,
				"local_host":	"10.20.15.3",
				"local_port":	44402,
				"remote_host":	"10.20.15.2",
				"remote_port":	5201
			}],
		"version":	"iperf 3.7",
		"system_info":	"Linux node2 5.8.0-1006-raspi #9-Ubuntu SMP PREEMPT Fri Oct 16 12:55:30 UTC 2020 aarch64",
		"timestamp":	{
			"time":	"Sun, 08 Aug 2021 08:36:40 GMT",
			"timesecs":	1628411800
		},
		"connecting_to":	{
			"host":	"10.20.15.2",
			"port":	5201
		},
		"cookie":	"gjod67gicjibl6xooydri6njh6ryyyb3bzvt",
		"sock_bufsize":	0,
		"sndbuf_actual":	212992,
		"rcvbuf_actual":	212992,
		"test_start":	{
			"protocol":	"UDP",
			"num_streams":	1,
			"blksize":	1448,
			"omit":	0,
			"duration":	180,
			"bytes":	0,
			"blocks":	0,
			"reverse":	0,
			"tos":	0
		}
	},
	"intervals":	[{
			"streams":	[{
					"socket":	6,
					"start":	0,
					"end":	10.000113,
					"seconds":	10.000112533569336,
					"bytes":	8938504,
					"bits_per_second":	7150722.7303647818,
					"packets":	6173,
					"omitted":	false,
					"sender":	true
				}],
			"sum":	{
				"start":	0,
				"end":	10.000113,
				"seconds":	10.000112533569336,
				"bytes":	8938504,
				"bits_per_second":	7150722.7303647818,
				"packets":	6173,
				"omitted":	false,
				"sender":	true
			}
		}, {
			"streams":	[{
					"socket":	6,
					"start":	10.000113,
					"end":	20.000048,
					"seconds":	9.9999351501464844,
					"bytes":	49149464,
					"bits_per_second":	39319826.188496858,
					"packets":	33943,
					"omitted":	false,
					"sender":	true
				}],
			"sum":	{
				"start":	10.000113,
				"end":	20.000048,
				"seconds":	9.9999351501464844,
				"bytes":	49149464,
				"bits_per_second":	39319826.188496858,
				"packets":	33943,
				"omitted":	false,
				"sender":	true
			}
		}, {
			"streams":	[{
					"socket":	6,
					"start":	20.000048,
					"end":	30.000035,
					"seconds":	9.99998664855957,
					"bytes":	58352952,
					"bits_per_second":	46682423.927760221,
					"packets":	40299,
					"omitted":	false,
					"sender":	true
				}],
			"sum":	{
				"start":	20.000048,
				"end":	30.000035,
				"seconds":	9.99998664855957,
				"bytes":	58352952,
				"bits_per_second":	46682423.927760221,
				"packets":	40299,
				"omitted":	false,
				"sender":	true
			}
		}, {
			"streams":	[{
					"socket":	6,
					"start":	30.000035,
					"end":	40.000089,
					"seconds":	10.000054359436035,
					"bytes":	60225216,
					"bits_per_second":	48179910.896721542,
					"packets":	41592,
					"omitted":	false,
					"sender":	true
				}],
			"sum":	{
				"start":	30.000035,
				"end":	40.000089,
				"seconds":	10.000054359436035,
				"bytes":	60225216,
				"bits_per_second":	48179910.896721542,
				"packets":	41592,
				"omitted":	false,
				"sender":	true
			}
		}, {
			"streams":	[{
					"socket":	6,
					"start":	40.000089,
					"end":	50.000064,
					"seconds":	9.9999752044677734,
					"bytes":	60144128,
					"bits_per_second":	48115421.704748951,
					"packets":	41536,
					"omitted":	false,
					"sender":	true
				}],
			"sum":	{
				"start":	40.000089,
				"end":	50.000064,
				"seconds":	9.9999752044677734,
				"bytes":	60144128,
				"bits_per_second":	48115421.704748951,
				"packets":	41536,
				"omitted":	false,
				"sender":	true
			}
		}, {
			"streams":	[{
					"socket":	6,
					"start":	50.000064,
					"end":	60.000093,
					"seconds":	10.000028610229492,
					"bytes":	58913328,
					"bits_per_second":	47130527.558479048,
					"packets":	40686,
					"omitted":	false,
					"sender":	true
				}],
			"sum":	{
				"start":	50.000064,
				"end":	60.000093,
				"seconds":	10.000028610229492,
				"bytes":	58913328,
				"bits_per_second":	47130527.558479048,
				"packets":	40686,
				"omitted":	false,
				"sender":	true
			}
		}, {
			"streams":	[{
					"socket":	6,
					"start":	60.000093,
					"end":	70.00009,
					"seconds":	9.99999713897705,
					"bytes":	59176864,
					"bits_per_second":	47341504.744513154,
					"packets":	40868,
					"omitted":	false,
					"sender":	true
				}],
			"sum":	{
				"start":	60.000093,
				"end":	70.00009,
				"seconds":	9.99999713897705,
				"bytes":	59176864,
				"bits_per_second":	47341504.744513154,
				"packets":	40868,
				"omitted":	false,
				"sender":	true
			}
		}, {
			"streams":	[{
					"socket":	6,
					"start":	70.00009,
					"end":	80.000123,
					"seconds":	10.000033378601074,
					"bytes":	31175440,
					"bits_per_second":	24940268.75287186,
					"packets":	21530,
					"omitted":	false,
					"sender":	true
				}],
			"sum":	{
				"start":	70.00009,
				"end":	80.000123,
				"seconds":	10.000033378601074,
				"bytes":	31175440,
				"bits_per_second":	24940268.75287186,
				"packets":	21530,
				"omitted":	false,
				"sender":	true
			}
		}, {
			"streams":	[{
					"socket":	6,
					"start":	80.000123,
					"end":	90.000086,
					"seconds":	9.99996280670166,
					"bytes":	8729992,
					"bits_per_second":	6984019.57587237,
					"packets":	6029,
					"omitted":	false,
					"sender":	true
				}],
			"sum":	{
				"start":	80.000123,
				"end":	90.000086,
				"seconds":	9.99996280670166,
				"bytes":	8729992,
				"bits_per_second":	6984019.57587237,
				"packets":	6029,
				"omitted":	false,
				"sender":	true
			}
		}, {
			"streams":	[{
					"socket":	6,
					"start":	90.000086,
					"end":	100.000088,
					"seconds":	10.000001907348633,
					"bytes":	13570656,
					"bits_per_second":	10856522.729282621,
					"packets":	9372,
					"omitted":	false,
					"sender":	true
				}],
			"sum":	{
				"start":	90.000086,
				"end":	100.000088,
				"seconds":	10.000001907348633,
				"bytes":	13570656,
				"bits_per_second":	10856522.729282621,
				"packets":	9372,
				"omitted":	false,
				"sender":	true
			}
		}, {
			"streams":	[{
					"socket":	6,
					"start":	100.000088,
					"end":	110.001413,
					"seconds":	10.001324653625488,
					"bytes":	34793992,
					"bits_per_second":	27831506.889349621,
					"packets":	24029,
					"omitted":	false,
					"sender":	true
				}],
			"sum":	{
				"start":	100.000088,
				"end":	110.001413,
				"seconds":	10.001324653625488,
				"bytes":	34793992,
				"bits_per_second":	27831506.889349621,
				"packets":	24029,
				"omitted":	false,
				"sender":	true
			}
		}, {
			"streams":	[{
					"socket":	6,
					"start":	110.001413,
					"end":	120.000065,
					"seconds":	9.998652458190918,
					"bytes":	59547552,
					"bits_per_second":	47644461.890436858,
					"packets":	41124,
					"omitted":	false,
					"sender":	true
				}],
			"sum":	{
				"start":	110.001413,
				"end":	120.000065,
				"seconds":	9.998652458190918,
				"bytes":	59547552,
				"bits_per_second":	47644461.890436858,
				"packets":	41124,
				"omitted":	false,
				"sender":	true
			}
		}, {
			"streams":	[{
					"socket":	6,
					"start":	120.000065,
					"end":	130.000039,
					"seconds":	9.999974250793457,
					"bytes":	59334696,
					"bits_per_second":	47467879.026022121,
					"packets":	40977,
					"omitted":	false,
					"sender":	true
				}],
			"sum":	{
				"start":	120.000065,
				"end":	130.000039,
				"seconds":	9.999974250793457,
				"bytes":	59334696,
				"bits_per_second":	47467879.026022121,
				"packets":	40977,
				"omitted":	false,
				"sender":	true
			}
		}, {
			"streams":	[{
					"socket":	6,
					"start":	130.000039,
					"end":	140.000087,
					"seconds":	10.00004768371582,
					"bytes":	57497184,
					"bits_per_second":	45997527.866695277,
					"packets":	39708,
					"omitted":	false,
					"sender":	true
				}],
			"sum":	{
				"start":	130.000039,
				"end":	140.000087,
				"seconds":	10.00004768371582,
				"bytes":	57497184,
				"bits_per_second":	45997527.866695277,
				"packets":	39708,
				"omitted":	false,
				"sender":	true
			}
		}, {
			"streams":	[{
					"socket":	6,
					"start":	140.000087,
					"end":	150.00009,
					"seconds":	10.000002861022949,
					"bytes":	59750272,
					"bits_per_second":	47800203.924251959,
					"packets":	41264,
					"omitted":	false,
					"sender":	true
				}],
			"sum":	{
				"start":	140.000087,