{
	"start":	{
		"connected":	[{
				"socket":	6,
				"local_host":	"10.20.15.3",
				"local_port":	34100,
				"remote_host":	"10.20.15.2",
				"remote_port":	5201
			}],
		"version":	"iperf 3.7",
		"system_info":	"Linux node2 5.8.0-1006-raspi #9-Ubuntu SMP PREEMPT Fri Oct 16 12:55:30 UTC 2020 aarch64",
		"timestamp":	{
			"time":	"Sun, 08 Aug 2021 08:42:45 GMT",
			"timesecs":	1628412165
		},
		"connecting_to":	{
			"host":	"10.20.15.2",
			"port":	5201
		},
		"cookie":	"ld37g3cot5ei2esmlphn726zalcdh5d6usco",
		"sock_bufsize":	0,
		"sndbuf_actual":	212992,
		"rcvbuf_actual":	212992,
		"test_start":	{
			"protocol":	"UDP",
			"num_streams":	1,
			"blksize":	1448,
			"omit":	0,
			"duration":	180,
			"bytes":	0,
			"blocks":	0,
			"reverse":	0,
			"tos":	0
		}
	},
	"intervals":	[{
			"streams":	[{
					"socket":	6,
					"start":	0,
					"end":	10.000116,
					"seconds":	10.000116348266602,
					"bytes":	6282872,
					"bits_per_second":	5026239.12057908,
					"packets":	4339,
					"omitted":	false,
					"sender":	true
				}],
			"sum":	{
				"start":	0,
				"end":	10.000116,
				"seconds":	10.000116348266602,
				"bytes":	6282872,
				"bits_per_second":	5026239.12057908,
				"packets":	4339,
				"omitted":	false,
				"sender":	true
			}
		}, {
			"streams":	[{
					"socket":	6,
					"start":	10.000116,
					"end":	20.000173,
					"seconds":	10.000057220458984,
					"bytes":	21653392,
					"bits_per_second":	17322614.479204871,
					"packets":	14954,
					"omitted":	false,
					"sender":	true
				}],
			"sum":	{
				"start":	10.000116,
				"end":	20.000173,
				"seconds":	10.000057220458984,
				"bytes":	21653392,
				"bits_per_second":	17322614.479204871,
				"packets":	14954,
				"omitted":	false,
				"sender":	true
			}
		}, {
			"streams":	[{
					"socket":	6,
					"start":	20.000173,
					"end":	30.00009,
					"seconds":	9.9999170303344727,
					"bytes":	57867872,
					"bits_per_second":	46294681.70542568,
					"packets":	39964,
					"omitted":	false,
					"sender":	true
				}],
			"sum":	{
				"start":	20.000173,
				"end":	30.00009,
				"seconds":	9.9999170303344727,
				"bytes":	57867872,
				"bits_per_second":	46294681.70542568,
				"packets":	39964,
				"omitted":	false,
				"sender":	true
			}
		}, {
			"streams":	[{
					"socket":	6,
					"start":	30.00009,
					"end":	40.000084,
					"seconds":	9.9999942779541016,
					"bytes":	60220872,
					"bits_per_second":	48176725.166943267,
					"packets":	41589,
					"omitted":	false,
					"sender":	true
				}],
			"sum":	{
				"start":	30.00009,
				"end":	40.000084,
				"seconds":	9.9999942779541016,
				"bytes":	60220872,
				"bits_per_second":	48176725.166943267,
				"packets":	41589,
				"omitted":	false,
				"sender":	true
			}
		}, {
			"streams":	[{
					"socket":	6,
					"start":	40.000084,
					"end":	50.000085,
					"seconds":	10.000000953674316,
					"bytes":	59679320,
					"bits_per_second":	47743451.446829654,
					"packets":	41215,
					"omitted":	false,
					"sender":	true
				}],
			"sum":	{
				"start":	40.000084,
				"end":	50.000085,
				"seconds":	10.000000953674316,
				"bytes":	59679320,
				"bits_per_second":	47743451.446829654,
				"packets":	41215,
				"omitted":	false,
				"sender":	true
			}
		}, {
			"streams":	[{
					"socket":	6,
					"start":	50.000085,
					"end":	60.000093,
					"seconds":	10.000007629394531,
					"bytes":	35817728,
					"bits_per_second":	28654160.538610429,
					"packets":	24736,
					"omitted":	false,
					"sender":	true
				}],
			"sum":	{
				"start":	50.000085,
				"end":	60.000093,
				"seconds":	10.000007629394531,
				"bytes":	35817728,
				"bits_per_second":	28654160.538610429,
				"packets":	24736,
				"omitted":	false,
				"sender":	true
			}
		}, {
			"streams":	[{
					"socket":	6,
					"start":	60.000093,
					"end":	70.000088,
					"seconds":	9.999995231628418,
					"bytes":	11983648,
					"bits_per_second":	9586922.9714011047,
					"packets":	8276,
					"omitted":	false,
					"sender":	true
				}],
			"sum":	{
				"start":	60.000093,
				"end":	70.000088,
				"seconds":	9.999995231628418,
				"bytes":	11983648,
				"bits_per_second":	9586922.9714011047,
				"packets":	8276,
				"omitted":	false,
				"sender":	true
			}
		}, {
			"streams":	[{
					"socket":	6,
					"start":	70.000088,
					"end":	80.000133,
					"seconds":	10.000044822692871,
					"bytes":	39091656,
					"bits_per_second":	31273184.625165045,
					"packets":	26997,
					"omitted":	false,
					"sender":	true
				}],
			"sum":	{
				"start":	70.000088,
				"end":	80.000133,
				"seconds":	10.000044822692871,
				"bytes":	39091656,
				"bits_per_second":	31273184.625165045,
				"packets":	26997,
				"omitted":	false,
				"sender":	true
			}
		}, {
			"streams":	[{
					"socket":	6,
					"start":	80.000133,
					"end":	90.000039,
					"seconds":	9.9999055862426758,
					"bytes":	61286600,
					"bits_per_second":	49029742.908224858,
					"packets":	42325,
					"omitted":	false,
					"sender":	true
				}],
			"sum":	{
				"start":	80.000133,
				"end":	90.000039,
				"seconds":	9.9999055862426758,
				"bytes":	61286600,
				"bits_per_second":	49029742.908224858,
				"packets":	42325,
				"omitted":	false,
				"sender":	true
			}
		}, {
			"streams":	[{
					"socket":	6,
					"start":	90.000039,
					"end":	100.000104,
					"seconds":	10.000064849853516,
					"bytes":	61083880,
					"bits_per_second":	48866787.099601485,
					"packets":	42185,
					"omitted":	false,
					"sender":	true
				}],
			"sum":	{
				"start":	90.000039,
				"end":	100.000104,
				"seconds":	10.000064849853516,
				"bytes":	61083880,
				"bits_per_second":	48866787.099601485,
				"packets":	42185,
				"omitted":	false,
				"sender":	true
			}
		}, {
			"streams":	[{
					"socket":	6,
					"start":	100.000104,
					"end":	110.000094,
					"seconds":	9.9999904632568359,
					"bytes":	33955600,
					"bits_per_second":	27164505.9060916,
					"packets":	23450,
					"omitted":	false,
					"sender":	true
				}],
			"sum":	{
				"start":	100.000104,
				"end":	110.000094,
				"seconds":	9.9999904632568359,
				"bytes":	33955600,
				"bits_per_second":	27164505.9060916,
				"packets":	23450,
				"omitted":	false,
				"sender":	true
			}
		}, {
			"streams":	[{
					"socket":	6,
					"start":	110.000094,
					"end":	120.000095,
					"seconds":	10.000000953674316,
					"bytes":	11546352,
					"bits_per_second":	9237080.7190833353,
					"packets":	7974,
					"omitted":	false,
					"sender":	true
				}],
			"sum":	{
				"start":	110.000094,
				"end":	120.000095,
				"seconds":	10.000000953674316,
				"bytes":	11546352,
				"bits_per_second":	9237080.7190833353,
				"packets":	7974,
				"omitted":	false,
				"sender":	true
			}
		}, {
			"streams":	[{
					"socket":	6,
					"start":	120.000095,
					"end":	130.000045,
					"seconds":	9.9999504089355469,
					"bytes":	40989984,
					"bits_per_second":	32792149.819761526,
					"packets":	28308,
					"omitted":	false,
					"sender":	true
				}],
			"sum":	{
				"start":	120.000095,
				"end":	130.000045,
				"seconds":	9.9999504089355469,
				"bytes":	40989984,
				"bits_per_second":	32792149.819761526,
				"packets":	28308,
				"omitted":	false,
				"sender":	true
			}
		}, {
			"streams":	[{
					"socket":	6,
					"start":	130.000045,
					"end":	140.000098,
					"seconds":	10.000053405761719,
					"bytes":	59650360,
					"bits_per_second":	47720033.147528052,
					"packets":	41195,
					"omitted":	false,
					"sender":	true
				}],
			"sum":	{
				"start":	130.000045,
				"end":	140.000098,
				"seconds":	10.000053405761719,
				"bytes":	59650360,
				"bits_per_second":	47720033.147528052,
				"packets":	41195,
				"omitted":	false,
				"sender":	true
			}
		}, {
			"streams":	[{
					"socket":	6,
					"start":	140.000098,
					"end":	150.000122,
					"seconds":	10.00002384185791,
					"bytes":	60032632,
					"bits_per_second":	48025991.097114429,
					"packets":	41459,
					"omitted":	false,
					"sender":	true
				}],
			"sum":	{
				"start":	140.000098,