{
	"start":	{
		"connected":	[{
				"socket":	6,
				"local_host":	"10.20.15.3",
				"local_port":	38136,
				"remote_host":	"10.20.15.2",
				"remote_port":	5201
			}],
		"version":	"iperf 3.7",
		"system_info":	"Linux node2 5.8.0-1006-raspi #9-Ubuntu SMP PREEMPT Fri Oct 16 12:55:30 UTC 2020 aarch64",
		"timestamp":	{
			"time":	"Sun, 08 Aug 2021 10:31:36 GMT",
			"timesecs":	1628418696
		},
		"connecting_to":	{
			"host":	"10.20.15.2",
			"port":	5201
		},
		"cookie":	"y5jhuamy3hluo6sjbqbh457narxrzuvy466l",
		"sock_bufsize":	0,
		"sndbuf_actual":	212992,
		"rcvbuf_actual":	212992,
		"test_start":	{
			"protocol":	"UDP",
			"num_streams":	1,
			"blksize":	1448,
			"omit":	0,
			"duration":	180,
			"bytes":	0,
			"blocks":	0,
			"reverse":	0,
			"tos":	0
		}
	},
	"intervals":	[{
			"streams":	[{
					"socket":	6,
					"start":	0,
					"end":	10.000082,
					"seconds":	10.000082015991211,
					"bytes":	39733120,
					"bits_per_second":	31786235.302040484,
					"packets":	27440,
					"omitted":	false,
					"sender":	true
				}],
			"sum":	{
				"start":	0,
				"end":	10.000082,
				"seconds":	10.000082015991211,
				"bytes":	39733120,
				"bits_per_second":	31786235.302040484,
				"packets":	27440,
				"omitted":	false,
				"sender":	true
			}
		}, {
			"streams":	[{
					"socket":	6,
					"start":	10.000082,
					"end":	20.00009,
					"seconds":	10.000007629394531,
					"bytes":	49709840,
					"bits_per_second":	39767841.659544632,
					"packets":	34330,
					"omitted":	false,
					"sender":	true
				}],
			"sum":	{
				"start":	10.000082,
				"end":	20.00009,
				"seconds":	10.000007629394531,
				"bytes":	49709840,
				"bits_per_second":	39767841.659544632,
				"packets":	34330,
				"omitted":	false,
				"sender":	true
			}
		}, {
			"streams":	[{
					"socket":	6,
					"start":	20.00009,
					"end":	30.00002,
					"seconds":	9.9999303817749023,
					"bytes":	24226488,
					"bits_per_second":	19381325.329346947,
					"packets":	16731,
					"omitted":	false,
					"sender":	true
				}],
			"sum":	{
				"start":	20.00009,
				"end":	30.00002,
				"seconds":	9.9999303817749023,
				"bytes":	24226488,
				"bits_per_second":	19381325.329346947,
				"packets":	16731,
				"omitted":	false,
				"sender":	true
			}
		}, {
			"streams":	[{
					"socket":	6,
					"start":	30.00002,
					"end":	40.00009,
					"seconds":	10.000069618225098,
					"bytes":	11636128,
					"bits_per_second":	9308837.5935249012,
					"packets":	8036,
					"omitted":	false,
					"sender":	true
				}],
			"sum":	{
				"start":	30.00002,
				"end":	40.00009,
				"seconds":	10.000069618225098,
				"bytes":	11636128,
				"bits_per_second":	9308837.5935249012,
				"packets":	8036,
				"omitted":	false,
				"sender":	true
			}
		}, {
			"streams":	[{
					"socket":	6,
					"start":	40.00009,
					"end":	50.000096,
					"seconds":	10.000005722045898,
					"bytes":	33768808,
					"bits_per_second":	27015030.9418753,
					"packets":	23321,
					"omitted":	false,
					"sender":	true
				}],
			"sum":	{
				"start":	40.00009,
				"end":	50.000096,
				"seconds":	10.000005722045898,
				"bytes":	33768808,
				"bits_per_second":	27015030.9418753,
				"packets":	23321,
				"omitted":	false,
				"sender":	true
			}
		}, {
			"streams":	[{
					"socket":	6,
					"start":	50.000096,
					"end":	60.000083,
					"seconds":	9.99998664855957,
					"bytes":	41233248,
					"bits_per_second":	32986642.441919155,
					"packets":	28476,
					"omitted":	false,
					"sender":	true
				}],
			"sum":	{
				"start":	50.000096,
				"end":	60.000083,
				"seconds":	9.99998664855957,
				"bytes":	41233248,
				"bits_per_second":	32986642.441919155,
				"packets":	28476,
				"omitted":	false,
				"sender":	true
			}
		}, {
			"streams":	[{
					"socket":	6,
					"start":	60.000083,
					"end":	70.000082,
					"seconds":	9.9999990463256836,
					"bytes":	46815288,
					"bits_per_second":	37452233.971723363,
					"packets":	32331,
					"omitted":	false,
					"sender":	true
				}],
			"sum":	{
				"start":	60.000083,
				"end":	70.000082,
				"seconds":	9.9999990463256836,
				"bytes":	46815288,
				"bits_per_second":	37452233.971723363,
				"packets":	32331,
				"omitted":	false,
				"sender":	true
			}
		}, {
			"streams":	[{
					"socket":	6,
					"start":	70.000082,
					"end":	80.000088,
					"seconds":	10.000005722045898,
					"bytes":	21935752,
					"bits_per_second":	17548591.558615364,
					"packets":	15149,
					"omitted":	false,
					"sender":	true
				}],
			"sum":	{
				"start":	70.000082,
				"end":	80.000088,
				"seconds":	10.000005722045898,
				"bytes":	21935752,
				"bits_per_second":	17548591.558615364,
				"packets":	15149,
				"omitted":	false,
				"sender":	true
			}
		}, {
			"streams":	[{
					"socket":	6,
					"start":	80.000088,
					"end":	90.000093,
					"seconds":	10.000004768371582,
					"bytes":	5290992,
					"bits_per_second":	4232791.5816476913,
					"packets":	3654,
					"omitted":	false,
					"sender":	true
				}],
			"sum":	{
				"start":	80.000088,
				"end":	90.000093,
				"seconds":	10.000004768371582,
				"bytes":	5290992,
				"bits_per_second":	4232791.5816476913,
				"packets":	3654,
				"omitted":	false,
				"sender":	true
			}
		}, {
			"streams":	[{
					"socket":	6,
					"start":	90.000093,
					"end":	100.000092,
					"seconds":	9.9999990463256836,
					"bytes":	39715744,
					"bits_per_second":	31772598.23007109,
					"packets":	27428,
					"omitted":	false,
					"sender":	true
				}],
			"sum":	{
				"start":	90.000093,
				"end":	100.000092,
				"seconds":	9.9999990463256836,
				"bytes":	39715744,
				"bits_per_second":	31772598.23007109,
				"packets":	27428,
				"omitted":	false,
				"sender":	true
			}
		}, {
			"streams":	[{
					"socket":	6,
					"start":	100.000092,
					"end":	110.000029,
					"seconds":	9.9999370574951172,
					"bytes":	42959264,
					"bits_per_second":	34367627.518456288,
					"packets":	29668,
					"omitted":	false,
					"sender":	true
				}],
			"sum":	{
				"start":	100.000092,
				"end":	110.000029,
				"seconds":	9.9999370574951172,
				"bytes":	42959264,
				"bits_per_second":	34367627.518456288,
				"packets":	29668,
				"omitted":	false,
				"sender":	true
			}
		}, {
			"streams":	[{
					"socket":	6,
					"start":	110.000029,
					"end":	120.000062,
					"seconds":	10.000033378601074,
					"bytes":	45601864,
					"bits_per_second":	36481369.430292316,
					"packets":	31493,
					"omitted":	false,
					"sender":	true
				}],
			"sum":	{
				"start":	110.000029,
				"end":	120.000062,
				"seconds":	10.000033378601074,
				"bytes":	45601864,
				"bits_per_second":	36481369.430292316,
				"packets":	31493,
				"omitted":	false,
				"sender":	true
			}
		}, {
			"streams":	[{
					"socket":	6,
					"start":	120.000062,
					"end":	130.000103,
					"seconds":	10.000041007995605,
					"bytes":	16236424,
					"bits_per_second":	12989085.934362108,
					"packets":	11213,
					"omitted":	false,
					"sender":	true
				}],
			"sum":	{
				"start":	120.000062,
				"end":	130.000103,
				"seconds":	10.000041007995605,
				"bytes":	16236424,
				"bits_per_second":	12989085.934362108,
				"packets":	11213,
				"omitted":	false,
				"sender":	true
			}
		}, {
			"streams":	[{
					"socket":	6,
					"start":	130.000103,
					"end":	140.000091,
					"seconds":	9.9999876022338867,
					"bytes":	7903184,
					"bits_per_second":	6322555.0385558605,
					"packets":	5458,
					"omitted":	false,
					"sender":	true
				}],
			"sum":	{
				"start":	130.000103,
				"end":	140.000091,
				"seconds":	9.9999876022338867,
				"bytes":	7903184,
				"bits_per_second":	6322555.0385558605,
				"packets":	5458,
				"omitted":	false,
				"sender":	true
			}
		}, {
			"streams":	[{
					"socket":	6,
					"start":	140.000091,
					"end":	150.000079,
					"seconds":	9.9999876022338867,
					"bytes":	41169536,
					"bits_per_second":	32935669.632872891,
					"packets":	28432,
					"omitted":	false,
					"sender":	true
				}],
			"sum":	{
				"start":	140.000091,