{
	"start":	{
		"connected":	[{
				"socket":	6,
				"local_host":	"10.20.15.3",
				"local_port":	57049,
				"remote_host":	"10.20.15.2",
				"remote_port":	5201
			}],
		"version":	"iperf 3.7",
		"system_info":	"Linux node2 5.8.0-1006-raspi #9-Ubuntu SMP PREEMPT Fri Oct 16 12:55:30 UTC 2020 aarch64",
		"timestamp":	{
			"time":	"Sun, 08 Aug 2021 12:09:48 GMT",
			"timesecs":	1628424588
		},
		"connecting_to":	{
			"host":	"10.20.15.2",
			"port":	5201
		},
		"cookie":	"xd6niku6mdzo6q2rnljomoatutzwgdn5vuql",
		"sock_bufsize":	0,
		"sndbuf_actual":	212992,
		"rcvbuf_actual":	212992,
		"test_start":	{
			"protocol":	"UDP",
			"num_streams":	1,
			"blksize":	1448,
			"omit":	0,
			"duration":	180,
			"bytes":	0,
			"blocks":	0,
			"reverse":	0,
			"tos":	0
		}
	},
	"intervals":	[{
			"streams":	[{
					"socket":	6,
					"start":	0,
					"end":	10.000089,
					"seconds":	10.000088691711426,
					"bytes":	43102616,
					"bits_per_second":	34481786.975130014,
					"packets":	29767,
					"omitted":	false,
					"sender":	true
				}],
			"sum":	{
				"start":	0,
				"end":	10.000089,
				"seconds":	10.000088691711426,
				"bytes":	43102616,
				"bits_per_second":	34481786.975130014,
				"packets":	29767,
				"omitted":	false,
				"sender":	true
			}
		}, {
			"streams":	[{
					"socket":	6,
					"start":	10.000089,
					"end":	20.000088,
					"seconds":	9.9999990463256836,
					"bytes":	45903048,
					"bits_per_second":	36722441.902124971,
					"packets":	31701,
					"omitted":	false,
					"sender":	true
				}],
			"sum":	{
				"start":	10.000089,
				"end":	20.000088,
				"seconds":	9.9999990463256836,
				"bytes":	45903048,
				"bits_per_second":	36722441.902124971,
				"packets":	31701,
				"omitted":	false,
				"sender":	true
			}
		}, {
			"streams":	[{
					"socket":	6,
					"start":	20.000088,
					"end":	30.000105,
					"seconds":	10.000017166137695,
					"bytes":	27474352,
					"bits_per_second":	21979443.869784005,
					"packets":	18974,
					"omitted":	false,
					"sender":	true
				}],
			"sum":	{
				"start":	20.000088,
				"end":	30.000105,
				"seconds":	10.000017166137695,
				"bytes":	27474352,
				"bits_per_second":	21979443.869784005,
				"packets":	18974,
				"omitted":	false,
				"sender":	true
			}
		}, {
			"streams":	[{
					"socket":	6,
					"start":	30.000105,
					"end":	40.000148,
					"seconds":	10.000042915344238,
					"bytes":	14647968,
					"bits_per_second":	11718324.11040869,
					"packets":	10116,
					"omitted":	false,
					"sender":	true
				}],
			"sum":	{
				"start":	30.000105,
				"end":	40.000148,
				"seconds":	10.000042915344238,
				"bytes":	14647968,
				"bits_per_second":	11718324.11040869,
				"packets":	10116,
				"omitted":	false,
				"sender":	true
			}
		}, {
			"streams":	[{
					"socket":	6,
					"start":	40.000148,
					"end":	50.000088,
					"seconds":	9.9999399185180664,
					"bytes":	44879312,
					"bits_per_second":	35903665.314541891,
					"packets":	30994,
					"omitted":	false,
					"sender":	true
				}],
			"sum":	{
				"start":	40.000148,
				"end":	50.000088,
				"seconds":	9.9999399185180664,
				"bytes":	44879312,
				"bits_per_second":	35903665.314541891,
				"packets":	30994,
				"omitted":	false,
				"sender":	true
			}
		}, {
			"streams":	[{
					"socket":	6,
					"start":	50.000088,
					"end":	60.000091,
					"seconds":	10.000002861022949,
					"bytes":	6335000,
					"bits_per_second":	5067998.5500339838,
					"packets":	4375,
					"omitted":	false,
					"sender":	true
				}],
			"sum":	{
				"start":	50.000088,
				"end":	60.000091,
				"seconds":	10.000002861022949,
				"bytes":	6335000,
				"bits_per_second":	5067998.5500339838,
				"packets":	4375,
				"omitted":	false,
				"sender":	true
			}
		}, {
			"streams":	[{
					"socket":	6,
					"start":	60.000091,
					"end":	70.000056,
					"seconds":	9.999964714050293,
					"bytes":	42254088,
					"bits_per_second":	33803389.678470813,
					"packets":	29181,
					"omitted":	false,
					"sender":	true
				}],
			"sum":	{
				"start":	60.000091,
				"end":	70.000056,
				"seconds":	9.999964714050293,
				"bytes":	42254088,
				"bits_per_second":	33803389.678470813,
				"packets":	29181,
				"omitted":	false,
				"sender":	true
			}
		}, {
			"streams":	[{
					"socket":	6,
					"start":	70.000056,
					"end":	80.001012,
					"seconds":	10.000955581665039,
					"bytes":	26095856,
					"bits_per_second":	20874690.052892208,
					"packets":	18022,
					"omitted":	false,
					"sender":	true
				}],
			"sum":	{
				"start":	70.000056,
				"end":	80.001012,
				"seconds":	10.000955581665039,
				"bytes":	26095856,
				"bits_per_second":	20874690.052892208,
				"packets":	18022,
				"omitted":	false,
				"sender":	true
			}
		}, {
			"streams":	[{
					"socket":	6,
					"start":	80.001012,
					"end":	90.000091,
					"seconds":	9.9990787506103516,
					"bytes":	21977744,
					"bits_per_second":	17583815.107893582,
					"packets":	15178,
					"omitted":	false,
					"sender":	true
				}],
			"sum":	{
				"start":	80.001012,
				"end":	90.000091,
				"seconds":	9.9990787506103516,
				"bytes":	21977744,
				"bits_per_second":	17583815.107893582,
				"packets":	15178,
				"omitted":	false,
				"sender":	true
			}
		}, {
			"streams":	[{
					"socket":	6,
					"start":	90.000091,
					"end":	100.000084,
					"seconds":	9.9999933242797852,
					"bytes":	37714608,
					"bits_per_second":	30171706.541787129,
					"packets":	26046,
					"omitted":	false,
					"sender":	true
				}],
			"sum":	{
				"start":	90.000091,
				"end":	100.000084,
				"seconds":	9.9999933242797852,
				"bytes":	37714608,
				"bits_per_second":	30171706.541787129,
				"packets":	26046,
				"omitted":	false,
				"sender":	true
			}
		}, {
			"streams":	[{
					"socket":	6,
					"start":	100.000084,
					"end":	110.000089,
					"seconds":	10.000004768371582,
					"bytes":	9442408,
					"bits_per_second":	7553922.79800892,
					"packets":	6521,
					"omitted":	false,
					"sender":	true
				}],
			"sum":	{
				"start":	100.000084,
				"end":	110.000089,
				"seconds":	10.000004768371582,
				"bytes":	9442408,
				"bits_per_second":	7553922.79800892,
				"packets":	6521,
				"omitted":	false,
				"sender":	true
			}
		}, {
			"streams":	[{
					"socket":	6,
					"start":	110.000089,
					"end":	120.000079,
					"seconds":	9.9999904632568359,
					"bytes":	45013976,
					"bits_per_second":	36011215.142970987,
					"packets":	31087,
					"omitted":	false,
					"sender":	true
				}],
			"sum":	{
				"start":	110.000089,
				"end":	120.000079,
				"seconds":	9.9999904632568359,
				"bytes":	45013976,
				"bits_per_second":	36011215.142970987,
				"packets":	31087,
				"omitted":	false,
				"sender":	true
			}
		}, {
			"streams":	[{
					"socket":	6,
					"start":	120.000079,
					"end":	130.000132,
					"seconds":	10.000053405761719,
					"bytes":	19488632,
					"bits_per_second":	15590822.336025732,
					"packets":	13459,
					"omitted":	false,
					"sender":	true
				}],
			"sum":	{
				"start":	120.000079,
				"end":	130.000132,
				"seconds":	10.000053405761719,
				"bytes":	19488632,
				"bits_per_second":	15590822.336025732,
				"packets":	13459,
				"omitted":	false,
				"sender":	true
			}
		}, {
			"streams":	[{
					"socket":	6,
					"start":	130.000132,
					"end":	140.000079,
					"seconds":	9.9999465942382812,
					"bytes":	26935696,
					"bits_per_second":	21548671.882323589,
					"packets":	18602,
					"omitted":	false,
					"sender":	true
				}],
			"sum":	{
				"start":	130.000132,
				"end":	140.000079,
				"seconds":	9.9999465942382812,
				"bytes":	26935696,
				"bits_per_second":	21548671.882323589,
				"packets":	18602,
				"omitted":	false,
				"sender":	true
			}
		}, {
			"streams":	[{
					"socket":	6,
					"start":	140.000079,
					"end":	150.00009,
					"seconds":	10.000011444091797,
					"bytes":	34950376,
					"bits_per_second":	27960268.802011717,
					"packets":	24137,
					"omitted":	false,
					"sender":	true
				}],