{
	"start":	{
		"connected":	[{
				"socket":	6,
				"local_host":	"10.20.15.3",
				"local_port":	58071,
				"remote_host":	"10.20.15.2",
				"remote_port":	5201
			}],
		"version":	"iperf 3.7",
		"system_info":	"Linux node2 5.8.0-1006-raspi #9-Ubuntu SMP PREEMPT Fri Oct 16 12:55:30 UTC 2020 aarch64",
		"timestamp":	{
			"time":	"Sun, 08 Aug 2021 14:29:29 GMT",
			"timesecs":	1628432969
		},
		"connecting_to":	{
			"host":	"10.20.15.2",
			"port":	5201
		},
		"cookie":	"iaraz3hoh34p4axuhxtbmcone6nttel45new",
		"sock_bufsize":	0,
		"sndbuf_actual":	212992,
		"rcvbuf_actual":	212992,
		"test_start":	{
			"protocol":	"UDP",
			"num_streams":	1,
			"blksize":	1448,
			"omit":	0,
			"duration":	180,
			"bytes":	0,
			"blocks":	0,
			"reverse":	0,
			"tos":	0
		}
	},
	"intervals":	[{
			"streams":	[{
					"socket":	6,
					"start":	0,
					"end":	10.00118,
					"seconds":	10.001179695129395,
					"bytes":	26286992,
					"bits_per_second":	21027113.041715946,
					"packets":	18154,
					"omitted":	false,
					"sender":	true
				}],
			"sum":	{
				"start":	0,
				"end":	10.00118,
				"seconds":	10.001179695129395,
				"bytes":	26286992,
				"bits_per_second":	21027113.041715946,
				"packets":	18154,
				"omitted":	false,
				"sender":	true
			}
		}, {
			"streams":	[{
					"socket":	6,
					"start":	10.00118,
					"end":	20.000118,
					"seconds":	9.9989376068115234,
					"bytes":	52071528,
					"bits_per_second":	41661648.505159259,
					"packets":	35961,
					"omitted":	false,
					"sender":	true
				}],
			"sum":	{
				"start":	10.00118,
				"end":	20.000118,
				"seconds":	9.9989376068115234,
				"bytes":	52071528,
				"bits_per_second":	41661648.505159259,
				"packets":	35961,
				"omitted":	false,
				"sender":	true
			}
		}, {
			"streams":	[{
					"socket":	6,
					"start":	20.000118,
					"end":	30.00009,
					"seconds":	9.9999723434448242,
					"bytes":	50730680,
					"bits_per_second":	40584656.243178464,
					"packets":	35035,
					"omitted":	false,
					"sender":	true
				}],
			"sum":	{
				"start":	20.000118,
				"end":	30.00009,
				"seconds":	9.9999723434448242,
				"bytes":	50730680,
				"bits_per_second":	40584656.243178464,
				"packets":	35035,
				"omitted":	false,
				"sender":	true
			}
		}, {
			"streams":	[{
					"socket":	6,
					"start":	30.00009,
					"end":	40.000056,
					"seconds":	9.99996566772461,
					"bytes":	51566176,
					"bits_per_second":	41253082.431218676,
					"packets":	35612,
					"omitted":	false,
					"sender":	true
				}],
			"sum":	{
				"start":	30.00009,
				"end":	40.000056,
				"seconds":	9.99996566772461,
				"bytes":	51566176,
				"bits_per_second":	41253082.431218676,
				"packets":	35612,
				"omitted":	false,
				"sender":	true
			}
		}, {
			"streams":	[{
					"socket":	6,
					"start":	40.000056,
					"end":	50.000089,
					"seconds":	10.000033378601074,
					"bytes":	51574864,
					"bits_per_second":	41259753.480714813,
					"packets":	35618,
					"omitted":	false,
					"sender":	true
				}],
			"sum":	{
				"start":	40.000056,
				"end":	50.000089,
				"seconds":	10.000033378601074,
				"bytes":	51574864,
				"bits_per_second":	41259753.480714813,
				"packets":	35618,
				"omitted":	false,
				"sender":	true
			}
		}, {
			"streams":	[{
					"socket":	6,
					"start":	50.000089,
					"end":	60.000096,
					"seconds":	10.000006675720215,
					"bytes":	51858672,
					"bits_per_second":	41486909.904499687,
					"packets":	35814,
					"omitted":	false,
					"sender":	true
				}],
			"sum":	{
				"start":	50.000089,
				"end":	60.000096,
				"seconds":	10.000006675720215,
				"bytes":	51858672,
				"bits_per_second":	41486909.904499687,
				"packets":	35814,
				"omitted":	false,
				"sender":	true
			}
		}, {
			"streams":	[{
					"socket":	6,
					"start":	60.000096,
					"end":	70.000093,
					"seconds":	9.99999713897705,
					"bytes":	49508568,
					"bits_per_second":	39606865.731615178,
					"packets":	34191,
					"omitted":	false,
					"sender":	true
				}],
			"sum":	{
				"start":	60.000096,
				"end":	70.000093,
				"seconds":	9.99999713897705,
				"bytes":	49508568,
				"bits_per_second":	39606865.731615178,
				"packets":	34191,
				"omitted":	false,
				"sender":	true
			}
		}, {
			"streams":	[{
					"socket":	6,
					"start":	70.000093,
					"end":	80.000093,
					"seconds":	10,
					"bytes":	15781752,
					"bits_per_second":	12625401.6,
					"packets":	10899,
					"omitted":	false,
					"sender":	true
				}],
			"sum":	{
				"start":	70.000093,
				"end":	80.000093,
				"seconds":	10,
				"bytes":	15781752,
				"bits_per_second":	12625401.6,
				"packets":	10899,
				"omitted":	false,
				"sender":	true
			}
		}, {
			"streams":	[{
					"socket":	6,
					"start":	80.000093,
					"end":	90.000499,
					"seconds":	10.000406265258789,
					"bytes":	18858752,
					"bits_per_second":	15086388.692439368,
					"packets":	13024,
					"omitted":	false,
					"sender":	true
				}],
			"sum":	{
				"start":	80.000093,
				"end":	90.000499,
				"seconds":	10.000406265258789,
				"bytes":	18858752,
				"bits_per_second":	15086388.692439368,
				"packets":	13024,
				"omitted":	false,
				"sender":	true
			}
		}, {
			"streams":	[{
					"socket":	6,
					"start":	90.000499,
					"end":	100.000069,
					"seconds":	9.9995698928833,
					"bytes":	14642176,
					"bits_per_second":	11714244.637998557,
					"packets":	10112,
					"omitted":	false,
					"sender":	true
				}],
			"sum":	{
				"start":	90.000499,
				"end":	100.000069,
				"seconds":	9.9995698928833,
				"bytes":	14642176,
				"bits_per_second":	11714244.637998557,
				"packets":	10112,
				"omitted":	false,
				"sender":	true
			}
		}, {
			"streams":	[{
					"socket":	6,
					"start":	100.000069,
					"end":	110.000049,
					"seconds":	9.9999799728393555,
					"bytes":	53014176,
					"bits_per_second":	42411425.738043644,
					"packets":	36612,
					"omitted":	false,
					"sender":	true
				}],
			"sum":	{
				"start":	100.000069,
				"end":	110.000049,
				"seconds":	9.9999799728393555,
				"bytes":	53014176,
				"bits_per_second":	42411425.738043644,
				"packets":	36612,
				"omitted":	false,
				"sender":	true
			}
		}, {
			"streams":	[{
					"socket":	6,
					"start":	110.000049,
					"end":	120.000113,
					"seconds":	10.0000638961792,
					"bytes":	53746864,
					"bits_per_second":	42997216.464215174,
					"packets":	37118,
					"omitted":	false,
					"sender":	true
				}],
			"sum":	{
				"start":	110.000049,
				"end":	120.000113,
				"seconds":	10.0000638961792,
				"bytes":	53746864,
				"bits_per_second":	42997216.464215174,
				"packets":	37118,
				"omitted":	false,
				"sender":	true
			}
		}, {
			"streams":	[{
					"socket":	6,
					"start":	120.000113,
					"end":	130.000083,
					"seconds":	9.9999704360961914,
					"bytes":	52238048,
					"bits_per_second":	41790561.94921536,
					"packets":	36076,
					"omitted":	false,
					"sender":	true
				}],
			"sum":	{
				"start":	120.000113,
				"end":	130.000083,
				"seconds":	9.9999704360961914,
				"bytes":	52238048,
				"bits_per_second":	41790561.94921536,
				"packets":	36076,
				"omitted":	false,
				"sender":	true
			}
		}, {
			"streams":	[{
					"socket":	6,
					"start":	130.000083,
					"end":	140.000092,
					"seconds":	10.000008583068848,
					"bytes":	51033312,
					"bits_per_second":	40826614.558235645,
					"packets":	35244,
					"omitted":	false,
					"sender":	true
				}],
			"sum":	{
				"start":	130.000083,
				"end":	140.000092,
				"seconds":	10.000008583068848,
				"bytes":	51033312,
				"bits_per_second":	40826614.558235645,
				"packets":	35244,
				"omitted":	false,
				"sender":	true
			}
		}, {
			"streams":	[{
					"socket":	6,
					"start":	140.000092,
					"end":	150.000093,
					"seconds":	10.000000953674316,
					"bytes":	54111760,
					"bits_per_second":	43289403.871600732,
					"packets":	37370,
					"omitted":	false,
					"sender":	true
				}],
			"sum":	{
				"start":	140.000092,
				"end":	150.000093,