{
	"start":	{
		"connected":	[{
				"socket":	6,
				"local_host":	"10.20.15.3",
				"local_port":	53511,
				"remote_host":	"10.20.15.2",
				"remote_port":	5201
			}],
		"version":	"iperf 3.7",
		"system_info":	"Linux node2 5.8.0-1006-raspi #9-Ubuntu SMP PREEMPT Fri Oct 16 12:55:30 UTC 2020 aarch64",
		"timestamp":	{
			"time":	"Sun, 08 Aug 2021 09:38:37 GMT",
			"timesecs":	1628415517
		},
		"connecting_to":	{
			"host":	"10.20.15.2",
			"port":	5201
		},
		"cookie":	"du5w5aitml6rjnldlq32jaudoceggvbwyfwc",
		"sock_bufsize":	0,
		"sndbuf_actual":	212992,
		"rcvbuf_actual":	212992,
		"test_start":	{
			"protocol":	"UDP",
			"num_streams":	1,
			"blksize":	1448,
			"omit":	0,
			"duration":	180,
			"bytes":	0,
			"blocks":	0,
			"reverse":	0,
			"tos":	0
		}
	},
	"intervals":	[{
			"streams":	[{
					"socket":	6,
					"start":	0,
					"end":	10.000088,
					"seconds":	10.000087738037109,
					"bytes":	22291960,
					"bits_per_second":	17833411.533147711,
					"packets":	15395,
					"omitted":	false,
					"sender":	true
				}],
			"sum":	{
				"start":	0,
				"end":	10.000088,
				"seconds":	10.000087738037109,
				"bytes":	22291960,
				"bits_per_second":	17833411.533147711,
				"packets":	15395,
				"omitted":	false,
				"sender":	true
			}
		}, {
			"streams":	[{
					"socket":	6,
					"start":	10.000088,
					"end":	20.000089,
					"seconds":	10.000000953674316,
					"bytes":	42417712,
					"bits_per_second":	33934166.363785706,
					"packets":	29294,
					"omitted":	false,
					"sender":	true
				}],
			"sum":	{
				"start":	10.000088,
				"end":	20.000089,
				"seconds":	10.000000953674316,
				"bytes":	42417712,
				"bits_per_second":	33934166.363785706,
				"packets":	29294,
				"omitted":	false,
				"sender":	true
			}
		}, {
			"streams":	[{
					"socket":	6,
					"start":	20.000089,
					"end":	30.000087,
					"seconds":	9.9999980926513672,
					"bytes":	39161160,
					"bits_per_second":	31328933.97551994,
					"packets":	27045,
					"omitted":	false,
					"sender":	true
				}],
			"sum":	{
				"start":	20.000089,
				"end":	30.000087,
				"seconds":	9.9999980926513672,
				"bytes":	39161160,
				"bits_per_second":	31328933.97551994,
				"packets":	27045,
				"omitted":	false,
				"sender":	true
			}
		}, {
			"streams":	[{
					"socket":	6,
					"start":	30.000087,
					"end":	40.00009,
					"seconds":	10.000002861022949,
					"bytes":	45639512,
					"bits_per_second":	36511599.153947689,
					"packets":	31519,
					"omitted":	false,
					"sender":	true
				}],
			"sum":	{
				"start":	30.000087,
				"end":	40.00009,
				"seconds":	10.000002861022949,
				"bytes":	45639512,
				"bits_per_second":	36511599.153947689,
				"packets":	31519,
				"omitted":	false,
				"sender":	true
			}
		}, {
			"streams":	[{
					"socket":	6,
					"start":	40.00009,
					"end":	50.000119,
					"seconds":	10.000028610229492,
					"bytes":	50328136,
					"bits_per_second":	40262393.6083679,
					"packets":	34757,
					"omitted":	false,
					"sender":	true
				}],
			"sum":	{
				"start":	40.00009,
				"end":	50.000119,
				"seconds":	10.000028610229492,
				"bytes":	50328136,
				"bits_per_second":	40262393.6083679,
				"packets":	34757,
				"omitted":	false,
				"sender":	true
			}
		}, {
			"streams":	[{
					"socket":	6,
					"start":	50.000119,
					"end":	60.000088,
					"seconds":	9.9999685287475586,
					"bytes":	28014456,
					"bits_per_second":	22411635.332223315,
					"packets":	19347,
					"omitted":	false,
					"sender":	true
				}],
			"sum":	{
				"start":	50.000119,
				"end":	60.000088,
				"seconds":	9.9999685287475586,
				"bytes":	28014456,
				"bits_per_second":	22411635.332223315,
				"packets":	19347,
				"omitted":	false,
				"sender":	true
			}
		}, {
			"streams":	[{
					"socket":	6,
					"start":	60.000088,
					"end":	70.000087,
					"seconds":	9.9999990463256836,
					"bytes":	11950344,
					"bits_per_second":	9560276.111738978,
					"packets":	8253,
					"omitted":	false,
					"sender":	true
				}],
			"sum":	{
				"start":	60.000088,
				"end":	70.000087,
				"seconds":	9.9999990463256836,
				"bytes":	11950344,
				"bits_per_second":	9560276.111738978,
				"packets":	8253,
				"omitted":	false,
				"sender":	true
			}
		}, {
			"streams":	[{
					"socket":	6,
					"start":	70.000087,
					"end":	80.000086,
					"seconds":	9.9999990463256836,
					"bytes":	8701032,
					"bits_per_second":	6960826.263836123,
					"packets":	6009,
					"omitted":	false,
					"sender":	true
				}],
			"sum":	{
				"start":	70.000087,
				"end":	80.000086,
				"seconds":	9.9999990463256836,
				"bytes":	8701032,
				"bits_per_second":	6960826.263836123,
				"packets":	6009,
				"omitted":	false,
				"sender":	true
			}
		}, {
			"streams":	[{
					"socket":	6,
					"start":	80.000086,
					"end":	90.002085,
					"seconds":	10.001998901367188,
					"bytes":	6348032,
					"bits_per_second":	5077410.67568586,
					"packets":	4384,
					"omitted":	false,
					"sender":	true
				}],
			"sum":	{
				"start":	80.000086,
				"end":	90.002085,
				"seconds":	10.001998901367188,
				"bytes":	6348032,
				"bits_per_second":	5077410.67568586,
				"packets":	4384,
				"omitted":	false,
				"sender":	true
			}
		}, {
			"streams":	[{
					"socket":	6,
					"start":	90.002085,
					"end":	100.000099,
					"seconds":	9.9980144500732422,
					"bytes":	18879024,
					"bits_per_second":	15106218.615126485,
					"packets":	13038,
					"omitted":	false,
					"sender":	true
				}],
			"sum":	{
				"start":	90.002085,
				"end":	100.000099,
				"seconds":	9.9980144500732422,
				"bytes":	18879024,
				"bits_per_second":	15106218.615126485,
				"packets":	13038,
				"omitted":	false,
				"sender":	true
			}
		}, {
			"streams":	[{
					"socket":	6,
					"start":	100.000099,
					"end":	110.000088,
					"seconds":	9.9999885559082031,
					"bytes":	41457688,
					"bits_per_second":	33166188.355690408,
					"packets":	28631,
					"omitted":	false,
					"sender":	true
				}],
			"sum":	{
				"start":	100.000099,
				"end":	110.000088,
				"seconds":	9.9999885559082031,
				"bytes":	41457688,
				"bits_per_second":	33166188.355690408,
				"packets":	28631,
				"omitted":	false,
				"sender":	true
			}
		}, {
			"streams":	[{
					"socket":	6,
					"start":	110.000088,
					"end":	120.000079,
					"seconds":	9.9999914169311523,
					"bytes":	42097704,
					"bits_per_second":	33678192.106224149,
					"packets":	29073,
					"omitted":	false,
					"sender":	true
				}],
			"sum":	{
				"start":	110.000088,
				"end":	120.000079,
				"seconds":	9.9999914169311523,
				"bytes":	42097704,
				"bits_per_second":	33678192.106224149,
				"packets":	29073,
				"omitted":	false,
				"sender":	true
			}
		}, {
			"streams":	[{
					"socket":	6,
					"start":	120.000079,
					"end":	130.000026,
					"seconds":	9.9999465942382812,
					"bytes":	44760576,
					"bits_per_second":	35808652.038833827,
					"packets":	30912,
					"omitted":	false,
					"sender":	true
				}],
			"sum":	{
				"start":	120.000079,
				"end":	130.000026,
				"seconds":	9.9999465942382812,
				"bytes":	44760576,
				"bits_per_second":	35808652.038833827,
				"packets":	30912,
				"omitted":	false,
				"sender":	true
			}
		}, {
			"streams":	[{
					"socket":	6,
					"start":	130.000026,
					"end":	140.000332,
					"seconds":	10.000306129455566,
					"bytes":	48581848,
					"bits_per_second":	38864288.649647474,
					"packets":	33551,
					"omitted":	false,
					"sender":	true
				}],
			"sum":	{
				"start":	130.000026,
				"end":	140.000332,
				"seconds":	10.000306129455566,
				"bytes":	48581848,
				"bits_per_second":	38864288.649647474,
				"packets":	33551,
				"omitted":	false,
				"sender":	true
			}
		}, {
			"streams":	[{
					"socket":	6,
					"start":	140.000332,
					"end":	150.000087,
					"seconds":	9.9997549057006836,
					"bytes":	34103296,
					"bits_per_second":	27283305.498264413,
					"packets":	23552,
					"omitted":	false,
					"sender":	true
				}],
			"sum":	{
				"start":	140.000332,