{
	"start":	{
		"connected":	[{
				"socket":	6,
				"local_host":	"10.20.15.3",
				"local_port":	52429,
				"remote_host":	"10.20.15.2",
				"remote_port":	5201
			}],
		"version":	"iperf 3.7",
		"system_info":	"Linux node2 5.8.0-1006-raspi #9-Ubuntu SMP PREEMPT Fri Oct 16 12:55:30 UTC 2020 aarch64",
		"timestamp":	{
			"time":	"Sun, 08 Aug 2021 09:05:06 GMT",
			"timesecs":	1628413506
		},
		"connecting_to":	{
			"host":	"10.20.15.2",
			"port":	5201
		},
		"cookie":	"socruwoalgwv4cykrrdbdt2mhwuooaesipy2",
		"sock_bufsize":	0,
		"sndbuf_actual":	212992,
		"rcvbuf_actual":	212992,
		"test_start":	{
			"protocol":	"UDP",
			"num_streams":	1,
			"blksize":	1448,
			"omit":	0,
			"duration":	180,
			"bytes":	0,
			"blocks":	0,
			"reverse":	0,
			"tos":	0
		}
	},
	"intervals":	[{
			"streams":	[{
					"socket":	6,
					"start":	0,
					"end":	10.000091,
					"seconds":	10.000090599060059,
					"bytes":	54150856,
					"bits_per_second":	43320292.322223417,
					"packets":	37397,
					"omitted":	false,
					"sender":	true
				}],
			"sum":	{
				"start":	0,
				"end":	10.000091,
				"seconds":	10.000090599060059,
				"bytes":	54150856,
				"bits_per_second":	43320292.322223417,
				"packets":	37397,
				"omitted":	false,
				"sender":	true
			}
		}, {
			"streams":	[{
					"socket":	6,
					"start":	10.000091,
					"end":	20.000087,
					"seconds":	9.9999961853027344,
					"bytes":	50526512,
					"bits_per_second":	40421225.019473657,
					"packets":	34894,
					"omitted":	false,
					"sender":	true
				}],
			"sum":	{
				"start":	10.000091,
				"end":	20.000087,
				"seconds":	9.9999961853027344,
				"bytes":	50526512,
				"bits_per_second":	40421225.019473657,
				"packets":	34894,
				"omitted":	false,
				"sender":	true
			}
		}, {
			"streams":	[{
					"socket":	6,
					"start":	20.000087,
					"end":	30.000099,
					"seconds":	10.000012397766113,
					"bytes":	11012040,
					"bits_per_second":	8809621.0780378319,
					"packets":	7605,
					"omitted":	false,
					"sender":	true
				}],
			"sum":	{
				"start":	20.000087,
				"end":	30.000099,
				"seconds":	10.000012397766113,
				"bytes":	11012040,
				"bits_per_second":	8809621.0780378319,
				"packets":	7605,
				"omitted":	false,
				"sender":	true
			}
		}, {
			"streams":	[{
					"socket":	6,
					"start":	30.000099,
					"end":	40.000091,
					"seconds":	9.9999923706054688,
					"bytes":	47904184,
					"bits_per_second":	38323376.438415863,
					"packets":	33083,
					"omitted":	false,
					"sender":	true
				}],
			"sum":	{
				"start":	30.000099,
				"end":	40.000091,
				"seconds":	9.9999923706054688,
				"bytes":	47904184,
				"bits_per_second":	38323376.438415863,
				"packets":	33083,
				"omitted":	false,
				"sender":	true
			}
		}, {
			"streams":	[{
					"socket":	6,
					"start":	40.000091,
					"end":	50.000053,
					"seconds":	9.9999618530273438,
					"bytes":	27481592,
					"bits_per_second":	21985357.467483014,
					"packets":	18979,
					"omitted":	false,
					"sender":	true
				}],
			"sum":	{
				"start":	40.000091,
				"end":	50.000053,
				"seconds":	9.9999618530273438,
				"bytes":	27481592,
				"bits_per_second":	21985357.467483014,
				"packets":	18979,
				"omitted":	false,
				"sender":	true
			}
		}, {
			"streams":	[{
					"socket":	6,
					"start":	50.000053,
					"end":	60.000097,
					"seconds":	10.000043869018555,
					"bytes":	26950176,
					"bits_per_second":	21560046.21819324,
					"packets":	18612,
					"omitted":	false,
					"sender":	true
				}],
			"sum":	{
				"start":	50.000053,
				"end":	60.000097,
				"seconds":	10.000043869018555,
				"bytes":	26950176,
				"bits_per_second":	21560046.21819324,
				"packets":	18612,
				"omitted":	false,
				"sender":	true
			}
		}, {
			"streams":	[{
					"socket":	6,
					"start":	60.000097,
					"end":	70.000089,
					"seconds":	9.9999923706054688,
					"bytes":	45506296,
					"bits_per_second":	36405064.574860059,
					"packets":	31427,
					"omitted":	false,
					"sender":	true
				}],
			"sum":	{
				"start":	60.000097,
				"end":	70.000089,
				"seconds":	9.9999923706054688,
				"bytes":	45506296,
				"bits_per_second":	36405064.574860059,
				"packets":	31427,
				"omitted":	false,
				"sender":	true
			}
		}, {
			"streams":	[{
					"socket":	6,
					"start":	70.000089,
					"end":	80.000097,
					"seconds":	10.000007629394531,
					"bytes":	10498000,
					"bits_per_second":	8398393.5925341845,
					"packets":	7250,
					"omitted":	false,
					"sender":	true
				}],
			"sum":	{
				"start":	70.000089,
				"end":	80.000097,
				"seconds":	10.000007629394531,
				"bytes":	10498000,
				"bits_per_second":	8398393.5925341845,
				"packets":	7250,
				"omitted":	false,
				"sender":	true
			}
		}, {
			"streams":	[{
					"socket":	6,
					"start":	80.000097,
					"end":	90.000092,
					"seconds":	9.999995231628418,
					"bytes":	51098472,
					"bits_per_second":	40878797.092529438,
					"packets":	35289,
					"omitted":	false,
					"sender":	true
				}],
			"sum":	{
				"start":	80.000097,
				"end":	90.000092,
				"seconds":	9.999995231628418,
				"bytes":	51098472,
				"bits_per_second":	40878797.092529438,
				"packets":	35289,
				"omitted":	false,
				"sender":	true
			}
		}, {
			"streams":	[{
					"socket":	6,
					"start":	90.000092,
					"end":	100.000084,
					"seconds":	9.9999923706054688,
					"bytes":	29695584,
					"bits_per_second":	23756485.324759923,
					"packets":	20508,
					"omitted":	false,
					"sender":	true
				}],
			"sum":	{
				"start":	90.000092,
				"end":	100.000084,
				"seconds":	9.9999923706054688,
				"bytes":	29695584,
				"bits_per_second":	23756485.324759923,
				"packets":	20508,
				"omitted":	false,
				"sender":	true
			}
		}, {
			"streams":	[{
					"socket":	6,
					"start":	100.000084,
					"end":	110.000081,
					"seconds":	9.99999713897705,
					"bytes":	27862416,
					"bits_per_second":	22289939.177202754,
					"packets":	19242,
					"omitted":	false,
					"sender":	true
				}],
			"sum":	{
				"start":	100.000084,
				"end":	110.000081,
				"seconds":	9.99999713897705,
				"bytes":	27862416,
				"bits_per_second":	22289939.177202754,
				"packets":	19242,
				"omitted":	false,
				"sender":	true
			}
		}, {
			"streams":	[{
					"socket":	6,
					"start":	110.000081,
					"end":	120.000088,
					"seconds":	10.000006675720215,
					"bytes":	47348152,
					"bits_per_second":	37878496.313375644,
					"packets":	32699,
					"omitted":	false,
					"sender":	true
				}],
			"sum":	{
				"start":	110.000081,
				"end":	120.000088,
				"seconds":	10.000006675720215,
				"bytes":	47348152,
				"bits_per_second":	37878496.313375644,
				"packets":	32699,
				"omitted":	false,
				"sender":	true
			}
		}, {
			"streams":	[{
					"socket":	6,
					"start":	120.000088,
					"end":	130.000089,
					"seconds":	10.000000953674316,
					"bytes":	11194488,
					"bits_per_second":	8955589.5459284261,
					"packets":	7731,
					"omitted":	false,
					"sender":	true
				}],
			"sum":	{
				"start":	120.000088,
				"end":	130.000089,
				"seconds":	10.000000953674316,
				"bytes":	11194488,
				"bits_per_second":	8955589.5459284261,
				"packets":	7731,
				"omitted":	false,
				"sender":	true
			}
		}, {
			"streams":	[{
					"socket":	6,
					"start":	130.000089,
					"end":	140.000049,
					"seconds":	9.9999599456787109,
					"bytes":	53716456,
					"bits_per_second":	42973336.926784411,
					"packets":	37097,
					"omitted":	false,
					"sender":	true
				}],
			"sum":	{
				"start":	130.000089,
				"end":	140.000049,
				"seconds":	9.9999599456787109,
				"bytes":	53716456,
				"bits_per_second":	42973336.926784411,
				"packets":	37097,
				"omitted":	false,
				"sender":	true
			}
		}, {
			"streams":	[{
					"socket":	6,
					"start":	140.000049,
					"end":	150.000538,
					"seconds":	10.000489234924316,
					"bytes":	26618584,
					"bits_per_second":	21293825.431692652,
					"packets":	18383,
					"omitted":	false,
					"sender":	true
				}],