{
	"start":	{
		"connected":	[{
				"socket":	6,
				"local_host":	"10.20.15.3",
				"local_port":	47537,
				"remote_host":	"10.20.15.2",
				"remote_port":	5201
			}],
		"version":	"iperf 3.7",
		"system_info":	"Linux node2 5.8.0-1006-raspi #9-Ubuntu SMP PREEMPT Fri Oct 16 12:55:30 UTC 2020 aarch64",
		"timestamp":	{
			"time":	"Sun, 08 Aug 2021 08:27:42 GMT",
			"timesecs":	1628411262
		},
		"connecting_to":	{
			"host":	"10.20.15.2",
			"port":	5201
		},
		"cookie":	"suljaigdhzqwseuteieyta463rbejjcjveyy",
		"sock_bufsize":	0,
		"sndbuf_actual":	212992,
		"rcvbuf_actual":	212992,
		"test_start":	{
			"protocol":	"UDP",
			"num_streams":	1,
			"blksize":	1448,
			"omit":	0,
			"duration":	180,
			"bytes":	0,
			"blocks":	0,
			"reverse":	0,
			"tos":	0
		}
	},
	"intervals":	[{
			"streams":	[{
					"socket":	6,
					"start":	0,
					"end":	10.000057,
					"seconds":	10.000057220458984,
					"bytes":	30629544,
					"bits_per_second":	24503494.989876997,
					"packets":	21153,
					"omitted":	false,
					"sender":	true
				}],
			"sum":	{
				"start":	0,
				"end":	10.000057,
				"seconds":	10.000057220458984,
				"bytes":	30629544,
				"bits_per_second":	24503494.989876997,
				"packets":	21153,
				"omitted":	false,
				"sender":	true
			}
		}, {
			"streams":	[{
					"socket":	6,
					"start":	10.000057,
					"end":	20.000058,
					"seconds":	10.000000953674316,
					"bytes":	58612144,
					"bits_per_second":	46889710.728248715,
					"packets":	40478,
					"omitted":	false,
					"sender":	true
				}],
			"sum":	{
				"start":	10.000057,
				"end":	20.000058,
				"seconds":	10.000000953674316,
				"bytes":	58612144,
				"bits_per_second":	46889710.728248715,
				"packets":	40478,
				"omitted":	false,
				"sender":	true
			}
		}, {
			"streams":	[{
					"socket":	6,
					"start":	20.000058,
					"end":	30.000083,
					"seconds":	10.000024795532227,
					"bytes":	31043672,
					"bits_per_second":	24834876.020603128,
					"packets":	21439,
					"omitted":	false,
					"sender":	true
				}],
			"sum":	{
				"start":	20.000058,
				"end":	30.000083,
				"seconds":	10.000024795532227,
				"bytes":	31043672,
				"bits_per_second":	24834876.020603128,
				"packets":	21439,
				"omitted":	false,
				"sender":	true
			}
		}, {
			"streams":	[{
					"socket":	6,
					"start":	30.000083,
					"end":	40.000087,
					"seconds":	10.000003814697266,
					"bytes":	30041656,
					"bits_per_second":	24033315.632017657,
					"packets":	20747,
					"omitted":	false,
					"sender":	true
				}],
			"sum":	{
				"start":	30.000083,
				"end":	40.000087,
				"seconds":	10.000003814697266,
				"bytes":	30041656,
				"bits_per_second":	24033315.632017657,
				"packets":	20747,
				"omitted":	false,
				"sender":	true
			}
		}, {
			"streams":	[{
					"socket":	6,
					"start":	40.000087,
					"end":	50.000087,
					"seconds":	10,
					"bytes":	58526712,
					"bits_per_second":	46821369.6,
					"packets":	40419,
					"omitted":	false,
					"sender":	true
				}],
			"sum":	{
				"start":	40.000087,
				"end":	50.000087,
				"seconds":	10,
				"bytes":	58526712,
				"bits_per_second":	46821369.6,
				"packets":	40419,
				"omitted":	false,
				"sender":	true
			}
		}, {
			"streams":	[{
					"socket":	6,
					"start":	50.000087,
					"end":	60.000093,
					"seconds":	10.000005722045898,
					"bytes":	36454848,
					"bits_per_second":	29163861.712304469,
					"packets":	25176,
					"omitted":	false,
					"sender":	true
				}],
			"sum":	{
				"start":	50.000087,
				"end":	60.000093,
				"seconds":	10.000005722045898,
				"bytes":	36454848,
				"bits_per_second":	29163861.712304469,
				"packets":	25176,
				"omitted":	false,
				"sender":	true
			}
		}, {
			"streams":	[{
					"socket":	6,
					"start":	60.000093,
					"end":	70.000082,
					"seconds":	9.9999885559082031,
					"bytes":	24214904,
					"bits_per_second":	19371945.36943211,
					"packets":	16723,
					"omitted":	false,
					"sender":	true
				}],
			"sum":	{
				"start":	60.000093,
				"end":	70.000082,
				"seconds":	9.9999885559082031,
				"bytes":	24214904,
				"bits_per_second":	19371945.36943211,
				"packets":	16723,
				"omitted":	false,
				"sender":	true
			}
		}, {
			"streams":	[{
					"socket":	6,
					"start":	70.000082,
					"end":	80.000081,
					"seconds":	9.9999990463256836,
					"bytes":	57365416,
					"bits_per_second":	45892337.176634327,
					"packets":	39617,
					"omitted":	false,
					"sender":	true
				}],
			"sum":	{
				"start":	70.000082,
				"end":	80.000081,
				"seconds":	9.9999990463256836,
				"bytes":	57365416,
				"bits_per_second":	45892337.176634327,
				"packets":	39617,
				"omitted":	false,
				"sender":	true
			}
		}, {
			"streams":	[{
					"socket":	6,
					"start":	80.000081,
					"end":	90.000083,
					"seconds":	10.000001907348633,
					"bytes":	41570632,
					"bits_per_second":	33256499.256826162,
					"packets":	28709,
					"omitted":	false,
					"sender":	true
				}],
			"sum":	{
				"start":	80.000081,
				"end":	90.000083,
				"seconds":	10.000001907348633,
				"bytes":	41570632,
				"bits_per_second":	33256499.256826162,
				"packets":	28709,
				"omitted":	false,
				"sender":	true
			}
		}, {
			"streams":	[{
					"socket":	6,
					"start":	90.000083,
					"end":	100.000088,
					"seconds":	10.000004768371582,
					"bytes":	18392496,
					"bits_per_second":	14713989.783822926,
					"packets":	12702,
					"omitted":	false,
					"sender":	true
				}],
			"sum":	{
				"start":	90.000083,
				"end":	100.000088,
				"seconds":	10.000004768371582,
				"bytes":	18392496,
				"bits_per_second":	14713989.783822926,
				"packets":	12702,
				"omitted":	false,
				"sender":	true
			}
		}, {
			"streams":	[{
					"socket":	6,
					"start":	100.000088,
					"end":	110.000081,
					"seconds":	9.9999933242797852,
					"bytes":	57730312,
					"bits_per_second":	46184280.431333445,
					"packets":	39869,
					"omitted":	false,
					"sender":	true
				}],
			"sum":	{
				"start":	100.000088,
				"end":	110.000081,
				"seconds":	9.9999933242797852,
				"bytes":	57730312,
				"bits_per_second":	46184280.431333445,
				"packets":	39869,
				"omitted":	false,
				"sender":	true
			}
		}, {
			"streams":	[{
					"socket":	6,
					"start":	110.000081,
					"end":	120.000087,
					"seconds":	10.000005722045898,
					"bytes":	45323848,
					"bits_per_second":	36259057.652400784,
					"packets":	31301,
					"omitted":	false,
					"sender":	true
				}],
			"sum":	{
				"start":	110.000081,
				"end":	120.000087,
				"seconds":	10.000005722045898,
				"bytes":	45323848,
				"bits_per_second":	36259057.652400784,
				"packets":	31301,
				"omitted":	false,
				"sender":	true
			}
		}, {
			"streams":	[{
					"socket":	6,
					"start":	120.000087,
					"end":	130.000135,
					"seconds":	10.00004768371582,
					"bytes":	13564864,
					"bits_per_second":	10851839.454397133,
					"packets":	9368,
					"omitted":	false,
					"sender":	true
				}],
			"sum":	{
				"start":	120.000087,
				"end":	130.000135,
				"seconds":	10.00004768371582,
				"bytes":	13564864,
				"bits_per_second":	10851839.454397133,
				"packets":	9368,
				"omitted":	false,
				"sender":	true
			}
		}, {
			"streams":	[{
					"socket":	6,
					"start":	130.000135,
					"end":	140.00068,
					"seconds":	10.000544548034668,
					"bytes":	58334128,
					"bits_per_second":	46664761.279595695,
					"packets":	40286,
					"omitted":	false,
					"sender":	true
				}],
			"sum":	{
				"start":	130.000135,
				"end":	140.00068,
				"seconds":	10.000544548034668,
				"bytes":	58334128,
				"bits_per_second":	46664761.279595695,
				"packets":	40286,
				"omitted":	false,
				"sender":	true
			}
		}, {
			"streams":	[{
					"socket":	6,
					"start":	140.00068,
					"end":	150.000082,
					"seconds":	9.9994020462036133,
					"bytes":	51024624,
					"bits_per_second":	40822140.175369449,
					"packets":	35238,
					"omitted":	false,
					"sender":	true
				}],
			"sum":	{
				"start":	140.00068,
				"end":	150.000082,