{
	"start":	{
		"connected":	[{
				"socket":	6,
				"local_host":	"10.20.15.3",
				"local_port":	34848,
				"remote_host":	"10.20.15.2",
				"remote_port":	5201
			}],
		"version":	"iperf 3.7",
		"system_info":	"Linux node2 5.8.0-1006-raspi #9-Ubuntu SMP PREEMPT Fri Oct 16 12:55:30 UTC 2020 aarch64",
		"timestamp":	{
			"time":	"Sun, 08 Aug 2021 08:48:19 GMT",
			"timesecs":	1628412499
		},
		"connecting_to":	{
			"host":	"10.20.15.2",
			"port":	5201
		},
		"cookie":	"eo5smfxw5ioc74sav6xswbygzjobexvnulyh",
		"sock_bufsize":	0,
		"sndbuf_actual":	212992,
		"rcvbuf_actual":	212992,
		"test_start":	{
			"protocol":	"UDP",
			"num_streams":	1,
			"blksize":	1448,
			"omit":	0,
			"duration":	180,
			"bytes":	0,
			"blocks":	0,
			"reverse":	0,
			"tos":	0
		}
	},
	"intervals":	[{
			"streams":	[{
					"socket":	6,
					"start":	0,
					"end":	10.000086,
					"seconds":	10.000085830688477,
					"bytes":	60439520,
					"bits_per_second":	48351200.998312965,
					"packets":	41740,
					"omitted":	false,
					"sender":	true
				}],
			"sum":	{
				"start":	0,
				"end":	10.000086,
				"seconds":	10.000085830688477,
				"bytes":	60439520,
				"bits_per_second":	48351200.998312965,
				"packets":	41740,
				"omitted":	false,
				"sender":	true
			}
		}, {
			"streams":	[{
					"socket":	6,
					"start":	10.000086,
					"end":	20.00007,
					"seconds":	9.9999837875366211,
					"bytes":	60299064,
					"bits_per_second":	48239329.407836147,
					"packets":	41643,
					"omitted":	false,
					"sender":	true
				}],
			"sum":	{
				"start":	10.000086,
				"end":	20.00007,
				"seconds":	9.9999837875366211,
				"bytes":	60299064,
				"bits_per_second":	48239329.407836147,
				"packets":	41643,
				"omitted":	false,
				"sender":	true
			}
		}, {
			"streams":	[{
					"socket":	6,
					"start":	20.00007,
					"end":	30.000092,
					"seconds":	10.000021934509277,
					"bytes":	37619040,
					"bits_per_second":	30095165.987730242,
					"packets":	25980,
					"omitted":	false,
					"sender":	true
				}],
			"sum":	{
				"start":	20.00007,
				"end":	30.000092,
				"seconds":	10.000021934509277,
				"bytes":	37619040,
				"bits_per_second":	30095165.987730242,
				"packets":	25980,
				"omitted":	false,
				"sender":	true
			}
		}, {
			"streams":	[{
					"socket":	6,
					"start":	30.000092,
					"end":	40.00014,
					"seconds":	10.00004768371582,
					"bytes":	49042312,
					"bits_per_second":	39233662.519318581,
					"packets":	33869,
					"omitted":	false,
					"sender":	true
				}],
			"sum":	{
				"start":	30.000092,
				"end":	40.00014,
				"seconds":	10.00004768371582,
				"bytes":	49042312,
				"bits_per_second":	39233662.519318581,
				"packets":	33869,
				"omitted":	false,
				"sender":	true
			}
		}, {
			"streams":	[{
					"socket":	6,
					"start":	40.00014,
					"end":	50.000078,
					"seconds":	9.9999380111694336,
					"bytes":	60238248,
					"bits_per_second":	48190897.1297357,
					"packets":	41601,
					"omitted":	false,
					"sender":	true
				}],
			"sum":	{
				"start":	40.00014,
				"end":	50.000078,
				"seconds":	9.9999380111694336,
				"bytes":	60238248,
				"bits_per_second":	48190897.1297357,
				"packets":	41601,
				"omitted":	false,
				"sender":	true
			}
		}, {
			"streams":	[{
					"socket":	6,
					"start":	50.000078,
					"end":	60.000088,
					"seconds":	10.000009536743164,
					"bytes":	55989816,
					"bits_per_second":	44791810.08320114,
					"packets":	38667,
					"omitted":	false,
					"sender":	true
				}],
			"sum":	{
				"start":	50.000078,
				"end":	60.000088,
				"seconds":	10.000009536743164,
				"bytes":	55989816,
				"bits_per_second":	44791810.08320114,
				"packets":	38667,
				"omitted":	false,
				"sender":	true
			}
		}, {
			"streams":	[{
					"socket":	6,
					"start":	60.000088,
					"end":	70.000077,
					"seconds":	9.9999885559082031,
					"bytes":	33389432,
					"bits_per_second":	26711576.168972973,
					"packets":	23059,
					"omitted":	false,
					"sender":	true
				}],
			"sum":	{
				"start":	60.000088,
				"end":	70.000077,
				"seconds":	9.9999885559082031,
				"bytes":	33389432,
				"bits_per_second":	26711576.168972973,
				"packets":	23059,
				"omitted":	false,
				"sender":	true
			}
		}, {
			"streams":	[{
					"socket":	6,
					"start":	70.000077,
					"end":	80.000088,
					"seconds":	10.000011444091797,
					"bytes":	37028256,
					"bits_per_second":	29622570.899657935,
					"packets":	25572,
					"omitted":	false,
					"sender":	true
				}],
			"sum":	{
				"start":	70.000077,
				"end":	80.000088,
				"seconds":	10.000011444091797,
				"bytes":	37028256,
				"bits_per_second":	29622570.899657935,
				"packets":	25572,
				"omitted":	false,
				"sender":	true
			}
		}, {
			"streams":	[{
					"socket":	6,
					"start":	80.000088,
					"end":	90.000032,
					"seconds":	9.999943733215332,
					"bytes":	58651240,
					"bits_per_second":	46921256.010820828,
					"packets":	40505,
					"omitted":	false,
					"sender":	true
				}],
			"sum":	{
				"start":	80.000088,
				"end":	90.000032,
				"seconds":	9.999943733215332,
				"bytes":	58651240,
				"bits_per_second":	46921256.010820828,
				"packets":	40505,
				"omitted":	false,
				"sender":	true
			}
		}, {
			"streams":	[{
					"socket":	6,
					"start":	90.000032,
					"end":	100.000077,
					"seconds":	10.000044822692871,
					"bytes":	60096344,
					"bits_per_second":	48076859.706568316,
					"packets":	41503,
					"omitted":	false,
					"sender":	true
				}],
			"sum":	{
				"start":	90.000032,
				"end":	100.000077,
				"seconds":	10.000044822692871,
				"bytes":	60096344,
				"bits_per_second":	48076859.706568316,
				"packets":	41503,
				"omitted":	false,
				"sender":	true
			}
		}, {
			"streams":	[{
					"socket":	6,
					"start":	100.000077,
					"end":	110.000078,
					"seconds":	10.000000953674316,
					"bytes":	54537472,
					"bits_per_second":	43629973.439121492,
					"packets":	37664,
					"omitted":	false,
					"sender":	true
				}],
			"sum":	{
				"start":	100.000077,
				"end":	110.000078,
				"seconds":	10.000000953674316,
				"bytes":	54537472,
				"bits_per_second":	43629973.439121492,
				"packets":	37664,
				"omitted":	false,
				"sender":	true
			}
		}, {
			"streams":	[{
					"socket":	6,
					"start":	110.000078,
					"end":	120.000103,
					"seconds":	10.000024795532227,
					"bytes":	32950688,
					"bits_per_second":	26360485.037774373,
					"packets":	22756,
					"omitted":	false,
					"sender":	true
				}],
			"sum":	{
				"start":	110.000078,
				"end":	120.000103,
				"seconds":	10.000024795532227,
				"bytes":	32950688,
				"bits_per_second":	26360485.037774373,
				"packets":	22756,
				"omitted":	false,
				"sender":	true
			}
		}, {
			"streams":	[{
					"socket":	6,
					"start":	120.000103,
					"end":	130.000046,
					"seconds":	9.9999427795410156,
					"bytes":	41902224,
					"bits_per_second":	33521971.014256749,
					"packets":	28938,
					"omitted":	false,
					"sender":	true
				}],
			"sum":	{
				"start":	120.000103,
				"end":	130.000046,
				"seconds":	9.9999427795410156,
				"bytes":	41902224,
				"bits_per_second":	33521971.014256749,
				"packets":	28938,
				"omitted":	false,
				"sender":	true
			}
		}, {
			"streams":	[{
					"socket":	6,
					"start":	130.000046,
					"end":	140.000112,
					"seconds":	10.000065803527832,
					"bytes":	60102136,
					"bits_per_second":	48081392.40747565,
					"packets":	41507,
					"omitted":	false,
					"sender":	true
				}],
			"sum":	{
				"start":	130.000046,
				"end":	140.000112,
				"seconds":	10.000065803527832,
				"bytes":	60102136,
				"bits_per_second":	48081392.40747565,
				"packets":	41507,
				"omitted":	false,
				"sender":	true
			}
		}, {
			"streams":	[{
					"socket":	6,
					"start":	140.000112,
					"end":	150.000085,
					"seconds":	9.99997329711914,
					"bytes":	57977920,
					"bits_per_second":	46382459.854529947,
					"packets":	40040,
					"omitted":	false,
					"sender":	true
				}],
			"sum":	{
				"start":	140.000112,