{
	"start":	{
		"connected":	[{
				"socket":	6,
				"local_host":	"10.20.15.3",
				"local_port":	54322,
				"remote_host":	"10.20.15.2",
				"remote_port":	5201
			}],
		"version":	"iperf 3.7",
		"system_info":	"Linux node2 5.8.0-1006-raspi #9-Ubuntu SMP PREEMPT Fri Oct 16 12:55:30 UTC 2020 aarch64",
		"timestamp":	{
			"time":	"Sun, 08 Aug 2021 09:45:21 GMT",
			"timesecs":	1628415921
		},
		"connecting_to":	{
			"host":	"10.20.15.2",
			"port":	5201
		},
		"cookie":	"dbdt3vtqmgqr36z63y7irwz6esxaikixt57g",
		"sock_bufsize":	0,
		"sndbuf_actual":	212992,
		"rcvbuf_actual":	212992,
		"test_start":	{
			"protocol":	"UDP",
			"num_streams":	1,
			"blksize":	1448,
			"omit":	0,
			"duration":	180,
			"bytes":	0,
			"blocks":	0,
			"reverse":	0,
			"tos":	0
		}
	},
	"intervals":	[{
			"streams":	[{
					"socket":	6,
					"start":	0,
					"end":	10.000103,
					"seconds":	10.000102996826172,
					"bytes":	60174536,
					"bits_per_second":	48139132.982208818,
					"packets":	41557,
					"omitted":	false,
					"sender":	true
				}],
			"sum":	{
				"start":	0,
				"end":	10.000103,
				"seconds":	10.000102996826172,
				"bytes":	60174536,
				"bits_per_second":	48139132.982208818,
				"packets":	41557,
				"omitted":	false,
				"sender":	true
			}
		}, {
			"streams":	[{
					"socket":	6,
					"start":	10.000103,
					"end":	20.000087,
					"seconds":	9.9999837875366211,
					"bytes":	37272968,
					"bits_per_second":	29818422.743008673,
					"packets":	25741,
					"omitted":	false,
					"sender":	true
				}],
			"sum":	{
				"start":	10.000103,
				"end":	20.000087,
				"seconds":	9.9999837875366211,
				"bytes":	37272968,
				"bits_per_second":	29818422.743008673,
				"packets":	25741,
				"omitted":	false,
				"sender":	true
			}
		}, {
			"streams":	[{
					"socket":	6,
					"start":	20.000087,
					"end":	30.000165,
					"seconds":	10.000078201293945,
					"bytes":	47073032,
					"bits_per_second":	37658131.108541973,
					"packets":	32509,
					"omitted":	false,
					"sender":	true
				}],
			"sum":	{
				"start":	20.000087,
				"end":	30.000165,
				"seconds":	10.000078201293945,
				"bytes":	47073032,
				"bits_per_second":	37658131.108541973,
				"packets":	32509,
				"omitted":	false,
				"sender":	true
			}
		}, {
			"streams":	[{
					"socket":	6,
					"start":	30.000165,
					"end":	40.000049,
					"seconds":	9.9998836517333984,
					"bytes":	50624976,
					"bits_per_second":	40500452.01573886,
					"packets":	34962,
					"omitted":	false,
					"sender":	true
				}],
			"sum":	{
				"start":	30.000165,
				"end":	40.000049,
				"seconds":	9.9998836517333984,
				"bytes":	50624976,
				"bits_per_second":	40500452.01573886,
				"packets":	34962,
				"omitted":	false,
				"sender":	true
			}
		}, {
			"streams":	[{
					"socket":	6,
					"start":	40.000049,
					"end":	50.0001,
					"seconds":	10.00005054473877,
					"bytes":	37789904,
					"bits_per_second":	30231770.394306287,
					"packets":	26098,
					"omitted":	false,
					"sender":	true
				}],
			"sum":	{
				"start":	40.000049,
				"end":	50.0001,
				"seconds":	10.00005054473877,
				"bytes":	37789904,
				"bits_per_second":	30231770.394306287,
				"packets":	26098,
				"omitted":	false,
				"sender":	true
			}
		}, {
			"streams":	[{
					"socket":	6,
					"start":	50.0001,
					"end":	60.000078,
					"seconds":	9.9999780654907227,
					"bytes":	59800952,
					"bits_per_second":	47840866.536593087,
					"packets":	41299,
					"omitted":	false,
					"sender":	true
				}],
			"sum":	{
				"start":	50.0001,
				"end":	60.000078,
				"seconds":	9.9999780654907227,
				"bytes":	59800952,
				"bits_per_second":	47840866.536593087,
				"packets":	41299,
				"omitted":	false,
				"sender":	true
			}
		}, {
			"streams":	[{
					"socket":	6,
					"start":	60.000078,
					"end":	70.000087,
					"seconds":	10.000008583068848,
					"bytes":	35672928,
					"bits_per_second":	28538317.905365262,
					"packets":	24636,
					"omitted":	false,
					"sender":	true
				}],
			"sum":	{
				"start":	60.000078,
				"end":	70.000087,
				"seconds":	10.000008583068848,
				"bytes":	35672928,
				"bits_per_second":	28538317.905365262,
				"packets":	24636,
				"omitted":	false,
				"sender":	true
			}
		}, {
			"streams":	[{
					"socket":	6,
					"start":	70.000087,
					"end":	80.000115,
					"seconds":	10.000027656555176,
					"bytes":	50590224,
					"bits_per_second":	40472067.268203855,
					"packets":	34938,
					"omitted":	false,
					"sender":	true
				}],
			"sum":	{
				"start":	70.000087,
				"end":	80.000115,
				"seconds":	10.000027656555176,
				"bytes":	50590224,
				"bits_per_second":	40472067.268203855,
				"packets":	34938,
				"omitted":	false,
				"sender":	true
			}
		}, {
			"streams":	[{
					"socket":	6,
					"start":	80.000115,
					"end":	90.000077,
					"seconds":	9.9999618530273438,
					"bytes":	48854072,
					"bits_per_second":	39083406.691364639,
					"packets":	33739,
					"omitted":	false,
					"sender":	true
				}],
			"sum":	{
				"start":	80.000115,
				"end":	90.000077,
				"seconds":	9.9999618530273438,
				"bytes":	48854072,
				"bits_per_second":	39083406.691364639,
				"packets":	33739,
				"omitted":	false,
				"sender":	true
			}
		}, {
			"streams":	[{
					"socket":	6,
					"start":	90.000077,
					"end":	100.000075,
					"seconds":	9.9999980926513672,
					"bytes":	35575912,
					"bits_per_second":	28460735.028454404,
					"packets":	24569,
					"omitted":	false,
					"sender":	true
				}],
			"sum":	{
				"start":	90.000077,
				"end":	100.000075,
				"seconds":	9.9999980926513672,
				"bytes":	35575912,
				"bits_per_second":	28460735.028454404,
				"packets":	24569,
				"omitted":	false,
				"sender":	true
			}
		}, {
			"streams":	[{
					"socket":	6,
					"start":	100.000075,
					"end":	110.000045,
					"seconds":	9.9999704360961914,
					"bytes":	59171072,
					"bits_per_second":	47336997.5466442,
					"packets":	40864,
					"omitted":	false,
					"sender":	true
				}],
			"sum":	{
				"start":	100.000075,
				"end":	110.000045,
				"seconds":	9.9999704360961914,
				"bytes":	59171072,
				"bits_per_second":	47336997.5466442,
				"packets":	40864,
				"omitted":	false,
				"sender":	true
			}
		}, {
			"streams":	[{
					"socket":	6,
					"start":	110.000045,
					"end":	120.000118,
					"seconds":	10.000073432922363,
					"bytes":	33521200,
					"bits_per_second":	26816763.076671895,
					"packets":	23150,
					"omitted":	false,
					"sender":	true
				}],
			"sum":	{
				"start":	110.000045,
				"end":	120.000118,
				"seconds":	10.000073432922363,
				"bytes":	33521200,
				"bits_per_second":	26816763.076671895,
				"packets":	23150,
				"omitted":	false,
				"sender":	true
			}
		}, {
			"streams":	[{
					"socket":	6,
					"start":	120.000118,
					"end":	130.000088,
					"seconds":	9.9999704360961914,
					"bytes":	50775568,
					"bits_per_second":	40620574.490275688,
					"packets":	35066,
					"omitted":	false,
					"sender":	true
				}],
			"sum":	{
				"start":	120.000118,
				"end":	130.000088,
				"seconds":	9.9999704360961914,
				"bytes":	50775568,
				"bits_per_second":	40620574.490275688,
				"packets":	35066,
				"omitted":	false,
				"sender":	true
			}
		}, {
			"streams":	[{
					"socket":	6,
					"start":	130.000088,
					"end":	140.000079,
					"seconds":	9.9999914169311523,
					"bytes":	59108808,
					"bits_per_second":	47287086.986832321,
					"packets":	40821,
					"omitted":	false,
					"sender":	true
				}],
			"sum":	{
				"start":	130.000088,
				"end":	140.000079,
				"seconds":	9.9999914169311523,
				"bytes":	59108808,
				"bits_per_second":	47287086.986832321,
				"packets":	40821,
				"omitted":	false,
				"sender":	true
			}
		}, {
			"streams":	[{
					"socket":	6,
					"start":	140.000079,
					"end":	150.000142,
					"seconds":	10.000062942504883,
					"bytes":	53777272,
					"bits_per_second":	43021546.811607972,
					"packets":	37139,
					"omitted":	false,
					"sender":	true
				}],