{
	"start":	{
		"connected":	[{
				"socket":	6,
				"local_host":	"10.20.15.3",
				"local_port":	55037,
				"remote_host":	"10.20.15.2",
				"remote_port":	5201
			}],
		"version":	"iperf 3.7",
		"system_info":	"Linux node2 5.8.0-1006-raspi #9-Ubuntu SMP PREEMPT Fri Oct 16 12:55:30 UTC 2020 aarch64",
		"timestamp":	{
			"time":	"Sun, 08 Aug 2021 10:13:20 GMT",
			"timesecs":	1628417600
		},
		"connecting_to":	{
			"host":	"10.20.15.2",
			"port":	5201
		},
		"cookie":	"hfm4t5tvcmospd7ff7f2e2jwmlsrewcmd4sa",
		"sock_bufsize":	0,
		"sndbuf_actual":	212992,
		"rcvbuf_actual":	212992,
		"test_start":	{
			"protocol":	"UDP",
			"num_streams":	1,
			"blksize":	1448,
			"omit":	0,
			"duration":	180,
			"bytes":	0,
			"blocks":	0,
			"reverse":	0,
			"tos":	0
		}
	},
	"intervals":	[{
			"streams":	[{
					"socket":	6,
					"start":	0,
					"end":	10.000087,
					"seconds":	10.000086784362793,
					"bytes":	41366464,
					"bits_per_second":	33092884.00551486,
					"packets":	28568,
					"omitted":	false,
					"sender":	true
				}],
			"sum":	{
				"start":	0,
				"end":	10.000087,
				"seconds":	10.000086784362793,
				"bytes":	41366464,
				"bits_per_second":	33092884.00551486,
				"packets":	28568,
				"omitted":	false,
				"sender":	true
			}
		}, {
			"streams":	[{
					"socket":	6,
					"start":	10.000087,
					"end":	20.00008,
					"seconds":	9.9999933242797852,
					"bytes":	45707568,
					"bits_per_second":	36566078.810491152,
					"packets":	31566,
					"omitted":	false,
					"sender":	true
				}],
			"sum":	{
				"start":	10.000087,
				"end":	20.00008,
				"seconds":	9.9999933242797852,
				"bytes":	45707568,
				"bits_per_second":	36566078.810491152,
				"packets":	31566,
				"omitted":	false,
				"sender":	true
			}
		}, {
			"streams":	[{
					"socket":	6,
					"start":	20.00008,
					"end":	30.000085,
					"seconds":	10.000004768371582,
					"bytes":	24038248,
					"bits_per_second":	19230589.230140481,
					"packets":	16601,
					"omitted":	false,
					"sender":	true
				}],
			"sum":	{
				"start":	20.00008,
				"end":	30.000085,
				"seconds":	10.000004768371582,
				"bytes":	24038248,
				"bits_per_second":	19230589.230140481,
				"packets":	16601,
				"omitted":	false,
				"sender":	true
			}
		}, {
			"streams":	[{
					"socket":	6,
					"start":	30.000085,
					"end":	40.000088,
					"seconds":	10.000002861022949,
					"bytes":	9952104,
					"bits_per_second":	7961680.9221448172,
					"packets":	6873,
					"omitted":	false,
					"sender":	true
				}],
			"sum":	{
				"start":	30.000085,
				"end":	40.000088,
				"seconds":	10.000002861022949,
				"bytes":	9952104,
				"bits_per_second":	7961680.9221448172,
				"packets":	6873,
				"omitted":	false,
				"sender":	true
			}
		}, {
			"streams":	[{
					"socket":	6,
					"start":	40.000088,
					"end":	50.000091,
					"seconds":	10.000002861022949,
					"bytes":	30156048,
					"bits_per_second":	24124831.497830343,
					"packets":	20826,
					"omitted":	false,
					"sender":	true
				}],
			"sum":	{
				"start":	40.000088,
				"end":	50.000091,
				"seconds":	10.000002861022949,
				"bytes":	30156048,
				"bits_per_second":	24124831.497830343,
				"packets":	20826,
				"omitted":	false,
				"sender":	true
			}
		}, {
			"streams":	[{
					"socket":	6,
					"start":	50.000091,
					"end":	60.000111,
					"seconds":	10.000020027160645,
					"bytes":	41564840,
					"bits_per_second":	33251805.406075142,
					"packets":	28705,
					"omitted":	false,
					"sender":	true
				}],
			"sum":	{
				"start":	50.000091,
				"end":	60.000111,
				"seconds":	10.000020027160645,
				"bytes":	41564840,
				"bits_per_second":	33251805.406075142,
				"packets":	28705,
				"omitted":	false,
				"sender":	true
			}
		}, {
			"streams":	[{
					"socket":	6,
					"start":	60.000111,
					"end":	70.000115,
					"seconds":	10.000003814697266,
					"bytes":	47778208,
					"bits_per_second":	38222551.819253609,
					"packets":	32996,
					"omitted":	false,
					"sender":	true
				}],
			"sum":	{
				"start":	60.000111,
				"end":	70.000115,
				"seconds":	10.000003814697266,
				"bytes":	47778208,
				"bits_per_second":	38222551.819253609,
				"packets":	32996,
				"omitted":	false,
				"sender":	true
			}
		}, {
			"streams":	[{
					"socket":	6,
					"start":	70.000115,
					"end":	80.000079,
					"seconds":	9.9999637603759766,
					"bytes":	23789192,
					"bits_per_second":	19031422.569159854,
					"packets":	16429,
					"omitted":	false,
					"sender":	true
				}],
			"sum":	{
				"start":	70.000115,
				"end":	80.000079,
				"seconds":	9.9999637603759766,
				"bytes":	23789192,
				"bits_per_second":	19031422.569159854,
				"packets":	16429,
				"omitted":	false,
				"sender":	true
			}
		}, {
			"streams":	[{
					"socket":	6,
					"start":	80.000079,
					"end":	90.000033,
					"seconds":	9.9999542236328125,
					"bytes":	5915080,
					"bits_per_second":	4732085.6617690818,
					"packets":	4085,
					"omitted":	false,
					"sender":	true
				}],
			"sum":	{
				"start":	80.000079,
				"end":	90.000033,
				"seconds":	9.9999542236328125,
				"bytes":	5915080,
				"bits_per_second":	4732085.6617690818,
				"packets":	4085,
				"omitted":	false,
				"sender":	true
			}
		}, {
			"streams":	[{
					"socket":	6,
					"start":	90.000033,
					"end":	100.00009,
					"seconds":	10.000057220458984,
					"bytes":	36950064,
					"bits_per_second":	29559882.056998119,
					"packets":	25518,
					"omitted":	false,
					"sender":	true
				}],
			"sum":	{
				"start":	90.000033,
				"end":	100.00009,
				"seconds":	10.000057220458984,
				"bytes":	36950064,
				"bits_per_second":	29559882.056998119,
				"packets":	25518,
				"omitted":	false,
				"sender":	true
			}
		}, {
			"streams":	[{
					"socket":	6,
					"start":	100.00009,
					"end":	110.000084,
					"seconds":	9.9999942779541016,
					"bytes":	42662424,
					"bits_per_second":	34129958.729319036,
					"packets":	29463,
					"omitted":	false,
					"sender":	true
				}],
			"sum":	{
				"start":	100.00009,
				"end":	110.000084,
				"seconds":	9.9999942779541016,
				"bytes":	42662424,
				"bits_per_second":	34129958.729319036,
				"packets":	29463,
				"omitted":	false,
				"sender":	true
			}
		}, {
			"streams":	[{
					"socket":	6,
					"start":	110.000084,
					"end":	120.000089,
					"seconds":	10.000004768371582,
					"bytes":	45630824,
					"bits_per_second":	36504641.793230347,
					"packets":	31513,
					"omitted":	false,
					"sender":	true
				}],
			"sum":	{
				"start":	110.000084,
				"end":	120.000089,
				"seconds":	10.000004768371582,
				"bytes":	45630824,
				"bits_per_second":	36504641.793230347,
				"packets":	31513,
				"omitted":	false,
				"sender":	true
			}
		}, {
			"streams":	[{
					"socket":	6,
					"start":	120.000089,
					"end":	130.000082,
					"seconds":	9.9999933242797852,
					"bytes":	19104912,
					"bits_per_second":	15283939.803130591,
					"packets":	13194,
					"omitted":	false,
					"sender":	true
				}],
			"sum":	{
				"start":	120.000089,
				"end":	130.000082,
				"seconds":	9.9999933242797852,
				"bytes":	19104912,
				"bits_per_second":	15283939.803130591,
				"packets":	13194,
				"omitted":	false,
				"sender":	true
			}
		}, {
			"streams":	[{
					"socket":	6,
					"start":	130.000082,
					"end":	140.000091,
					"seconds":	10.000008583068848,
					"bytes":	6433464,
					"bits_per_second":	5146766.7824946363,
					"packets":	4443,
					"omitted":	false,
					"sender":	true
				}],
			"sum":	{
				"start":	130.000082,
				"end":	140.000091,
				"seconds":	10.000008583068848,
				"bytes":	6433464,
				"bits_per_second":	5146766.7824946363,
				"packets":	4443,
				"omitted":	false,
				"sender":	true
			}
		}, {
			"streams":	[{
					"socket":	6,
					"start":	140.000091,
					"end":	150.00009,
					"seconds":	9.9999990463256836,
					"bytes":	42477080,
					"bits_per_second":	33981667.24074433,
					"packets":	29335,
					"omitted":	false,
					"sender":	true
				}],
			"sum":	{
				"start":	140.000091,