{
	"start":	{
		"connected":	[{
				"socket":	6,
				"local_host":	"10.20.15.3",
				"local_port":	36131,
				"remote_host":	"10.20.15.2",
				"remote_port":	5201
			}],
		"version":	"iperf 3.7",
		"system_info":	"Linux node2 5.8.0-1006-raspi #9-Ubuntu SMP PREEMPT Fri Oct 16 12:55:30 UTC 2020 aarch64",
		"timestamp":	{
			"time":	"Sun, 08 Aug 2021 08:54:19 GMT",
			"timesecs":	1628412859
		},
		"connecting_to":	{
			"host":	"10.20.15.2",
			"port":	5201
		},
		"cookie":	"lehavcaaobi7nuqrm35qkke2z5fvnl5an5el",
		"sock_bufsize":	0,
		"sndbuf_actual":	212992,
		"rcvbuf_actual":	212992,
		"test_start":	{
			"protocol":	"UDP",
			"num_streams":	1,
			"blksize":	1448,
			"omit":	0,
			"duration":	180,
			"bytes":	0,
			"blocks":	0,
			"reverse":	0,
			"tos":	0
		}
	},
	"intervals":	[{
			"streams":	[{
					"socket":	6,
					"start":	0,
					"end":	10.000088,
					"seconds":	10.000087738037109,
					"bytes":	53678808,
					"bits_per_second":	42942669.629445851,
					"packets":	37071,
					"omitted":	false,
					"sender":	true
				}],
			"sum":	{
				"start":	0,
				"end":	10.000088,
				"seconds":	10.000087738037109,
				"bytes":	53678808,
				"bits_per_second":	42942669.629445851,
				"packets":	37071,
				"omitted":	false,
				"sender":	true
			}
		}, {
			"streams":	[{
					"socket":	6,
					"start":	10.000088,
					"end":	20.000107,
					"seconds":	10.000019073486328,
					"bytes":	59118944,
					"bits_per_second":	47295064.991822451,
					"packets":	40828,
					"omitted":	false,
					"sender":	true
				}],
			"sum":	{
				"start":	10.000088,
				"end":	20.000107,
				"seconds":	10.000019073486328,
				"bytes":	59118944,
				"bits_per_second":	47295064.991822451,
				"packets":	40828,
				"omitted":	false,
				"sender":	true
			}
		}, {
			"streams":	[{
					"socket":	6,
					"start":	20.000107,
					"end":	30.000092,
					"seconds":	9.9999847412109375,
					"bytes":	60316440,
					"bits_per_second":	48253225.628579147,
					"packets":	41655,
					"omitted":	false,
					"sender":	true
				}],
			"sum":	{
				"start":	20.000107,
				"end":	30.000092,
				"seconds":	9.9999847412109375,
				"bytes":	60316440,
				"bits_per_second":	48253225.628579147,
				"packets":	41655,
				"omitted":	false,
				"sender":	true
			}
		}, {
			"streams":	[{
					"socket":	6,
					"start":	30.000092,
					"end":	40.000092,
					"seconds":	10,
					"bytes":	44053952,
					"bits_per_second":	35243161.6,
					"packets":	30424,
					"omitted":	false,
					"sender":	true
				}],
			"sum":	{
				"start":	30.000092,
				"end":	40.000092,
				"seconds":	10,
				"bytes":	44053952,
				"bits_per_second":	35243161.6,
				"packets":	30424,
				"omitted":	false,
				"sender":	true
			}
		}, {
			"streams":	[{
					"socket":	6,
					"start":	40.000092,
					"end":	50.000104,
					"seconds":	10.000012397766113,
					"bytes":	41382392,
					"bits_per_second":	33105872.556113508,
					"packets":	28579,
					"omitted":	false,
					"sender":	true
				}],
			"sum":	{
				"start":	40.000092,
				"end":	50.000104,
				"seconds":	10.000012397766113,
				"bytes":	41382392,
				"bits_per_second":	33105872.556113508,
				"packets":	28579,
				"omitted":	false,
				"sender":	true
			}
		}, {
			"streams":	[{
					"socket":	6,
					"start":	50.000104,
					"end":	60.000082,
					"seconds":	9.9999780654907227,
					"bytes":	60726224,
					"bits_per_second":	48581085.760227628,
					"packets":	41938,
					"omitted":	false,
					"sender":	true
				}],
			"sum":	{
				"start":	50.000104,
				"end":	60.000082,
				"seconds":	9.9999780654907227,
				"bytes":	60726224,
				"bits_per_second":	48581085.760227628,
				"packets":	41938,
				"omitted":	false,
				"sender":	true
			}
		}, {
			"streams":	[{
					"socket":	6,
					"start":	60.000082,
					"end":	70.00008,
					"seconds":	9.9999980926513672,
					"bytes":	60425040,
					"bits_per_second":	48340041.220131151,
					"packets":	41730,
					"omitted":	false,
					"sender":	true
				}],
			"sum":	{
				"start":	60.000082,
				"end":	70.00008,
				"seconds":	9.9999980926513672,
				"bytes":	60425040,
				"bits_per_second":	48340041.220131151,
				"packets":	41730,
				"omitted":	false,
				"sender":	true
			}
		}, {
			"streams":	[{
					"socket":	6,
					"start":	70.00008,
					"end":	80.000014,
					"seconds":	9.999934196472168,
					"bytes":	35180608,
					"bits_per_second":	28144671.601868108,
					"packets":	24296,
					"omitted":	false,
					"sender":	true
				}],
			"sum":	{
				"start":	70.00008,
				"end":	80.000014,
				"seconds":	9.999934196472168,
				"bytes":	35180608,
				"bits_per_second":	28144671.601868108,
				"packets":	24296,
				"omitted":	false,
				"sender":	true
			}
		}, {
			"streams":	[{
					"socket":	6,
					"start":	80.000014,
					"end":	90.000251,
					"seconds":	10.000237464904785,
					"bytes":	33396672,
					"bits_per_second":	26716703.172062509,
					"packets":	23064,
					"omitted":	false,
					"sender":	true
				}],
			"sum":	{
				"start":	80.000014,
				"end":	90.000251,
				"seconds":	10.000237464904785,
				"bytes":	33396672,
				"bits_per_second":	26716703.172062509,
				"packets":	23064,
				"omitted":	false,
				"sender":	true
			}
		}, {
			"streams":	[{
					"socket":	6,
					"start":	90.000251,
					"end":	100.000026,
					"seconds":	9.9997749328613281,
					"bytes":	59882040,
					"bits_per_second":	47906710.222619295,
					"packets":	41355,
					"omitted":	false,
					"sender":	true
				}],
			"sum":	{
				"start":	90.000251,
				"end":	100.000026,
				"seconds":	9.9997749328613281,
				"bytes":	59882040,
				"bits_per_second":	47906710.222619295,
				"packets":	41355,
				"omitted":	false,
				"sender":	true
			}
		}, {
			"streams":	[{
					"socket":	6,
					"start":	100.000026,
					"end":	110.000101,
					"seconds":	10.000075340270996,
					"bytes":	60351192,
					"bits_per_second":	48280589.852727666,
					"packets":	41679,
					"omitted":	false,
					"sender":	true
				}],
			"sum":	{
				"start":	100.000026,
				"end":	110.000101,
				"seconds":	10.000075340270996,
				"bytes":	60351192,
				"bits_per_second":	48280589.852727666,
				"packets":	41679,
				"omitted":	false,
				"sender":	true
			}
		}, {
			"streams":	[{
					"socket":	6,
					"start":	110.000101,
					"end":	120.004385,
					"seconds":	10.004283905029297,
					"bytes":	60763872,
					"bits_per_second":	48590281.984663092,
					"packets":	41964,
					"omitted":	false,
					"sender":	true
				}],
			"sum":	{
				"start":	110.000101,
				"end":	120.004385,
				"seconds":	10.004283905029297,
				"bytes":	60763872,
				"bits_per_second":	48590281.984663092,
				"packets":	41964,
				"omitted":	false,
				"sender":	true
			}
		}, {
			"streams":	[{
					"socket":	6,
					"start":	120.004385,
					"end":	130.000127,
					"seconds":	9.9957418441772461,
					"bytes":	34478328,
					"bits_per_second":	27594412.530839365,
					"packets":	23811,
					"omitted":	false,
					"sender":	true
				}],
			"sum":	{
				"start":	120.004385,
				"end":	130.000127,
				"seconds":	9.9957418441772461,
				"bytes":	34478328,
				"bits_per_second":	27594412.530839365,
				"packets":	23811,
				"omitted":	false,
				"sender":	true
			}
		}, {
			"streams":	[{
					"socket":	6,
					"start":	130.000127,
					"end":	140.000096,
					"seconds":	9.9999685287475586,
					"bytes":	35838000,
					"bits_per_second":	28670490.229623564,
					"packets":	24750,
					"omitted":	false,
					"sender":	true
				}],
			"sum":	{
				"start":	130.000127,
				"end":	140.000096,
				"seconds":	9.9999685287475586,
				"bytes":	35838000,
				"bits_per_second":	28670490.229623564,
				"packets":	24750,
				"omitted":	false,
				"sender":	true
			}
		}, {
			"streams":	[{
					"socket":	6,
					"start":	140.000096,
					"end":	150.000082,
					"seconds":	9.9999856948852539,
					"bytes":	62649168,
					"bits_per_second":	50119406.096385524,
					"packets":	43266,
					"omitted":	false,
					"sender":	true
				}],
			"sum":	{
				"start":	140.000096,
				"end":	150.000082,