{
	"start":	{
		"connected":	[{
				"socket":	6,
				"local_host":	"10.20.15.3",
				"local_port":	58535,
				"remote_host":	"10.20.15.2",
				"remote_port":	5201
			}],
		"version":	"iperf 3.7",
		"system_info":	"Linux node2 5.8.0-1006-raspi #9-Ubuntu SMP PREEMPT Fri Oct 16 12:55:30 UTC 2020 aarch64",
		"timestamp":	{
			"time":	"Sun, 08 Aug 2021 10:37:41 GMT",
			"timesecs":	1628419061
		},
		"connecting_to":	{
			"host":	"10.20.15.2",
			"port":	5201
		},
		"cookie":	"45rf6ou3fx6xdl4aof4mwqlijm4sjwlbk2wa",
		"sock_bufsize":	0,
		"sndbuf_actual":	212992,
		"rcvbuf_actual":	212992,
		"test_start":	{
			"protocol":	"UDP",
			"num_streams":	1,
			"blksize":	1448,
			"omit":	0,
			"duration":	180,
			"bytes":	0,
			"blocks":	0,
			"reverse":	0,
			"tos":	0
		}
	},
	"intervals":	[{
			"streams":	[{
					"socket":	6,
					"start":	0,
					"end":	10.000088,
					"seconds":	10.000087738037109,
					"bytes":	42649392,
					"bits_per_second":	34119214.244711444,
					"packets":	29454,
					"omitted":	false,
					"sender":	true
				}],
			"sum":	{
				"start":	0,
				"end":	10.000088,
				"seconds":	10.000087738037109,
				"bytes":	42649392,
				"bits_per_second":	34119214.244711444,
				"packets":	29454,
				"omitted":	false,
				"sender":	true
			}
		}, {
			"streams":	[{
					"socket":	6,
					"start":	10.000088,
					"end":	20.000086,
					"seconds":	9.9999980926513672,
					"bytes":	42151280,
					"bits_per_second":	33721030.431776129,
					"packets":	29110,
					"omitted":	false,
					"sender":	true
				}],
			"sum":	{
				"start":	10.000088,
				"end":	20.000086,
				"seconds":	9.9999980926513672,
				"bytes":	42151280,
				"bits_per_second":	33721030.431776129,
				"packets":	29110,
				"omitted":	false,
				"sender":	true
			}
		}, {
			"streams":	[{
					"socket":	6,
					"start":	20.000086,
					"end":	30.000105,
					"seconds":	10.000019073486328,
					"bytes":	6019336,
					"bits_per_second":	4815459.6152396863,
					"packets":	4157,
					"omitted":	false,
					"sender":	true
				}],
			"sum":	{
				"start":	20.000086,
				"end":	30.000105,
				"seconds":	10.000019073486328,
				"bytes":	6019336,
				"bits_per_second":	4815459.6152396863,
				"packets":	4157,
				"omitted":	false,
				"sender":	true
			}
		}, {
			"streams":	[{
					"socket":	6,
					"start":	30.000105,
					"end":	40.000088,
					"seconds":	9.9999828338623047,
					"bytes":	38308288,
					"bits_per_second":	30646683.008518044,
					"packets":	26456,
					"omitted":	false,
					"sender":	true
				}],
			"sum":	{
				"start":	30.000105,
				"end":	40.000088,
				"seconds":	9.9999828338623047,
				"bytes":	38308288,
				"bits_per_second":	30646683.008518044,
				"packets":	26456,
				"omitted":	false,
				"sender":	true
			}
		}, {
			"streams":	[{
					"socket":	6,
					"start":	40.000088,
					"end":	50.000092,
					"seconds":	10.000003814697266,
					"bytes":	41656064,
					"bits_per_second":	33324838.487582974,
					"packets":	28768,
					"omitted":	false,
					"sender":	true
				}],
			"sum":	{
				"start":	40.000088,
				"end":	50.000092,
				"seconds":	10.000003814697266,
				"bytes":	41656064,
				"bits_per_second":	33324838.487582974,
				"packets":	28768,
				"omitted":	false,
				"sender":	true
			}
		}, {
			"streams":	[{
					"socket":	6,
					"start":	50.000092,
					"end":	60.0001,
					"seconds":	10.000007629394531,
					"bytes":	3465064,
					"bits_per_second":	2772049.0850943872,
					"packets":	2393,
					"omitted":	false,
					"sender":	true
				}],
			"sum":	{
				"start":	50.000092,
				"end":	60.0001,
				"seconds":	10.000007629394531,
				"bytes":	3465064,
				"bits_per_second":	2772049.0850943872,
				"packets":	2393,
				"omitted":	false,
				"sender":	true
			}
		}, {
			"streams":	[{
					"socket":	6,
					"start":	60.0001,
					"end":	70.00009,
					"seconds":	9.9999904632568359,
					"bytes":	40368792,
					"bits_per_second":	32295064.398973465,
					"packets":	27879,
					"omitted":	false,
					"sender":	true
				}],
			"sum":	{
				"start":	60.0001,
				"end":	70.00009,
				"seconds":	9.9999904632568359,
				"bytes":	40368792,
				"bits_per_second":	32295064.398973465,
				"packets":	27879,
				"omitted":	false,
				"sender":	true
			}
		}, {
			"streams":	[{
					"socket":	6,
					"start":	70.00009,
					"end":	80.004905,
					"seconds":	10.004815101623535,
					"bytes":	46459080,
					"bits_per_second":	37149376.197835647,
					"packets":	32085,
					"omitted":	false,
					"sender":	true
				}],
			"sum":	{
				"start":	70.00009,
				"end":	80.004905,
				"seconds":	10.004815101623535,
				"bytes":	46459080,
				"bits_per_second":	37149376.197835647,
				"packets":	32085,
				"omitted":	false,
				"sender":	true
			}
		}, {
			"streams":	[{
					"socket":	6,
					"start":	80.004905,
					"end":	90.000092,
					"seconds":	9.9951868057250977,
					"bytes":	7364528,
					"bits_per_second":	5894459.5178805105,
					"packets":	5086,
					"omitted":	false,
					"sender":	true
				}],
			"sum":	{
				"start":	80.004905,
				"end":	90.000092,
				"seconds":	9.9951868057250977,
				"bytes":	7364528,
				"bits_per_second":	5894459.5178805105,
				"packets":	5086,
				"omitted":	false,
				"sender":	true
			}
		}, {
			"streams":	[{
					"socket":	6,
					"start":	90.000092,
					"end":	100.000026,
					"seconds":	9.999934196472168,
					"bytes":	37317856,
					"bits_per_second":	29854481.253018804,
					"packets":	25772,
					"omitted":	false,
					"sender":	true
				}],
			"sum":	{
				"start":	90.000092,
				"end":	100.000026,
				"seconds":	9.999934196472168,
				"bytes":	37317856,
				"bits_per_second":	29854481.253018804,
				"packets":	25772,
				"omitted":	false,
				"sender":	true
			}
		}, {
			"streams":	[{
					"socket":	6,
					"start":	100.000026,
					"end":	110.000174,
					"seconds":	10.000147819519043,
					"bytes":	42167208,
					"bits_per_second":	33733267.756458446,
					"packets":	29121,
					"omitted":	false,
					"sender":	true
				}],
			"sum":	{
				"start":	100.000026,
				"end":	110.000174,
				"seconds":	10.000147819519043,
				"bytes":	42167208,
				"bits_per_second":	33733267.756458446,
				"packets":	29121,
				"omitted":	false,
				"sender":	true
			}
		}, {
			"streams":	[{
					"socket":	6,
					"start":	110.000174,
					"end":	120.000102,
					"seconds":	9.99992847442627,
					"bytes":	10276456,
					"bits_per_second":	8221223.6027734959,
					"packets":	7097,
					"omitted":	false,
					"sender":	true
				}],
			"sum":	{
				"start":	110.000174,
				"end":	120.000102,
				"seconds":	9.99992847442627,
				"bytes":	10276456,
				"bits_per_second":	8221223.6027734959,
				"packets":	7097,
				"omitted":	false,
				"sender":	true
			}
		}, {
			"streams":	[{
					"socket":	6,
					"start":	120.000102,
					"end":	130.000087,
					"seconds":	9.9999847412109375,
					"bytes":	33696408,
					"bits_per_second":	26957167.533373311,
					"packets":	23271,
					"omitted":	false,
					"sender":	true
				}],
			"sum":	{
				"start":	120.000102,
				"end":	130.000087,
				"seconds":	9.9999847412109375,
				"bytes":	33696408,
				"bits_per_second":	26957167.533373311,
				"packets":	23271,
				"omitted":	false,
				"sender":	true
			}
		}, {
			"streams":	[{
					"socket":	6,
					"start":	130.000087,
					"end":	140.000089,
					"seconds":	10.000001907348633,
					"bytes":	41713984,
					"bits_per_second":	33371180.834952384,
					"packets":	28808,
					"omitted":	false,
					"sender":	true
				}],
			"sum":	{
				"start":	130.000087,
				"end":	140.000089,
				"seconds":	10.000001907348633,
				"bytes":	41713984,
				"bits_per_second":	33371180.834952384,
				"packets":	28808,
				"omitted":	false,
				"sender":	true
			}
		}, {
			"streams":	[{
					"socket":	6,
					"start":	140.000089,
					"end":	150.000113,
					"seconds":	10.00002384185791,
					"bytes":	10277904,
					"bits_per_second":	8222303.596500596,
					"packets":	7098,
					"omitted":	false,
					"sender":	true
				}],
			"sum":	{
				"start":	140.000089,