{
	"start":	{
		"connected":	[{
				"socket":	6,
				"local_host":	"10.20.15.3",
				"local_port":	46276,
				"remote_host":	"10.20.15.2",
				"remote_port":	5201
			}],
		"version":	"iperf 3.7",
		"system_info":	"Linux node2 5.8.0-1006-raspi #9-Ubuntu SMP PREEMPT Fri Oct 16 12:55:30 UTC 2020 aarch64",
		"timestamp":	{
			"time":	"Sun, 08 Aug 2021 12:03:43 GMT",
			"timesecs":	1628424223
		},
		"connecting_to":	{
			"host":	"10.20.15.2",
			"port":	5201
		},
		"cookie":	"kvgsevi7uscyfz44hr67parpwl3c2jzgkrut",
		"sock_bufsize":	0,
		"sndbuf_actual":	212992,
		"rcvbuf_actual":	212992,
		"test_start":	{
			"protocol":	"UDP",
			"num_streams":	1,
			"blksize":	1448,
			"omit":	0,
			"duration":	180,
			"bytes":	0,
			"blocks":	0,
			"reverse":	0,
			"tos":	0
		}
	},
	"intervals":	[{
			"streams":	[{
					"socket":	6,
					"start":	0,
					"end":	10.000921,
					"seconds":	10.000921249389648,
					"bytes":	44255224,
					"bits_per_second":	35400917.892599843,
					"packets":	30563,
					"omitted":	false,
					"sender":	true
				}],
			"sum":	{
				"start":	0,
				"end":	10.000921,
				"seconds":	10.000921249389648,
				"bytes":	44255224,
				"bits_per_second":	35400917.892599843,
				"packets":	30563,
				"omitted":	false,
				"sender":	true
			}
		}, {
			"streams":	[{
					"socket":	6,
					"start":	10.000921,
					"end":	20.000078,
					"seconds":	9.9991569519042969,
					"bytes":	45756800,
					"bits_per_second":	36608526.27483625,
					"packets":	31600,
					"omitted":	false,
					"sender":	true
				}],
			"sum":	{
				"start":	10.000921,
				"end":	20.000078,
				"seconds":	9.9991569519042969,
				"bytes":	45756800,
				"bits_per_second":	36608526.27483625,
				"packets":	31600,
				"omitted":	false,
				"sender":	true
			}
		}, {
			"streams":	[{
					"socket":	6,
					"start":	20.000078,
					"end":	30.000076,
					"seconds":	9.9999980926513672,
					"bytes":	24636272,
					"bits_per_second":	19709021.359197494,
					"packets":	17014,
					"omitted":	false,
					"sender":	true
				}],
			"sum":	{
				"start":	20.000078,
				"end":	30.000076,
				"seconds":	9.9999980926513672,
				"bytes":	24636272,
				"bits_per_second":	19709021.359197494,
				"packets":	17014,
				"omitted":	false,
				"sender":	true
			}
		}, {
			"streams":	[{
					"socket":	6,
					"start":	30.000076,
					"end":	40.000052,
					"seconds":	9.99997615814209,
					"bytes":	21108944,
					"bits_per_second":	16887195.462211471,
					"packets":	14578,
					"omitted":	false,
					"sender":	true
				}],
			"sum":	{
				"start":	30.000076,
				"end":	40.000052,
				"seconds":	9.99997615814209,
				"bytes":	21108944,
				"bits_per_second":	16887195.462211471,
				"packets":	14578,
				"omitted":	false,
				"sender":	true
			}
		}, {
			"streams":	[{
					"socket":	6,
					"start":	40.000052,
					"end":	50.000135,
					"seconds":	10.000082969665527,
					"bytes":	45027008,
					"bits_per_second":	36021307.532416217,
					"packets":	31096,
					"omitted":	false,
					"sender":	true
				}],
			"sum":	{
				"start":	40.000052,
				"end":	50.000135,
				"seconds":	10.000082969665527,
				"bytes":	45027008,
				"bits_per_second":	36021307.532416217,
				"packets":	31096,
				"omitted":	false,
				"sender":	true
			}
		}, {
			"streams":	[{
					"socket":	6,
					"start":	50.000135,
					"end":	60.000092,
					"seconds":	9.9999570846557617,
					"bytes":	5719600,
					"bits_per_second":	4575699.6367725041,
					"packets":	3950,
					"omitted":	false,
					"sender":	true
				}],
			"sum":	{
				"start":	50.000135,
				"end":	60.000092,
				"seconds":	9.9999570846557617,
				"bytes":	5719600,
				"bits_per_second":	4575699.6367725041,
				"packets":	3950,
				"omitted":	false,
				"sender":	true
			}
		}, {
			"streams":	[{
					"socket":	6,
					"start":	60.000092,
					"end":	70.000114,
					"seconds":	10.000021934509277,
					"bytes":	42057160,
					"bits_per_second":	33645654.199908584,
					"packets":	29045,
					"omitted":	false,
					"sender":	true
				}],
			"sum":	{
				"start":	60.000092,
				"end":	70.000114,
				"seconds":	10.000021934509277,
				"bytes":	42057160,
				"bits_per_second":	33645654.199908584,
				"packets":	29045,
				"omitted":	false,
				"sender":	true
			}
		}, {
			"streams":	[{
					"socket":	6,
					"start":	70.000114,
					"end":	80.000102,
					"seconds":	9.9999876022338867,
					"bytes":	20874368,
					"bits_per_second":	16699515.103668246,
					"packets":	14416,
					"omitted":	false,
					"sender":	true
				}],
			"sum":	{
				"start":	70.000114,
				"end":	80.000102,
				"seconds":	9.9999876022338867,
				"bytes":	20874368,
				"bits_per_second":	16699515.103668246,
				"packets":	14416,
				"omitted":	false,
				"sender":	true
			}
		}, {
			"streams":	[{
					"socket":	6,
					"start":	80.000102,
					"end":	90.000089,
					"seconds":	9.99998664855957,
					"bytes":	23146280,
					"bits_per_second":	18517048.722927295,
					"packets":	15985,
					"omitted":	false,
					"sender":	true
				}],
			"sum":	{
				"start":	80.000102,
				"end":	90.000089,
				"seconds":	9.99998664855957,
				"bytes":	23146280,
				"bits_per_second":	18517048.722927295,
				"packets":	15985,
				"omitted":	false,
				"sender":	true
			}
		}, {
			"streams":	[{
					"socket":	6,
					"start":	90.000089,
					"end":	100.000082,
					"seconds":	9.9999933242797852,
					"bytes":	37575600,
					"bits_per_second":	30060500.067548797,
					"packets":	25950,
					"omitted":	false,
					"sender":	true
				}],
			"sum":	{
				"start":	90.000089,
				"end":	100.000082,
				"seconds":	9.9999933242797852,
				"bytes":	37575600,
				"bits_per_second":	30060500.067548797,
				"packets":	25950,
				"omitted":	false,
				"sender":	true
			}
		}, {
			"streams":	[{
					"socket":	6,
					"start":	100.000082,
					"end":	110.000097,
					"seconds":	10.000015258789062,
					"bytes":	9229552,
					"bits_per_second":	7383630.3334742226,
					"packets":	6374,
					"omitted":	false,
					"sender":	true
				}],
			"sum":	{
				"start":	100.000082,
				"end":	110.000097,
				"seconds":	10.000015258789062,
				"bytes":	9229552,
				"bits_per_second":	7383630.3334742226,
				"packets":	6374,
				"omitted":	false,
				"sender":	true
			}
		}, {
			"streams":	[{
					"socket":	6,
					"start":	110.000097,
					"end":	120.000077,
					"seconds":	9.9999799728393555,
					"bytes":	44320384,
					"bits_per_second":	35456378.209058225,
					"packets":	30608,
					"omitted":	false,
					"sender":	true
				}],
			"sum":	{
				"start":	110.000097,
				"end":	120.000077,
				"seconds":	9.9999799728393555,
				"bytes":	44320384,
				"bits_per_second":	35456378.209058225,
				"packets":	30608,
				"omitted":	false,
				"sender":	true
			}
		}, {
			"streams":	[{
					"socket":	6,
					"start":	120.000077,
					"end":	130.000093,
					"seconds":	10.000016212463379,
					"bytes":	17417992,
					"bits_per_second":	13934371.008952031,
					"packets":	12029,
					"omitted":	false,
					"sender":	true
				}],
			"sum":	{
				"start":	120.000077,
				"end":	130.000093,
				"seconds":	10.000016212463379,
				"bytes":	17417992,
				"bits_per_second":	13934371.008952031,
				"packets":	12029,
				"omitted":	false,
				"sender":	true
			}
		}, {
			"streams":	[{
					"socket":	6,
					"start":	130.000093,
					"end":	140.000081,
					"seconds":	9.9999876022338867,
					"bytes":	28262064,
					"bits_per_second":	22609679.2309515,
					"packets":	19518,
					"omitted":	false,
					"sender":	true
				}],
			"sum":	{
				"start":	130.000093,
				"end":	140.000081,
				"seconds":	9.9999876022338867,
				"bytes":	28262064,
				"bits_per_second":	22609679.2309515,
				"packets":	19518,
				"omitted":	false,
				"sender":	true
			}
		}, {
			"streams":	[{
					"socket":	6,
					"start":	140.000081,
					"end":	150.000088,
					"seconds":	10.000006675720215,
					"bytes":	32827608,
					"bits_per_second":	26262068.868177596,
					"packets":	22671,
					"omitted":	false,
					"sender":	true
				}],
			"sum":	{
				"start":	140.000081,