{
	"start":	{
		"connected":	[{
				"socket":	6,
				"local_host":	"10.20.15.3",
				"local_port":	57012,
				"remote_host":	"10.20.15.2",
				"remote_port":	5201
			}],
		"version":	"iperf 3.7",
		"system_info":	"Linux node2 5.8.0-1006-raspi #9-Ubuntu SMP PREEMPT Fri Oct 16 12:55:30 UTC 2020 aarch64",
		"timestamp":	{
			"time":	"Sun, 08 Aug 2021 10:25:31 GMT",
			"timesecs":	1628418331
		},
		"connecting_to":	{
			"host":	"10.20.15.2",
			"port":	5201
		},
		"cookie":	"mgsyowsimjuxupscoo7g6ugz6wij6im56c6k",
		"sock_bufsize":	0,
		"sndbuf_actual":	212992,
		"rcvbuf_actual":	212992,
		"test_start":	{
			"protocol":	"UDP",
			"num_streams":	1,
			"blksize":	1448,
			"omit":	0,
			"duration":	180,
			"bytes":	0,
			"blocks":	0,
			"reverse":	0,
			"tos":	0
		}
	},
	"intervals":	[{
			"streams":	[{
					"socket":	6,
					"start":	0,
					"end":	10.000088,
					"seconds":	10.000087738037109,
					"bytes":	42524864,
					"bits_per_second":	34019592.71877116,
					"packets":	29368,
					"omitted":	false,
					"sender":	true
				}],
			"sum":	{
				"start":	0,
				"end":	10.000088,
				"seconds":	10.000087738037109,
				"bytes":	42524864,
				"bits_per_second":	34019592.71877116,
				"packets":	29368,
				"omitted":	false,
				"sender":	true
			}
		}, {
			"streams":	[{
					"socket":	6,
					"start":	10.000088,
					"end":	20.000108,
					"seconds":	10.000020027160645,
					"bytes":	47025248,
					"bits_per_second":	37620123.0575752,
					"packets":	32476,
					"omitted":	false,
					"sender":	true
				}],
			"sum":	{
				"start":	10.000088,
				"end":	20.000108,
				"seconds":	10.000020027160645,
				"bytes":	47025248,
				"bits_per_second":	37620123.0575752,
				"packets":	32476,
				"omitted":	false,
				"sender":	true
			}
		}, {
			"streams":	[{
					"socket":	6,
					"start":	20.000108,
					"end":	30.000088,
					"seconds":	9.9999799728393555,
					"bytes":	25367512,
					"bits_per_second":	20294050.243220434,
					"packets":	17519,
					"omitted":	false,
					"sender":	true
				}],
			"sum":	{
				"start":	20.000108,
				"end":	30.000088,
				"seconds":	9.9999799728393555,
				"bytes":	25367512,
				"bits_per_second":	20294050.243220434,
				"packets":	17519,
				"omitted":	false,
				"sender":	true
			}
		}, {
			"streams":	[{
					"socket":	6,
					"start":	30.000088,
					"end":	40.000094,
					"seconds":	10.000005722045898,
					"bytes":	10185232,
					"bits_per_second":	8148180.9375734683,
					"packets":	7034,
					"omitted":	false,
					"sender":	true
				}],
			"sum":	{
				"start":	30.000088,
				"end":	40.000094,
				"seconds":	10.000005722045898,
				"bytes":	10185232,
				"bits_per_second":	8148180.9375734683,
				"packets":	7034,
				"omitted":	false,
				"sender":	true
			}
		}, {
			"streams":	[{
					"socket":	6,
					"start":	40.000094,
					"end":	50.000034,
					"seconds":	9.9999399185180664,
					"bytes":	28531392,
					"bits_per_second":	22825250.737488981,
					"packets":	19704,
					"omitted":	false,
					"sender":	true
				}],
			"sum":	{
				"start":	40.000094,
				"end":	50.000034,
				"seconds":	9.9999399185180664,
				"bytes":	28531392,
				"bits_per_second":	22825250.737488981,
				"packets":	19704,
				"omitted":	false,
				"sender":	true
			}
		}, {
			"streams":	[{
					"socket":	6,
					"start":	50.000034,
					"end":	60.000327,
					"seconds":	10.000292778015137,
					"bytes":	41874712,
					"bits_per_second":	33498788.829109713,
					"packets":	28919,
					"omitted":	false,
					"sender":	true
				}],
			"sum":	{
				"start":	50.000034,
				"end":	60.000327,
				"seconds":	10.000292778015137,
				"bytes":	41874712,
				"bits_per_second":	33498788.829109713,
				"packets":	28919,
				"omitted":	false,
				"sender":	true
			}
		}, {
			"streams":	[{
					"socket":	6,
					"start":	60.000327,
					"end":	70.000134,
					"seconds":	9.9998073577880859,
					"bytes":	48896064,
					"bits_per_second":	39117604.770190768,
					"packets":	33768,
					"omitted":	false,
					"sender":	true
				}],
			"sum":	{
				"start":	60.000327,
				"end":	70.000134,
				"seconds":	9.9998073577880859,
				"bytes":	48896064,
				"bits_per_second":	39117604.770190768,
				"packets":	33768,
				"omitted":	false,
				"sender":	true
			}
		}, {
			"streams":	[{
					"socket":	6,
					"start":	70.000134,
					"end":	80.000085,
					"seconds":	9.9999513626098633,
					"bytes":	22263000,
					"bits_per_second":	17810486.625558652,
					"packets":	15375,
					"omitted":	false,
					"sender":	true
				}],
			"sum":	{
				"start":	70.000134,
				"end":	80.000085,
				"seconds":	9.9999513626098633,
				"bytes":	22263000,
				"bits_per_second":	17810486.625558652,
				"packets":	15375,
				"omitted":	false,
				"sender":	true
			}
		}, {
			"streams":	[{
					"socket":	6,
					"start":	80.000085,
					"end":	90.000102,
					"seconds":	10.000017166137695,
					"bytes":	6526136,
					"bits_per_second":	5220899.8377314489,
					"packets":	4507,
					"omitted":	false,
					"sender":	true
				}],
			"sum":	{
				"start":	80.000085,
				"end":	90.000102,
				"seconds":	10.000017166137695,
				"bytes":	6526136,
				"bits_per_second":	5220899.8377314489,
				"packets":	4507,
				"omitted":	false,
				"sender":	true
			}
		}, {
			"streams":	[{
					"socket":	6,
					"start":	90.000102,
					"end":	100.00008,
					"seconds":	9.9999780654907227,
					"bytes":	35486136,
					"bits_per_second":	28388971.069814932,
					"packets":	24507,
					"omitted":	false,
					"sender":	true
				}],
			"sum":	{
				"start":	90.000102,
				"end":	100.00008,
				"seconds":	9.9999780654907227,
				"bytes":	35486136,
				"bits_per_second":	28388971.069814932,
				"packets":	24507,
				"omitted":	false,
				"sender":	true
			}
		}, {
			"streams":	[{
					"socket":	6,
					"start":	100.00008,
					"end":	110.000127,
					"seconds":	10.000046730041504,
					"bytes":	39468136,
					"bits_per_second":	31574361.252878819,
					"packets":	27257,
					"omitted":	false,
					"sender":	true
				}],
			"sum":	{
				"start":	100.00008,
				"end":	110.000127,
				"seconds":	10.000046730041504,
				"bytes":	39468136,
				"bits_per_second":	31574361.252878819,
				"packets":	27257,
				"omitted":	false,
				"sender":	true
			}
		}, {
			"streams":	[{
					"socket":	6,
					"start":	110.000127,
					"end":	120.000103,
					"seconds":	9.99997615814209,
					"bytes":	44316040,
					"bits_per_second":	35452916.526339829,
					"packets":	30605,
					"omitted":	false,
					"sender":	true
				}],
			"sum":	{
				"start":	110.000127,
				"end":	120.000103,
				"seconds":	9.99997615814209,
				"bytes":	44316040,
				"bits_per_second":	35452916.526339829,
				"packets":	30605,
				"omitted":	false,
				"sender":	true
			}
		}, {
			"streams":	[{
					"socket":	6,
					"start":	120.000103,
					"end":	130.000095,
					"seconds":	9.9999923706054688,
					"bytes":	17483152,
					"bits_per_second":	13986532.270877281,
					"packets":	12074,
					"omitted":	false,
					"sender":	true
				}],
			"sum":	{
				"start":	120.000103,
				"end":	130.000095,
				"seconds":	9.9999923706054688,
				"bytes":	17483152,
				"bits_per_second":	13986532.270877281,
				"packets":	12074,
				"omitted":	false,
				"sender":	true
			}
		}, {
			"streams":	[{
					"socket":	6,
					"start":	130.000095,
					"end":	140.000098,
					"seconds":	10.000002861022949,
					"bytes":	5745664,
					"bits_per_second":	4596529.8849222511,
					"packets":	3968,
					"omitted":	false,
					"sender":	true
				}],
			"sum":	{
				"start":	130.000095,
				"end":	140.000098,
				"seconds":	10.000002861022949,
				"bytes":	5745664,
				"bits_per_second":	4596529.8849222511,
				"packets":	3968,
				"omitted":	false,
				"sender":	true
			}
		}, {
			"streams":	[{
					"socket":	6,
					"start":	140.000098,
					"end":	150.000091,
					"seconds":	9.9999933242797852,
					"bytes":	40551240,
					"bits_per_second":	32441013.656713065,
					"packets":	28005,
					"omitted":	false,
					"sender":	true
				}],
			"sum":	{
				"start":	140.000098,