{
	"start":	{
		"connected":	[{
				"socket":	6,
				"local_host":	"10.20.15.3",
				"local_port":	54053,
				"remote_host":	"10.20.15.2",
				"remote_port":	5201
			}],
		"version":	"iperf 3.7",
		"system_info":	"Linux node2 5.8.0-1006-raspi #9-Ubuntu SMP PREEMPT Fri Oct 16 12:55:30 UTC 2020 aarch64",
		"timestamp":	{
			"time":	"Sun, 08 Aug 2021 12:12:50 GMT",
			"timesecs":	1628424770
		},
		"connecting_to":	{
			"host":	"10.20.15.2",
			"port":	5201
		},
		"cookie":	"sif6n6ogwppto76nge253wukh2qcrfieenpz",
		"sock_bufsize":	0,
		"sndbuf_actual":	212992,
		"rcvbuf_actual":	212992,
		"test_start":	{
			"protocol":	"UDP",
			"num_streams":	1,
			"blksize":	1448,
			"omit":	0,
			"duration":	180,
			"bytes":	0,
			"blocks":	0,
			"reverse":	0,
			"tos":	0
		}
	},
	"intervals":	[{
			"streams":	[{
					"socket":	6,
					"start":	0,
					"end":	10.000083,
					"seconds":	10.000082969665527,
					"bytes":	44010512,
					"bits_per_second":	35208117.479426891,
					"packets":	30394,
					"omitted":	false,
					"sender":	true
				}],
			"sum":	{
				"start":	0,
				"end":	10.000083,
				"seconds":	10.000082969665527,
				"bytes":	44010512,
				"bits_per_second":	35208117.479426891,
				"packets":	30394,
				"omitted":	false,
				"sender":	true
			}
		}, {
			"streams":	[{
					"socket":	6,
					"start":	10.000083,
					"end":	20.000104,
					"seconds":	10.000020980834961,
					"bytes":	45267376,
					"bits_per_second":	36213824.820371814,
					"packets":	31262,
					"omitted":	false,
					"sender":	true
				}],
			"sum":	{
				"start":	10.000083,
				"end":	20.000104,
				"seconds":	10.000020980834961,
				"bytes":	45267376,
				"bits_per_second":	36213824.820371814,
				"packets":	31262,
				"omitted":	false,
				"sender":	true
			}
		}, {
			"streams":	[{
					"socket":	6,
					"start":	20.000104,
					"end":	30.000085,
					"seconds":	9.9999809265136719,
					"bytes":	26139296,
					"bits_per_second":	20911476.685476467,
					"packets":	18052,
					"omitted":	false,
					"sender":	true
				}],
			"sum":	{
				"start":	20.000104,
				"end":	30.000085,
				"seconds":	9.9999809265136719,
				"bytes":	26139296,
				"bits_per_second":	20911476.685476467,
				"packets":	18052,
				"omitted":	false,
				"sender":	true
			}
		}, {
			"streams":	[{
					"socket":	6,
					"start":	30.000085,
					"end":	40.000041,
					"seconds":	9.9999561309814453,
					"bytes":	17368760,
					"bits_per_second":	13895068.956303786,
					"packets":	11995,
					"omitted":	false,
					"sender":	true
				}],
			"sum":	{
				"start":	30.000085,
				"end":	40.000041,
				"seconds":	9.9999561309814453,
				"bytes":	17368760,
				"bits_per_second":	13895068.956303786,
				"packets":	11995,
				"omitted":	false,
				"sender":	true
			}
		}, {
			"streams":	[{
					"socket":	6,
					"start":	40.000041,
					"end":	50.000132,
					"seconds":	10.000090599060059,
					"bytes":	46556096,
					"bits_per_second":	37244539.367974095,
					"packets":	32152,
					"omitted":	false,
					"sender":	true
				}],
			"sum":	{
				"start":	40.000041,
				"end":	50.000132,
				"seconds":	10.000090599060059,
				"bytes":	46556096,
				"bits_per_second":	37244539.367974095,
				"packets":	32152,
				"omitted":	false,
				"sender":	true
			}
		}, {
			"streams":	[{
					"socket":	6,
					"start":	50.000132,
					"end":	60.00008,
					"seconds":	9.9999475479125977,
					"bytes":	4934784,
					"bits_per_second":	3947847.9072863483,
					"packets":	3408,
					"omitted":	false,
					"sender":	true
				}],
			"sum":	{
				"start":	50.000132,
				"end":	60.00008,
				"seconds":	9.9999475479125977,
				"bytes":	4934784,
				"bits_per_second":	3947847.9072863483,
				"packets":	3408,
				"omitted":	false,
				"sender":	true
			}
		}, {
			"streams":	[{
					"socket":	6,
					"start":	60.00008,
					"end":	70.000066,
					"seconds":	9.9999856948852539,
					"bytes":	38661600,
					"bits_per_second":	30929324.244753234,
					"packets":	26700,
					"omitted":	false,
					"sender":	true
				}],
			"sum":	{
				"start":	60.00008,
				"end":	70.000066,
				"seconds":	9.9999856948852539,
				"bytes":	38661600,
				"bits_per_second":	30929324.244753234,
				"packets":	26700,
				"omitted":	false,
				"sender":	true
			}
		}, {
			"streams":	[{
					"socket":	6,
					"start":	70.000066,
					"end":	80.000099,
					"seconds":	10.000033378601074,
					"bytes":	21805432,
					"bits_per_second":	17444287.373409074,
					"packets":	15059,
					"omitted":	false,
					"sender":	true
				}],
			"sum":	{
				"start":	70.000066,
				"end":	80.000099,
				"seconds":	10.000033378601074,
				"bytes":	21805432,
				"bits_per_second":	17444287.373409074,
				"packets":	15059,
				"omitted":	false,
				"sender":	true
			}
		}, {
			"streams":	[{
					"socket":	6,
					"start":	80.000099,
					"end":	90.000088,
					"seconds":	9.9999885559082031,
					"bytes":	21715656,
					"bits_per_second":	17372544.681299608,
					"packets":	14997,
					"omitted":	false,
					"sender":	true
				}],
			"sum":	{
				"start":	80.000099,
				"end":	90.000088,
				"seconds":	9.9999885559082031,
				"bytes":	21715656,
				"bits_per_second":	17372544.681299608,
				"packets":	14997,
				"omitted":	false,
				"sender":	true
			}
		}, {
			"streams":	[{
					"socket":	6,
					"start":	90.000088,
					"end":	100.000109,
					"seconds":	10.000020980834961,
					"bytes":	40748168,
					"bits_per_second":	32598466.005696476,
					"packets":	28141,
					"omitted":	false,
					"sender":	true
				}],
			"sum":	{
				"start":	90.000088,
				"end":	100.000109,
				"seconds":	10.000020980834961,
				"bytes":	40748168,
				"bits_per_second":	32598466.005696476,
				"packets":	28141,
				"omitted":	false,
				"sender":	true
			}
		}, {
			"streams":	[{
					"socket":	6,
					"start":	100.000109,
					"end":	110.00038,
					"seconds":	10.000270843505859,
					"bytes":	7771416,
					"bits_per_second":	6216964.417556135,
					"packets":	5367,
					"omitted":	false,
					"sender":	true
				}],
			"sum":	{
				"start":	100.000109,
				"end":	110.00038,
				"seconds":	10.000270843505859,
				"bytes":	7771416,
				"bits_per_second":	6216964.417556135,
				"packets":	5367,
				"omitted":	false,
				"sender":	true
			}
		}, {
			"streams":	[{
					"socket":	6,
					"start":	110.00038,
					"end":	120.000022,
					"seconds":	9.9996423721313477,
					"bytes":	44631704,
					"bits_per_second":	35706640.168962039,
					"packets":	30823,
					"omitted":	false,
					"sender":	true
				}],
			"sum":	{
				"start":	110.00038,
				"end":	120.000022,
				"seconds":	9.9996423721313477,
				"bytes":	44631704,
				"bits_per_second":	35706640.168962039,
				"packets":	30823,
				"omitted":	false,
				"sender":	true
			}
		}, {
			"streams":	[{
					"socket":	6,
					"start":	120.000022,
					"end":	130.0001,
					"seconds":	10.000078201293945,
					"bytes":	18863096,
					"bits_per_second":	15090358.791441642,
					"packets":	13027,
					"omitted":	false,
					"sender":	true
				}],
			"sum":	{
				"start":	120.000022,
				"end":	130.0001,
				"seconds":	10.000078201293945,
				"bytes":	18863096,
				"bits_per_second":	15090358.791441642,
				"packets":	13027,
				"omitted":	false,
				"sender":	true
			}
		}, {
			"streams":	[{
					"socket":	6,
					"start":	130.0001,
					"end":	140.000089,
					"seconds":	9.9999885559082031,
					"bytes":	24152640,
					"bits_per_second":	19322134.112427648,
					"packets":	16680,
					"omitted":	false,
					"sender":	true
				}],
			"sum":	{
				"start":	130.0001,
				"end":	140.000089,
				"seconds":	9.9999885559082031,
				"bytes":	24152640,
				"bits_per_second":	19322134.112427648,
				"packets":	16680,
				"omitted":	false,
				"sender":	true
			}
		}, {
			"streams":	[{
					"socket":	6,
					"start":	140.000089,
					"end":	150.000081,
					"seconds":	9.9999923706054688,
					"bytes":	36767616,
					"bits_per_second":	29414115.241188996,
					"packets":	25392,
					"omitted":	false,
					"sender":	true
				}],
			"sum":	{
				"start":	140.000089,